prediction_group,feature,mean_abs_attribution,seed
TP,Protocol_Modbus/TCP,0.4027694165706634,123
TP,Protocol_TCP,0.2955141067504883,123
TP,Tcp_flags_reset_Not set,0.2644901275634765,123
TP,ip_len,0.2508267760276794,123
TP,frame_len,0.2114773243665695,123
TP,Tcp_analysis_flags_missing,0.204646036028862,123
TP,Frame_time_delta,0.1496190577745437,123
TP,Http_response_code_missing,0.1141355261206626,123
TP,Tls_record_missing,0.1036334559321403,123
TP,tls_handshake_missing,0.0922779589891433,123
TP,Time_response_missing,0.0914215147495269,123
TP,Icmp_code_missing,0.0903659537434578,123
TP,Http_request_method_missing,0.0809762924909591,123
TP,Tcp_hdr_len,0.0752577930688858,123
TP,http_accept_*/*,0.0632236003875732,123
TP,Http_user_agent_python-requests/2.32.3,0.0589168556034565,123
TP,Http_request_uri_query_missing,0.0536394752562046,123
TP,Tcp_analysis_flags_â\234\223,0.0521279387176036,123
TP,Tcp_flags_reset_missing,0.0506791211664676,123
TP,Protocol_UDP,0.0467361025512218,123
TP,Tcp_len,0.0464322343468666,123
TP,ip_ttl,0.0462807193398475,123
TP,Http_user_agent_missing,0.0430291555821895,123
TP,http_accept_missing,0.0356336124241352,123
TP,Http_request_method_POST,0.0263710971921682,123
TP,Protocol_ICMP,0.0248217526823282,123
TP,Icmp_type_missing,0.0212527085095644,123
TP,Icmp_type_3,0.0160281341522932,123
TP,Icmp_code_3,0.0160262584686279,123
TP,Http_user_agent_Mozilla/5.0 (Windows NT 10.0; WOW64; rv:53.0) Gecko/20100101 Firefox/53.0,0.0141851045191288,123
TP,Icmp_type_8,0.0121851498261094,123
TP,Udp_length,0.011994601227343,123
TP,Http_request_method_GET,0.0080596460029482,123
TP,Protocol_HTTP,0.0053735948167741,123
TP,"Http_user_agent_Mozilla/5.0 (Windows NT 10.0; Win64; x64) AppleWebKit/537.36 (KHTML, like Gecko) Chrome/58.0.3029.110 Safari/537.36",0.0051170280203223,123
TP,Icmp_type_0,0.0019681784324347,123
TP,Icmp_code_0,0.0011726458324119,123
TP,Http_time,0.0007462198846042,123
TP,Tcp_window_size,0.0006768367020413,123
TP,Http_content_length,7.586179708596319e-05,123
TP,Protocol_TIPC,4.635614459402859e-06,123
TP,Protocol_0x8dcc,3.259058871663001e-07,123
TP,Protocol_0x000d,0.0,123
TP,Protocol_0xca0a,0.0,123
TP,Protocol_5co-legacy,0.0,123
TP,Protocol_5co-rap,0.0,123
TP,Protocol_? KNXnet/IP,0.0,123
TP,Protocol_A21,0.0,123
TP,Protocol_AC DR,0.0,123
TP,Protocol_ADP,0.0,123
TP,Protocol_ALLJOYN-ARDP,0.0,123
TP,Protocol_ALLJOYN-NS,0.0,123
TP,Protocol_AMT,0.0,123
TP,Protocol_ANSI C12.22,0.0,123
TP,Protocol_AODV,0.0,123
TP,Protocol_ASTERIX,0.0,123
TP,Protocol_AYIYA,0.0,123
TP,Protocol_Auto-RP,0.0,123
TP,Protocol_BAT_BATMAN,0.0,123
TP,Protocol_BAT_GW,0.0,123
TP,Protocol_BAT_VIS,0.0,123
TP,Protocol_BFD Control,0.0,123
TP,Protocol_BFD Echo,0.0,123
TP,Protocol_BOOTP,0.0,123
TP,Protocol_CAPWAP-Control,0.0,123
TP,Protocol_CAPWAP-Data,0.0,123
TP,Protocol_CIP I/O,0.0,123
TP,Protocol_CLDAP,0.0,123
TP,Protocol_CN/IP,0.0,123
TP,Protocol_CUPS,0.0,123
TP,Protocol_Chargen,0.0,123
TP,Protocol_CoAP,0.0,123
TP,Protocol_DAYTIME,0.0,123
TP,Protocol_DB-LSP-DISC,0.0,123
TP,Protocol_DCC,0.0,123
TP,Protocol_DHCP,0.0,123
TP,Protocol_DHCPv6,0.0,123
TP,Protocol_DIS,0.0,123
TP,Protocol_DISCARD,0.0,123
TP,Protocol_DLEP,0.0,123
TP,Protocol_DMP,0.0,123
TP,Protocol_DNPv14,0.0,123
TP,Protocol_DNS,0.0,123
TP,Protocol_DPNET,0.0,123
TP,Protocol_DTLS,0.0,123
TP,Protocol_EAPOL,0.0,123
TP,Protocol_ECHO,0.0,123
TP,Protocol_ECMP,0.0,123
TP,Protocol_ENIP,0.0,123
TP,Protocol_ENRP,0.0,123
TP,Protocol_ESP,0.0,123
TP,Protocol_Elasticsearch,0.0,123
TP,Protocol_FIND,0.0,123
TP,Protocol_GPRS-NS,0.0,123
TP,Protocol_GSMTAP,0.0,123
TP,Protocol_Geneve,0.0,123
TP,Protocol_H.225.0,0.0,123
TP,Protocol_H.248,0.0,123
TP,Protocol_HCrt,0.0,123
TP,Protocol_HICP,0.0,123
TP,Protocol_HiQnet,0.0,123
TP,Protocol_IAPP,0.0,123
TP,Protocol_IAX2,0.0,123
TP,Protocol_ICMPv6,0.0,123
TP,Protocol_ICP,0.0,123
TP,Protocol_IDN,0.0,123
TP,Protocol_IEEE1722,0.0,123
TP,Protocol_IGMPv3,0.0,123
TP,Protocol_IPVS,0.0,123
TP,Protocol_IPX,0.0,123
TP,Protocol_IPv6,0.0,123
TP,Protocol_ISAKMP,0.0,123
TP,Protocol_KDP,0.0,123
TP,Protocol_KINK,0.0,123
TP,Protocol_KNET,0.0,123
TP,Protocol_KPASSWD,0.0,123
TP,Protocol_L2TP,0.0,123
TP,Protocol_LISP,0.0,123
TP,Protocol_LLC,0.0,123
TP,Protocol_LLMNR,0.0,123
TP,Protocol_LLS,0.0,123
TP,Protocol_LMP,0.0,123
TP,Protocol_LTP,0.0,123
TP,Protocol_LWAPP,0.0,123
TP,Protocol_MANOLITO,0.0,123
TP,Protocol_MDNS,0.0,123
TP,Protocol_MEMCACHE,0.0,123
TP,Protocol_MIH,0.0,123
TP,Protocol_MINT,0.0,123
TP,Protocol_MIPv6,0.0,123
TP,Protocol_MPLS,0.0,123
TP,Protocol_MSMMS,0.0,123
TP,Protocol_MSproxy,0.0,123
TP,Protocol_MobileIP,0.0,123
TP,Protocol_NBDS,0.0,123
TP,Protocol_NBNS,0.0,123
TP,Protocol_NCP,0.0,123
TP,Protocol_NTP,0.0,123
TP,Protocol_Nano,0.0,123
TP,Protocol_OCSP,0.0,123
TP,Protocol_OpenVPN,0.0,123
TP,Protocol_PFCP,0.0,123
TP,Protocol_PKTC,0.0,123
TP,Protocol_PN-RTC3,0.0,123
TP,Protocol_PTPv2,0.0,123
TP,Protocol_QUAKE,0.0,123
TP,Protocol_QUAKE2,0.0,123
TP,Protocol_QUAKE3,0.0,123
TP,Protocol_QUAKEWORLD,0.0,123
TP,Protocol_QUIC,0.0,123
TP,Protocol_RDPUDP,0.0,123
TP,Protocol_RDT,0.0,123
TP,Protocol_RIP,0.0,123
TP,Protocol_RIPng,0.0,123
TP,Protocol_RPC,0.0,123
TP,Protocol_RRoCE,0.0,123
TP,Protocol_RSIP,0.0,123
TP,Protocol_RSVP,0.0,123
TP,Protocol_RakNet,0.0,123
TP,Protocol_SABP,0.0,123
TP,Protocol_SAP,0.0,123
TP,Protocol_SCoP,0.0,123
TP,Protocol_SEBEK,0.0,123
TP,Protocol_SRVLOC,0.0,123
TP,Protocol_Syslog,0.0,123
TP,Protocol_TETRA,0.0,123
TP,Protocol_TFTP,0.0,123
TP,Protocol_TIME,0.0,123
TP,Protocol_TLSv1.2,0.0,123
TP,Protocol_TLSv1.3,0.0,123
TP,Protocol_TPCP,0.0,123
TP,Protocol_TPKT,0.0,123
TP,Protocol_TRDP,0.0,123
TP,Protocol_TS2,0.0,123
TP,Protocol_TSP,0.0,123
TP,Protocol_TZSP,0.0,123
TP,Protocol_UAUDP,0.0,123
TP,Protocol_ULP,0.0,123
TP,Protocol_VITA 49,0.0,123
TP,Protocol_VMWARE-HB,0.0,123
TP,Protocol_Vuze-DHT,0.0,123
TP,Protocol_VxLAN,0.0,123
TP,Protocol_WHO,0.0,123
TP,Protocol_WLCCP,0.0,123
TP,Protocol_WSP,0.0,123
TP,Protocol_WTLS+WSP,0.0,123
TP,Protocol_WTLS+WTP+WSP,0.0,123
TP,Protocol_WTP+WSP,0.0,123
TP,Protocol_XTACACS,0.0,123
TP,Protocol_XYPLEX,0.0,123
TP,Protocol_Z21,0.0,123
TP,Protocol_collectd,0.0,123
TP,Protocol_iPerf3,0.0,123
TP,Protocol_lw_res,0.0,123
TP,Protocol_openSAFETY over UDP,0.0,123
TP,Http_response_code_200,0.0,123
TP,"Http_response_code_200,200",0.0,123
TP,Http_response_code_204,0.0,123
TP,Http_response_code_304,0.0,123
TP,Http_response_code_404,0.0,123
TP,Tcp_flags_reset_Set,0.0,123
TP,http_accept_text/*,0.0,123
TP,Http_user_agent_Debian APT-HTTP/1.3 (2.4.9),0.0,123
TP,"Http_user_agent_Mozilla/5.0 (Macintosh; Intel Mac OS X 10_15_7) AppleWebKit/605.1.15 (KHTML, like Gecko) Version/14.1.1 Safari/605.1.15",0.0,123
TP,"Http_user_agent_Mozilla/5.0 (Windows NT 10.0; Win64; x64) AppleWebKit/537.36 (KHTML, like Gecko) Chrome/91.0.4472.124 Safari/537.36",0.0,123
TP,Http_user_agent_Mozilla/5.0 (X11; Linux x86_64; rv:128.0) Gecko/20100101 Firefox/128.0,0.0,123
TP,Http_user_agent_Mozilla/5.0 (X11; Ubuntu; Linux x86_64; rv:89.0) Gecko/20100101 Firefox/89.0,0.0,123
TP,Http_user_agent_Mozilla/5.0 (compatible; Nmap Scripting Engine; https://nmap.org/book/nse.html),0.0,123
TP,Tls_record_â\234\223,0.0,123
TP,tls_handshake_â\234\223,0.0,123
TP,Http_request_uri_query_ipv4,0.0,123
TP,Time_response_Request,0.0,123
FP,Protocol_Modbus/TCP,1.1638473272323608,123
FP,Tcp_flags_reset_Not set,0.4265790581703186,123
FP,Protocol_TCP,0.3849297165870666,123
FP,ip_len,0.3649930655956268,123
FP,frame_len,0.318797618150711,123
FP,Tcp_analysis_flags_missing,0.2946911752223968,123
FP,Http_request_method_missing,0.1482211351394653,123
FP,Http_response_code_missing,0.1451746374368667,123
FP,Frame_time_delta,0.137989342212677,123
FP,Tls_record_missing,0.1328377872705459,123
FP,Icmp_code_missing,0.1189201772212982,123
FP,tls_handshake_missing,0.1162197738885879,123
FP,Time_response_missing,0.1128083541989326,123
FP,Tcp_hdr_len,0.0863806307315826,123
FP,ip_ttl,0.0785372778773307,123
FP,Http_user_agent_missing,0.0771269127726554,123
FP,http_accept_missing,0.0721196606755256,123
FP,Tcp_len,0.0605535879731178,123
FP,Http_request_uri_query_missing,0.0513499788939952,123
FP,Tcp_flags_reset_missing,0.0234547611325979,123
FP,Icmp_type_missing,0.0232619438320398,123
FP,Icmp_type_0,0.0214543621987104,123
FP,Udp_length,0.015339070931077,123
FP,Protocol_ICMP,0.0145198153331875,123
FP,Tcp_window_size,0.0026429670397192,123
FP,Protocol_ICMPv6,0.0023981456179171,123
FP,http_accept_*/*,0.0021129988599568,123
FP,"Http_user_agent_Mozilla/5.0 (Windows NT 10.0; Win64; x64) AppleWebKit/537.36 (KHTML, like Gecko) Chrome/91.0.4472.124 Safari/537.36",0.0012653347803279,123
FP,Http_time,0.0010666594607755,123
FP,Http_request_method_GET,0.0007492271834053,123
FP,Icmp_code_0,0.0005350288702175,123
FP,Protocol_HTTP,0.0001974961342057,123
FP,Http_content_length,9.292321192333476e-05,123
FP,Protocol_0x000d,0.0,123
FP,Protocol_0x8dcc,0.0,123
FP,Protocol_0xca0a,0.0,123
FP,Protocol_5co-legacy,0.0,123
FP,Protocol_5co-rap,0.0,123
FP,Protocol_? KNXnet/IP,0.0,123
FP,Protocol_A21,0.0,123
FP,Protocol_AC DR,0.0,123
FP,Protocol_ADP,0.0,123
FP,Protocol_ALLJOYN-ARDP,0.0,123
FP,Protocol_ALLJOYN-NS,0.0,123
FP,Protocol_AMT,0.0,123
FP,Protocol_ANSI C12.22,0.0,123
FP,Protocol_AODV,0.0,123
FP,Protocol_ASTERIX,0.0,123
FP,Protocol_AYIYA,0.0,123
FP,Protocol_Auto-RP,0.0,123
FP,Protocol_BAT_BATMAN,0.0,123
FP,Protocol_BAT_GW,0.0,123
FP,Protocol_BAT_VIS,0.0,123
FP,Protocol_BFD Control,0.0,123
FP,Protocol_BFD Echo,0.0,123
FP,Protocol_BOOTP,0.0,123
FP,Protocol_CAPWAP-Control,0.0,123
FP,Protocol_CAPWAP-Data,0.0,123
FP,Protocol_CIP I/O,0.0,123
FP,Protocol_CLDAP,0.0,123
FP,Protocol_CN/IP,0.0,123
FP,Protocol_CUPS,0.0,123
FP,Protocol_Chargen,0.0,123
FP,Protocol_CoAP,0.0,123
FP,Protocol_DAYTIME,0.0,123
FP,Protocol_DB-LSP-DISC,0.0,123
FP,Protocol_DCC,0.0,123
FP,Protocol_DHCP,0.0,123
FP,Protocol_DHCPv6,0.0,123
FP,Protocol_DIS,0.0,123
FP,Protocol_DISCARD,0.0,123
FP,Protocol_DLEP,0.0,123
FP,Protocol_DMP,0.0,123
FP,Protocol_DNPv14,0.0,123
FP,Protocol_DNS,0.0,123
FP,Protocol_DPNET,0.0,123
FP,Protocol_DTLS,0.0,123
FP,Protocol_EAPOL,0.0,123
FP,Protocol_ECHO,0.0,123
FP,Protocol_ECMP,0.0,123
FP,Protocol_ENIP,0.0,123
FP,Protocol_ENRP,0.0,123
FP,Protocol_ESP,0.0,123
FP,Protocol_Elasticsearch,0.0,123
FP,Protocol_FIND,0.0,123
FP,Protocol_GPRS-NS,0.0,123
FP,Protocol_GSMTAP,0.0,123
FP,Protocol_Geneve,0.0,123
FP,Protocol_H.225.0,0.0,123
FP,Protocol_H.248,0.0,123
FP,Protocol_HCrt,0.0,123
FP,Protocol_HICP,0.0,123
FP,Protocol_HiQnet,0.0,123
FP,Protocol_IAPP,0.0,123
FP,Protocol_IAX2,0.0,123
FP,Protocol_ICP,0.0,123
FP,Protocol_IDN,0.0,123
FP,Protocol_IEEE1722,0.0,123
FP,Protocol_IGMPv3,0.0,123
FP,Protocol_IPVS,0.0,123
FP,Protocol_IPX,0.0,123
FP,Protocol_IPv6,0.0,123
FP,Protocol_ISAKMP,0.0,123
FP,Protocol_KDP,0.0,123
FP,Protocol_KINK,0.0,123
FP,Protocol_KNET,0.0,123
FP,Protocol_KPASSWD,0.0,123
FP,Protocol_L2TP,0.0,123
FP,Protocol_LISP,0.0,123
FP,Protocol_LLC,0.0,123
FP,Protocol_LLMNR,0.0,123
FP,Protocol_LLS,0.0,123
FP,Protocol_LMP,0.0,123
FP,Protocol_LTP,0.0,123
FP,Protocol_LWAPP,0.0,123
FP,Protocol_MANOLITO,0.0,123
FP,Protocol_MDNS,0.0,123
FP,Protocol_MEMCACHE,0.0,123
FP,Protocol_MIH,0.0,123
FP,Protocol_MINT,0.0,123
FP,Protocol_MIPv6,0.0,123
FP,Protocol_MPLS,0.0,123
FP,Protocol_MSMMS,0.0,123
FP,Protocol_MSproxy,0.0,123
FP,Protocol_MobileIP,0.0,123
FP,Protocol_NBDS,0.0,123
FP,Protocol_NBNS,0.0,123
FP,Protocol_NCP,0.0,123
FP,Protocol_NTP,0.0,123
FP,Protocol_Nano,0.0,123
FP,Protocol_OCSP,0.0,123
FP,Protocol_OpenVPN,0.0,123
FP,Protocol_PFCP,0.0,123
FP,Protocol_PKTC,0.0,123
FP,Protocol_PN-RTC3,0.0,123
FP,Protocol_PTPv2,0.0,123
FP,Protocol_QUAKE,0.0,123
FP,Protocol_QUAKE2,0.0,123
FP,Protocol_QUAKE3,0.0,123
FP,Protocol_QUAKEWORLD,0.0,123
FP,Protocol_QUIC,0.0,123
FP,Protocol_RDPUDP,0.0,123
FP,Protocol_RDT,0.0,123
FP,Protocol_RIP,0.0,123
FP,Protocol_RIPng,0.0,123
FP,Protocol_RPC,0.0,123
FP,Protocol_RRoCE,0.0,123
FP,Protocol_RSIP,0.0,123
FP,Protocol_RSVP,0.0,123
FP,Protocol_RakNet,0.0,123
FP,Protocol_SABP,0.0,123
FP,Protocol_SAP,0.0,123
FP,Protocol_SCoP,0.0,123
FP,Protocol_SEBEK,0.0,123
FP,Protocol_SRVLOC,0.0,123
FP,Protocol_Syslog,0.0,123
FP,Protocol_TETRA,0.0,123
FP,Protocol_TFTP,0.0,123
FP,Protocol_TIME,0.0,123
FP,Protocol_TIPC,0.0,123
FP,Protocol_TLSv1.2,0.0,123
FP,Protocol_TLSv1.3,0.0,123
FP,Protocol_TPCP,0.0,123
FP,Protocol_TPKT,0.0,123
FP,Protocol_TRDP,0.0,123
FP,Protocol_TS2,0.0,123
FP,Protocol_TSP,0.0,123
FP,Protocol_TZSP,0.0,123
FP,Protocol_UAUDP,0.0,123
FP,Protocol_UDP,0.0,123
FP,Protocol_ULP,0.0,123
FP,Protocol_VITA 49,0.0,123
FP,Protocol_VMWARE-HB,0.0,123
FP,Protocol_Vuze-DHT,0.0,123
FP,Protocol_VxLAN,0.0,123
FP,Protocol_WHO,0.0,123
FP,Protocol_WLCCP,0.0,123
FP,Protocol_WSP,0.0,123
FP,Protocol_WTLS+WSP,0.0,123
FP,Protocol_WTLS+WTP+WSP,0.0,123
FP,Protocol_WTP+WSP,0.0,123
FP,Protocol_XTACACS,0.0,123
FP,Protocol_XYPLEX,0.0,123
FP,Protocol_Z21,0.0,123
FP,Protocol_collectd,0.0,123
FP,Protocol_iPerf3,0.0,123
FP,Protocol_lw_res,0.0,123
FP,Protocol_openSAFETY over UDP,0.0,123
FP,Http_request_method_POST,0.0,123
FP,Http_response_code_200,0.0,123
FP,"Http_response_code_200,200",0.0,123
FP,Http_response_code_204,0.0,123
FP,Http_response_code_304,0.0,123
FP,Http_response_code_404,0.0,123
FP,Tcp_flags_reset_Set,0.0,123
FP,http_accept_text/*,0.0,123
FP,Icmp_type_3,0.0,123
FP,Icmp_type_8,0.0,123
FP,Icmp_code_3,0.0,123
FP,Http_user_agent_Debian APT-HTTP/1.3 (2.4.9),0.0,123
FP,"Http_user_agent_Mozilla/5.0 (Macintosh; Intel Mac OS X 10_15_7) AppleWebKit/605.1.15 (KHTML, like Gecko) Version/14.1.1 Safari/605.1.15",0.0,123
FP,Http_user_agent_Mozilla/5.0 (Windows NT 10.0; WOW64; rv:53.0) Gecko/20100101 Firefox/53.0,0.0,123
FP,"Http_user_agent_Mozilla/5.0 (Windows NT 10.0; Win64; x64) AppleWebKit/537.36 (KHTML, like Gecko) Chrome/58.0.3029.110 Safari/537.36",0.0,123
FP,Http_user_agent_Mozilla/5.0 (X11; Linux x86_64; rv:128.0) Gecko/20100101 Firefox/128.0,0.0,123
FP,Http_user_agent_Mozilla/5.0 (X11; Ubuntu; Linux x86_64; rv:89.0) Gecko/20100101 Firefox/89.0,0.0,123
FP,Http_user_agent_Mozilla/5.0 (compatible; Nmap Scripting Engine; https://nmap.org/book/nse.html),0.0,123
FP,Http_user_agent_python-requests/2.32.3,0.0,123
FP,Tls_record_â\234\223,0.0,123
FP,tls_handshake_â\234\223,0.0,123
FP,Http_request_uri_query_ipv4,0.0,123
FP,Time_response_Request,0.0,123
FP,Tcp_analysis_flags_â\234\223,0.0,123
TN,ip_ttl,0.8422182202339172,123
TN,Protocol_TCP,0.4901696145534515,123
TN,Udp_length,0.4741314053535461,123
TN,ip_len,0.3450888991355896,123
TN,frame_len,0.3171114325523376,123
TN,Tcp_flags_reset_Not set,0.2976600527763366,123
TN,Tcp_len,0.2763325572013855,123
TN,Tcp_analysis_flags_missing,0.2284368574619293,123
TN,Http_request_method_missing,0.1239766180515289,123
TN,Http_response_code_missing,0.0892394855618476,123
TN,Frame_time_delta,0.0862554907798767,123
TN,Icmp_code_missing,0.0854108780622482,123
TN,Protocol_QUIC,0.0822429805994033,123
TN,Tls_record_missing,0.0803242847323417,123
TN,Time_response_missing,0.07891546189785,123
TN,tls_handshake_missing,0.0785959735512733,123
TN,Http_user_agent_missing,0.0562434270977973,123
TN,Tcp_hdr_len,0.055084615945816,123
TN,Tcp_analysis_flags_â\234\223,0.0547968298196792,123
TN,Tls_record_â\234\223,0.0476585552096366,123
TN,http_accept_missing,0.0458071790635585,123
TN,Tcp_flags_reset_missing,0.0412197262048721,123
TN,Http_request_uri_query_missing,0.0315376333892345,123
TN,Icmp_type_missing,0.0226687770336866,123
TN,tls_handshake_â\234\223,0.0101044625043869,123
TN,Protocol_TLSv1.2,0.0079480316489934,123
TN,Protocol_TLSv1.3,0.0065318141132593,123
TN,Protocol_NTP,0.0055982540361583,123
TN,Tcp_flags_reset_Set,0.0041184993460774,123
TN,Http_time,0.003850984154269,123
TN,Http_response_code_200,0.0022887659724801,123
TN,Protocol_MDNS,0.0021101196762174,123
TN,Protocol_OCSP,0.0011744775110855,123
TN,Protocol_DHCP,0.0003748493327293,123
TN,Tcp_window_size,0.0002014625351876,123
TN,Protocol_ICMPv6,0.0001945011899806,123
TN,Protocol_DNS,0.0001195622244267,123
TN,Http_content_length,7.525322143919766e-05,123
TN,Protocol_0x000d,0.0,123
TN,Protocol_0x8dcc,0.0,123
TN,Protocol_0xca0a,0.0,123
TN,Protocol_5co-legacy,0.0,123
TN,Protocol_5co-rap,0.0,123
TN,Protocol_? KNXnet/IP,0.0,123
TN,Protocol_A21,0.0,123
TN,Protocol_AC DR,0.0,123
TN,Protocol_ADP,0.0,123
TN,Protocol_ALLJOYN-ARDP,0.0,123
TN,Protocol_ALLJOYN-NS,0.0,123
TN,Protocol_AMT,0.0,123
TN,Protocol_ANSI C12.22,0.0,123
TN,Protocol_AODV,0.0,123
TN,Protocol_ASTERIX,0.0,123
TN,Protocol_AYIYA,0.0,123
TN,Protocol_Auto-RP,0.0,123
TN,Protocol_BAT_BATMAN,0.0,123
TN,Protocol_BAT_GW,0.0,123
TN,Protocol_BAT_VIS,0.0,123
TN,Protocol_BFD Control,0.0,123
TN,Protocol_BFD Echo,0.0,123
TN,Protocol_BOOTP,0.0,123
TN,Protocol_CAPWAP-Control,0.0,123
TN,Protocol_CAPWAP-Data,0.0,123
TN,Protocol_CIP I/O,0.0,123
TN,Protocol_CLDAP,0.0,123
TN,Protocol_CN/IP,0.0,123
TN,Protocol_CUPS,0.0,123
TN,Protocol_Chargen,0.0,123
TN,Protocol_CoAP,0.0,123
TN,Protocol_DAYTIME,0.0,123
TN,Protocol_DB-LSP-DISC,0.0,123
TN,Protocol_DCC,0.0,123
TN,Protocol_DHCPv6,0.0,123
TN,Protocol_DIS,0.0,123
TN,Protocol_DISCARD,0.0,123
TN,Protocol_DLEP,0.0,123
TN,Protocol_DMP,0.0,123
TN,Protocol_DNPv14,0.0,123
TN,Protocol_DPNET,0.0,123
TN,Protocol_DTLS,0.0,123
TN,Protocol_EAPOL,0.0,123
TN,Protocol_ECHO,0.0,123
TN,Protocol_ECMP,0.0,123
TN,Protocol_ENIP,0.0,123
TN,Protocol_ENRP,0.0,123
TN,Protocol_ESP,0.0,123
TN,Protocol_Elasticsearch,0.0,123
TN,Protocol_FIND,0.0,123
TN,Protocol_GPRS-NS,0.0,123
TN,Protocol_GSMTAP,0.0,123
TN,Protocol_Geneve,0.0,123
TN,Protocol_H.225.0,0.0,123
TN,Protocol_H.248,0.0,123
TN,Protocol_HCrt,0.0,123
TN,Protocol_HICP,0.0,123
TN,Protocol_HTTP,0.0,123
TN,Protocol_HiQnet,0.0,123
TN,Protocol_IAPP,0.0,123
TN,Protocol_IAX2,0.0,123
TN,Protocol_ICMP,0.0,123
TN,Protocol_ICP,0.0,123
TN,Protocol_IDN,0.0,123
TN,Protocol_IEEE1722,0.0,123
TN,Protocol_IGMPv3,0.0,123
TN,Protocol_IPVS,0.0,123
TN,Protocol_IPX,0.0,123
TN,Protocol_IPv6,0.0,123
TN,Protocol_ISAKMP,0.0,123
TN,Protocol_KDP,0.0,123
TN,Protocol_KINK,0.0,123
TN,Protocol_KNET,0.0,123
TN,Protocol_KPASSWD,0.0,123
TN,Protocol_L2TP,0.0,123
TN,Protocol_LISP,0.0,123
TN,Protocol_LLC,0.0,123
TN,Protocol_LLMNR,0.0,123
TN,Protocol_LLS,0.0,123
TN,Protocol_LMP,0.0,123
TN,Protocol_LTP,0.0,123
TN,Protocol_LWAPP,0.0,123
TN,Protocol_MANOLITO,0.0,123
TN,Protocol_MEMCACHE,0.0,123
TN,Protocol_MIH,0.0,123
TN,Protocol_MINT,0.0,123
TN,Protocol_MIPv6,0.0,123
TN,Protocol_MPLS,0.0,123
TN,Protocol_MSMMS,0.0,123
TN,Protocol_MSproxy,0.0,123
TN,Protocol_MobileIP,0.0,123
TN,Protocol_Modbus/TCP,0.0,123
TN,Protocol_NBDS,0.0,123
TN,Protocol_NBNS,0.0,123
TN,Protocol_NCP,0.0,123
TN,Protocol_Nano,0.0,123
TN,Protocol_OpenVPN,0.0,123
TN,Protocol_PFCP,0.0,123
TN,Protocol_PKTC,0.0,123
TN,Protocol_PN-RTC3,0.0,123
TN,Protocol_PTPv2,0.0,123
TN,Protocol_QUAKE,0.0,123
TN,Protocol_QUAKE2,0.0,123
TN,Protocol_QUAKE3,0.0,123
TN,Protocol_QUAKEWORLD,0.0,123
TN,Protocol_RDPUDP,0.0,123
TN,Protocol_RDT,0.0,123
TN,Protocol_RIP,0.0,123
TN,Protocol_RIPng,0.0,123
TN,Protocol_RPC,0.0,123
TN,Protocol_RRoCE,0.0,123
TN,Protocol_RSIP,0.0,123
TN,Protocol_RSVP,0.0,123
TN,Protocol_RakNet,0.0,123
TN,Protocol_SABP,0.0,123
TN,Protocol_SAP,0.0,123
TN,Protocol_SCoP,0.0,123
TN,Protocol_SEBEK,0.0,123
TN,Protocol_SRVLOC,0.0,123
TN,Protocol_Syslog,0.0,123
TN,Protocol_TETRA,0.0,123
TN,Protocol_TFTP,0.0,123
TN,Protocol_TIME,0.0,123
TN,Protocol_TIPC,0.0,123
TN,Protocol_TPCP,0.0,123
TN,Protocol_TPKT,0.0,123
TN,Protocol_TRDP,0.0,123
TN,Protocol_TS2,0.0,123
TN,Protocol_TSP,0.0,123
TN,Protocol_TZSP,0.0,123
TN,Protocol_UAUDP,0.0,123
TN,Protocol_UDP,0.0,123
TN,Protocol_ULP,0.0,123
TN,Protocol_VITA 49,0.0,123
TN,Protocol_VMWARE-HB,0.0,123
TN,Protocol_Vuze-DHT,0.0,123
TN,Protocol_VxLAN,0.0,123
TN,Protocol_WHO,0.0,123
TN,Protocol_WLCCP,0.0,123
TN,Protocol_WSP,0.0,123
TN,Protocol_WTLS+WSP,0.0,123
TN,Protocol_WTLS+WTP+WSP,0.0,123
TN,Protocol_WTP+WSP,0.0,123
TN,Protocol_XTACACS,0.0,123
TN,Protocol_XYPLEX,0.0,123
TN,Protocol_Z21,0.0,123
TN,Protocol_collectd,0.0,123
TN,Protocol_iPerf3,0.0,123
TN,Protocol_lw_res,0.0,123
TN,Protocol_openSAFETY over UDP,0.0,123
TN,Http_request_method_GET,0.0,123
TN,Http_request_method_POST,0.0,123
TN,"Http_response_code_200,200",0.0,123
TN,Http_response_code_204,0.0,123
TN,Http_response_code_304,0.0,123
TN,Http_response_code_404,0.0,123
TN,http_accept_*/*,0.0,123
TN,http_accept_text/*,0.0,123
TN,Icmp_type_0,0.0,123
TN,Icmp_type_3,0.0,123
TN,Icmp_type_8,0.0,123
TN,Icmp_code_0,0.0,123
TN,Icmp_code_3,0.0,123
TN,Http_user_agent_Debian APT-HTTP/1.3 (2.4.9),0.0,123
TN,"Http_user_agent_Mozilla/5.0 (Macintosh; Intel Mac OS X 10_15_7) AppleWebKit/605.1.15 (KHTML, like Gecko) Version/14.1.1 Safari/605.1.15",0.0,123
TN,Http_user_agent_Mozilla/5.0 (Windows NT 10.0; WOW64; rv:53.0) Gecko/20100101 Firefox/53.0,0.0,123
TN,"Http_user_agent_Mozilla/5.0 (Windows NT 10.0; Win64; x64) AppleWebKit/537.36 (KHTML, like Gecko) Chrome/58.0.3029.110 Safari/537.36",0.0,123
TN,"Http_user_agent_Mozilla/5.0 (Windows NT 10.0; Win64; x64) AppleWebKit/537.36 (KHTML, like Gecko) Chrome/91.0.4472.124 Safari/537.36",0.0,123
TN,Http_user_agent_Mozilla/5.0 (X11; Linux x86_64; rv:128.0) Gecko/20100101 Firefox/128.0,0.0,123
TN,Http_user_agent_Mozilla/5.0 (X11; Ubuntu; Linux x86_64; rv:89.0) Gecko/20100101 Firefox/89.0,0.0,123
TN,Http_user_agent_Mozilla/5.0 (compatible; Nmap Scripting Engine; https://nmap.org/book/nse.html),0.0,123
TN,Http_user_agent_python-requests/2.32.3,0.0,123
TN,Http_request_uri_query_ipv4,0.0,123
TN,Time_response_Request,0.0,123
FN,Protocol_TCP,0.9428306818008424,123
FN,Tcp_flags_reset_Set,0.5230486989021301,123
FN,ip_len,0.322424829006195,123
FN,frame_len,0.2903159856796264,123
FN,Tcp_analysis_flags_missing,0.2843038737773895,123
FN,Http_request_method_missing,0.1233387216925621,123
FN,Icmp_code_missing,0.1102413013577461,123
FN,Frame_time_delta,0.1055845245718956,123
FN,Http_response_code_missing,0.1051838472485542,123
FN,tls_handshake_missing,0.0939581245183944,123
FN,Tcp_hdr_len,0.0915383175015449,123
FN,Time_response_missing,0.0887185260653495,123
FN,Tls_record_missing,0.0806948617100715,123
FN,Tcp_flags_reset_Not set,0.0740663036704063,123
FN,Http_user_agent_missing,0.067503921687603,123
FN,Tcp_len,0.0624569691717624,123
FN,http_accept_missing,0.0577709190547466,123
FN,Http_request_uri_query_missing,0.0426105745136737,123
FN,Tls_record_â\234\223,0.0310583561658859,123
FN,ip_ttl,0.0300452355295419,123
FN,Icmp_type_missing,0.0226897243410348,123
FN,Protocol_Modbus/TCP,0.0181855205446481,123
FN,Udp_length,0.0137298135086894,123
FN,tls_handshake_â\234\223,0.0088838152587413,123
FN,Protocol_TLSv1.3,0.0030191966798156,123
FN,Tcp_window_size,0.0016701247077435,123
FN,Http_time,0.0009105142671614,123
FN,Http_content_length,8.097345562418923e-05,123
FN,Protocol_0x000d,0.0,123
FN,Protocol_0x8dcc,0.0,123
FN,Protocol_0xca0a,0.0,123
FN,Protocol_5co-legacy,0.0,123
FN,Protocol_5co-rap,0.0,123
FN,Protocol_? KNXnet/IP,0.0,123
FN,Protocol_A21,0.0,123
FN,Protocol_AC DR,0.0,123
FN,Protocol_ADP,0.0,123
FN,Protocol_ALLJOYN-ARDP,0.0,123
FN,Protocol_ALLJOYN-NS,0.0,123
FN,Protocol_AMT,0.0,123
FN,Protocol_ANSI C12.22,0.0,123
FN,Protocol_AODV,0.0,123
FN,Protocol_ASTERIX,0.0,123
FN,Protocol_AYIYA,0.0,123
FN,Protocol_Auto-RP,0.0,123
FN,Protocol_BAT_BATMAN,0.0,123
FN,Protocol_BAT_GW,0.0,123
FN,Protocol_BAT_VIS,0.0,123
FN,Protocol_BFD Control,0.0,123
FN,Protocol_BFD Echo,0.0,123
FN,Protocol_BOOTP,0.0,123
FN,Protocol_CAPWAP-Control,0.0,123
FN,Protocol_CAPWAP-Data,0.0,123
FN,Protocol_CIP I/O,0.0,123
FN,Protocol_CLDAP,0.0,123
FN,Protocol_CN/IP,0.0,123
FN,Protocol_CUPS,0.0,123
FN,Protocol_Chargen,0.0,123
FN,Protocol_CoAP,0.0,123
FN,Protocol_DAYTIME,0.0,123
FN,Protocol_DB-LSP-DISC,0.0,123
FN,Protocol_DCC,0.0,123
FN,Protocol_DHCP,0.0,123
FN,Protocol_DHCPv6,0.0,123
FN,Protocol_DIS,0.0,123
FN,Protocol_DISCARD,0.0,123
FN,Protocol_DLEP,0.0,123
FN,Protocol_DMP,0.0,123
FN,Protocol_DNPv14,0.0,123
FN,Protocol_DNS,0.0,123
FN,Protocol_DPNET,0.0,123
FN,Protocol_DTLS,0.0,123
FN,Protocol_EAPOL,0.0,123
FN,Protocol_ECHO,0.0,123
FN,Protocol_ECMP,0.0,123
FN,Protocol_ENIP,0.0,123
FN,Protocol_ENRP,0.0,123
FN,Protocol_ESP,0.0,123
FN,Protocol_Elasticsearch,0.0,123
FN,Protocol_FIND,0.0,123
FN,Protocol_GPRS-NS,0.0,123
FN,Protocol_GSMTAP,0.0,123
FN,Protocol_Geneve,0.0,123
FN,Protocol_H.225.0,0.0,123
FN,Protocol_H.248,0.0,123
FN,Protocol_HCrt,0.0,123
FN,Protocol_HICP,0.0,123
FN,Protocol_HTTP,0.0,123
FN,Protocol_HiQnet,0.0,123
FN,Protocol_IAPP,0.0,123
FN,Protocol_IAX2,0.0,123
FN,Protocol_ICMP,0.0,123
FN,Protocol_ICMPv6,0.0,123
FN,Protocol_ICP,0.0,123
FN,Protocol_IDN,0.0,123
FN,Protocol_IEEE1722,0.0,123
FN,Protocol_IGMPv3,0.0,123
FN,Protocol_IPVS,0.0,123
FN,Protocol_IPX,0.0,123
FN,Protocol_IPv6,0.0,123
FN,Protocol_ISAKMP,0.0,123
FN,Protocol_KDP,0.0,123
FN,Protocol_KINK,0.0,123
FN,Protocol_KNET,0.0,123
FN,Protocol_KPASSWD,0.0,123
FN,Protocol_L2TP,0.0,123
FN,Protocol_LISP,0.0,123
FN,Protocol_LLC,0.0,123
FN,Protocol_LLMNR,0.0,123
FN,Protocol_LLS,0.0,123
FN,Protocol_LMP,0.0,123
FN,Protocol_LTP,0.0,123
FN,Protocol_LWAPP,0.0,123
FN,Protocol_MANOLITO,0.0,123
FN,Protocol_MDNS,0.0,123
FN,Protocol_MEMCACHE,0.0,123
FN,Protocol_MIH,0.0,123
FN,Protocol_MINT,0.0,123
FN,Protocol_MIPv6,0.0,123
FN,Protocol_MPLS,0.0,123
FN,Protocol_MSMMS,0.0,123
FN,Protocol_MSproxy,0.0,123
FN,Protocol_MobileIP,0.0,123
FN,Protocol_NBDS,0.0,123
FN,Protocol_NBNS,0.0,123
FN,Protocol_NCP,0.0,123
FN,Protocol_NTP,0.0,123
FN,Protocol_Nano,0.0,123
FN,Protocol_OCSP,0.0,123
FN,Protocol_OpenVPN,0.0,123
FN,Protocol_PFCP,0.0,123
FN,Protocol_PKTC,0.0,123
FN,Protocol_PN-RTC3,0.0,123
FN,Protocol_PTPv2,0.0,123
FN,Protocol_QUAKE,0.0,123
FN,Protocol_QUAKE2,0.0,123
FN,Protocol_QUAKE3,0.0,123
FN,Protocol_QUAKEWORLD,0.0,123
FN,Protocol_QUIC,0.0,123
FN,Protocol_RDPUDP,0.0,123
FN,Protocol_RDT,0.0,123
FN,Protocol_RIP,0.0,123
FN,Protocol_RIPng,0.0,123
FN,Protocol_RPC,0.0,123
FN,Protocol_RRoCE,0.0,123
FN,Protocol_RSIP,0.0,123
FN,Protocol_RSVP,0.0,123
FN,Protocol_RakNet,0.0,123
FN,Protocol_SABP,0.0,123
FN,Protocol_SAP,0.0,123
FN,Protocol_SCoP,0.0,123
FN,Protocol_SEBEK,0.0,123
FN,Protocol_SRVLOC,0.0,123
FN,Protocol_Syslog,0.0,123
FN,Protocol_TETRA,0.0,123
FN,Protocol_TFTP,0.0,123
FN,Protocol_TIME,0.0,123
FN,Protocol_TIPC,0.0,123
FN,Protocol_TLSv1.2,0.0,123
FN,Protocol_TPCP,0.0,123
FN,Protocol_TPKT,0.0,123
FN,Protocol_TRDP,0.0,123
FN,Protocol_TS2,0.0,123
FN,Protocol_TSP,0.0,123
FN,Protocol_TZSP,0.0,123
FN,Protocol_UAUDP,0.0,123
FN,Protocol_UDP,0.0,123
FN,Protocol_ULP,0.0,123
FN,Protocol_VITA 49,0.0,123
FN,Protocol_VMWARE-HB,0.0,123
FN,Protocol_Vuze-DHT,0.0,123
FN,Protocol_VxLAN,0.0,123
FN,Protocol_WHO,0.0,123
FN,Protocol_WLCCP,0.0,123
FN,Protocol_WSP,0.0,123
FN,Protocol_WTLS+WSP,0.0,123
FN,Protocol_WTLS+WTP+WSP,0.0,123
FN,Protocol_WTP+WSP,0.0,123
FN,Protocol_XTACACS,0.0,123
FN,Protocol_XYPLEX,0.0,123
FN,Protocol_Z21,0.0,123
FN,Protocol_collectd,0.0,123
FN,Protocol_iPerf3,0.0,123
FN,Protocol_lw_res,0.0,123
FN,Protocol_openSAFETY over UDP,0.0,123
FN,Http_request_method_GET,0.0,123
FN,Http_request_method_POST,0.0,123
FN,Http_response_code_200,0.0,123
FN,"Http_response_code_200,200",0.0,123
FN,Http_response_code_204,0.0,123
FN,Http_response_code_304,0.0,123
FN,Http_response_code_404,0.0,123
FN,Tcp_flags_reset_missing,0.0,123
FN,http_accept_*/*,0.0,123
FN,http_accept_text/*,0.0,123
FN,Icmp_type_0,0.0,123
FN,Icmp_type_3,0.0,123
FN,Icmp_type_8,0.0,123
FN,Icmp_code_0,0.0,123
FN,Icmp_code_3,0.0,123
FN,Http_user_agent_Debian APT-HTTP/1.3 (2.4.9),0.0,123
FN,"Http_user_agent_Mozilla/5.0 (Macintosh; Intel Mac OS X 10_15_7) AppleWebKit/605.1.15 (KHTML, like Gecko) Version/14.1.1 Safari/605.1.15",0.0,123
FN,Http_user_agent_Mozilla/5.0 (Windows NT 10.0; WOW64; rv:53.0) Gecko/20100101 Firefox/53.0,0.0,123
FN,"Http_user_agent_Mozilla/5.0 (Windows NT 10.0; Win64; x64) AppleWebKit/537.36 (KHTML, like Gecko) Chrome/58.0.3029.110 Safari/537.36",0.0,123
FN,"Http_user_agent_Mozilla/5.0 (Windows NT 10.0; Win64; x64) AppleWebKit/537.36 (KHTML, like Gecko) Chrome/91.0.4472.124 Safari/537.36",0.0,123
FN,Http_user_agent_Mozilla/5.0 (X11; Linux x86_64; rv:128.0) Gecko/20100101 Firefox/128.0,0.0,123
FN,Http_user_agent_Mozilla/5.0 (X11; Ubuntu; Linux x86_64; rv:89.0) Gecko/20100101 Firefox/89.0,0.0,123
FN,Http_user_agent_Mozilla/5.0 (compatible; Nmap Scripting Engine; https://nmap.org/book/nse.html),0.0,123
FN,Http_user_agent_python-requests/2.32.3,0.0,123
FN,Http_request_uri_query_ipv4,0.0,123
FN,Time_response_Request,0.0,123
FN,Tcp_analysis_flags_â\234\223,0.0,123
