prediction_group,feature,n_seeds,seeds,mean_abs_attribution,mean_abs_attribution_std,mean_abs_attribution_median,mean_abs_attribution_ci_95_low,mean_abs_attribution_ci_95_high,mean_abs_attribution_n
TP,Protocol_Modbus/TCP,10,"[1, 7, 13, 21, 42, 99, 123, 314, 2024, 2025]",0.5555275231599808,0.13235140617015767,0.5409287810325623,0.46084903074123007,0.6502060155787315,10
TP,Protocol_TCP,10,"[1, 7, 13, 21, 42, 99, 123, 314, 2024, 2025]",0.40207806825637815,0.06425864283127936,0.4287416785955429,0.35611020433872015,0.44804593217403615,10
TP,Tcp_flags_reset_Not set,10,"[1, 7, 13, 21, 42, 99, 123, 314, 2024, 2025]",0.31922883093357085,0.091517032268643,0.28988225758075714,0.2537614898862569,0.3846961719808848,10
TP,ip_len,10,"[1, 7, 13, 21, 42, 99, 123, 314, 2024, 2025]",0.3080756813287735,0.04938101071728626,0.291823074221611,0.2727506342883514,0.3434007283691956,10
TP,frame_len,10,"[1, 7, 13, 21, 42, 99, 123, 314, 2024, 2025]",0.25666664391756056,0.04868075947611792,0.25934753566980356,0.22184252643842273,0.2914907613966984,10
TP,Tcp_analysis_flags_missing,10,"[1, 7, 13, 21, 42, 99, 123, 314, 2024, 2025]",0.3164743483066559,0.09056075023256384,0.3081457167863846,0.25169109021790687,0.3812576063954049,10
TP,Frame_time_delta,10,"[1, 7, 13, 21, 42, 99, 123, 314, 2024, 2025]",0.20322657674551006,0.04035753694134044,0.20558238029479975,0.17435653398655596,0.23209661950446417,10
TP,Http_response_code_missing,10,"[1, 7, 13, 21, 42, 99, 123, 314, 2024, 2025]",0.2806230552494526,0.13556284013543501,0.2920305728912353,0.18364724136557195,0.3775988691333332,10
TP,Http_request_uri_query_missing,10,"[1, 7, 13, 21, 42, 99, 123, 314, 2024, 2025]",0.13829007558524603,0.07672678444720725,0.1521230489015579,0.08340304045801374,0.19317711071247834,10
TP,Tls_record_missing,10,"[1, 7, 13, 21, 42, 99, 123, 314, 2024, 2025]",0.1881468206644058,0.07559264050484862,0.19229856133460996,0.13407110323870455,0.24222253809010705,10
TP,Time_response_missing,10,"[1, 7, 13, 21, 42, 99, 123, 314, 2024, 2025]",0.12895411774516102,0.06381354395317629,0.1286519914865493,0.08330465838379382,0.17460357710652824,10
TP,Tcp_analysis_flags_â\234\223,10,"[1, 7, 13, 21, 42, 99, 123, 314, 2024, 2025]",0.06827308237552637,0.0161849678881966,0.0680937506258487,0.05669505382379149,0.07985111092726126,10
TP,Http_user_agent_python-requests/2.32.3,10,"[1, 7, 13, 21, 42, 99, 123, 314, 2024, 2025]",0.10699014998972414,0.033990117440490075,0.0968959741294384,0.08267508474391563,0.13130521523553265,10
TP,http_accept_*/*,10,"[1, 7, 13, 21, 42, 99, 123, 314, 2024, 2025]",0.06427412610501046,0.0277285297328585,0.06654044613242145,0.04443833086819722,0.0841099213418237,10
TP,Icmp_code_missing,10,"[1, 7, 13, 21, 42, 99, 123, 314, 2024, 2025]",0.07644166946411128,0.040159129304512355,0.06817992404103275,0.04771355897835948,0.10516977994986308,10
TP,Protocol_UDP,10,"[1, 7, 13, 21, 42, 99, 123, 314, 2024, 2025]",0.07217201776802536,0.01735675937536276,0.0670307837426662,0.05975574008358853,0.08458829545246219,10
TP,tls_handshake_missing,10,"[1, 7, 13, 21, 42, 99, 123, 314, 2024, 2025]",0.09622598923742766,0.04226113275547956,0.09634262695908541,0.0659941960666523,0.12645778240820302,10
TP,Http_user_agent_missing,10,"[1, 7, 13, 21, 42, 99, 123, 314, 2024, 2025]",0.051612877286970574,0.025657266869079428,0.0452070794999599,0.03325877424384227,0.06996698033009888,10
TP,ip_ttl,10,"[1, 7, 13, 21, 42, 99, 123, 314, 2024, 2025]",0.0419686863198876,0.02047622857611901,0.04498450271785255,0.027320874799727,0.0566164978400482,10
TP,Tcp_len,10,"[1, 7, 13, 21, 42, 99, 123, 314, 2024, 2025]",0.05180741250514982,0.012391991753220052,0.0510432459414005,0.04294271562575233,0.06067210938454731,10
TP,http_accept_missing,10,"[1, 7, 13, 21, 42, 99, 123, 314, 2024, 2025]",0.042790571413934185,0.01009235203646803,0.04098303802311415,0.03557093768715968,0.05001020514070869,10
TP,Tcp_flags_reset_missing,10,"[1, 7, 13, 21, 42, 99, 123, 314, 2024, 2025]",0.038705968670546945,0.012508527266738807,0.0418296363204717,0.029757907306762976,0.04765403003433091,10
TP,Http_request_method_missing,10,"[1, 7, 13, 21, 42, 99, 123, 314, 2024, 2025]",0.040872606635093636,0.01892808179080371,0.038777768611907903,0.027332272609264616,0.05441294066092266,10
TP,Http_request_method_POST,10,"[1, 7, 13, 21, 42, 99, 123, 314, 2024, 2025]",0.02992670908570284,0.008878418419438292,0.0325662493705749,0.023575471155260506,0.03627794701614517,10
TP,Tcp_hdr_len,10,"[1, 7, 13, 21, 42, 99, 123, 314, 2024, 2025]",0.11158927455544468,0.07071166666821237,0.10975459590554229,0.061005195471643306,0.16217335363924607,10
TP,Icmp_type_missing,10,"[1, 7, 13, 21, 42, 99, 123, 314, 2024, 2025]",0.06675361767411228,0.052640661824912754,0.045479891821742,0.02909675670279461,0.10441047864542996,10
TP,"Http_user_agent_Mozilla/5.0 (Windows NT 10.0; Win64; x64) AppleWebKit/537.36 (KHTML, like Gecko) Chrome/58.0.3029.110 Safari/537.36",10,"[1, 7, 13, 21, 42, 99, 123, 314, 2024, 2025]",0.01953131956979627,0.01054185964926223,0.01940736733376975,0.011990127467923047,0.027072511671669495,10
TP,Protocol_ICMP,10,"[1, 7, 13, 21, 42, 99, 123, 314, 2024, 2025]",0.01155924475460775,0.008065772051384182,0.009607618674635849,0.0057893390156649,0.017329150493550598,10
TP,Http_request_method_GET,10,"[1, 7, 13, 21, 42, 99, 123, 314, 2024, 2025]",0.00892213536426421,0.005020193731496002,0.0079980287700891,0.005330905109127905,0.012513365619400516,10
TP,Icmp_type_8,10,"[1, 7, 13, 21, 42, 99, 123, 314, 2024, 2025]",0.0125463826116174,0.0045351234615736424,0.01206243876367805,0.00930215072395111,0.015790614499283692,10
TP,Icmp_type_3,10,"[1, 7, 13, 21, 42, 99, 123, 314, 2024, 2025]",0.0129816557280719,0.009539490971042001,0.01250048913061615,0.0061575149824922015,0.019805796473651598,10
TP,Icmp_code_3,10,"[1, 7, 13, 21, 42, 99, 123, 314, 2024, 2025]",0.012989674787968353,0.009525401069954285,0.0124954269267618,0.006175613350436198,0.01980373622550051,10
TP,Protocol_HTTP,10,"[1, 7, 13, 21, 42, 99, 123, 314, 2024, 2025]",0.04346960536204274,0.04398235542020199,0.03767234366387125,0.01200652367134495,0.07493268705274053,10
TP,Http_user_agent_Mozilla/5.0 (Windows NT 10.0; WOW64; rv:53.0) Gecko/20100101 Firefox/53.0,10,"[1, 7, 13, 21, 42, 99, 123, 314, 2024, 2025]",0.02256117332726712,0.010322448220123216,0.01880487520247695,0.015176938706477381,0.02994540794805686,10
TP,Udp_length,10,"[1, 7, 13, 21, 42, 99, 123, 314, 2024, 2025]",0.01117120701819652,0.005986285400613791,0.01024073455482715,0.0068888764157560775,0.015453537620636962,10
TP,Tcp_window_size,10,"[1, 7, 13, 21, 42, 99, 123, 314, 2024, 2025]",0.03588053949642922,0.10422283033736465,0.0028882449259981,-0.038675981945213475,0.11043706093807192,10
TP,Icmp_code_0,10,"[1, 7, 13, 21, 42, 99, 123, 314, 2024, 2025]",0.00939808744005854,0.010361723652947605,0.0055593163706362005,0.0019857568671628875,0.01681041801295419,10
TP,Http_time,10,"[1, 7, 13, 21, 42, 99, 123, 314, 2024, 2025]",0.00093155295326136,0.0005750691333189288,0.0008068797178566,0.0005201732773310995,0.0013429326291916205,10
TP,Http_user_agent_Mozilla/5.0 (compatible; Nmap Scripting Engine; https://nmap.org/book/nse.html),10,"[1, 7, 13, 21, 42, 99, 123, 314, 2024, 2025]",5.9063330263589995e-05,0.00015116320604684422,0.0,-4.9072313110686556e-05,0.00016719897363786653,10
TP,Http_content_length,10,"[1, 7, 13, 21, 42, 99, 123, 314, 2024, 2025]",5.373348285502289e-05,2.379291611166297e-05,5.3843903515371494e-05,3.671305600136409e-05,7.075390970868168e-05,10
TP,Protocol_TIPC,10,"[1, 7, 13, 21, 42, 99, 123, 314, 2024, 2025]",5.361452224406094e-06,4.032998362630745e-06,3.943325395994179e-06,2.4764189939298074e-06,8.24648545488238e-06,10
TP,Protocol_0xca0a,10,"[1, 7, 13, 21, 42, 99, 123, 314, 2024, 2025]",5.2887215474584085e-06,3.281719584231258e-06,5.794943490400328e-06,2.9411207794194e-06,7.636322315497417e-06,10
TP,Protocol_0x000d,10,"[1, 7, 13, 21, 42, 99, 123, 314, 2024, 2025]",0.0,0.0,0.0,0.0,0.0,10
TP,Protocol_0x8dcc,10,"[1, 7, 13, 21, 42, 99, 123, 314, 2024, 2025]",1.0096511289248156e-07,1.394988933571138e-07,0.0,1.17361615420492e-09,2.007566096307582e-07,10
TP,Protocol_5co-legacy,10,"[1, 7, 13, 21, 42, 99, 123, 314, 2024, 2025]",0.0,0.0,0.0,0.0,0.0,10
TP,Protocol_5co-rap,10,"[1, 7, 13, 21, 42, 99, 123, 314, 2024, 2025]",0.0,0.0,0.0,0.0,0.0,10
TP,Protocol_? KNXnet/IP,10,"[1, 7, 13, 21, 42, 99, 123, 314, 2024, 2025]",0.0,0.0,0.0,0.0,0.0,10
TP,Protocol_A21,10,"[1, 7, 13, 21, 42, 99, 123, 314, 2024, 2025]",0.0,0.0,0.0,0.0,0.0,10
TP,Protocol_AC DR,9,"[1, 7, 13, 21, 42, 99, 123, 314, 2025]",0.0,0.0,0.0,0.0,0.0,9
TP,Protocol_ADP,10,"[1, 7, 13, 21, 42, 99, 123, 314, 2024, 2025]",0.0,0.0,0.0,0.0,0.0,10
TP,Protocol_ALC,8,"[1, 7, 13, 21, 42, 99, 314, 2025]",0.0,0.0,0.0,0.0,0.0,8
TP,Protocol_ALLJOYN-ARDP,10,"[1, 7, 13, 21, 42, 99, 123, 314, 2024, 2025]",0.0,0.0,0.0,0.0,0.0,10
TP,Protocol_ALLJOYN-NS,10,"[1, 7, 13, 21, 42, 99, 123, 314, 2024, 2025]",0.0,0.0,0.0,0.0,0.0,10
TP,Protocol_AMT,10,"[1, 7, 13, 21, 42, 99, 123, 314, 2024, 2025]",0.0,0.0,0.0,0.0,0.0,10
TP,Protocol_ANSI C12.22,10,"[1, 7, 13, 21, 42, 99, 123, 314, 2024, 2025]",0.0,0.0,0.0,0.0,0.0,10
TP,Protocol_AODV,10,"[1, 7, 13, 21, 42, 99, 123, 314, 2024, 2025]",0.0,0.0,0.0,0.0,0.0,10
TP,Protocol_ASAP,7,"[1, 7, 13, 21, 99, 314, 2025]",0.0,0.0,0.0,0.0,0.0,7
TP,Protocol_ASTERIX,10,"[1, 7, 13, 21, 42, 99, 123, 314, 2024, 2025]",0.0,0.0,0.0,0.0,0.0,10
TP,Protocol_AX4000,8,"[1, 7, 21, 42, 99, 314, 2024, 2025]",0.0,0.0,0.0,0.0,0.0,8
TP,Protocol_AYIYA,10,"[1, 7, 13, 21, 42, 99, 123, 314, 2024, 2025]",0.0,0.0,0.0,0.0,0.0,10
TP,Protocol_Auto-RP,10,"[1, 7, 13, 21, 42, 99, 123, 314, 2024, 2025]",0.0,0.0,0.0,0.0,0.0,10
TP,Protocol_BAT_BATMAN,10,"[1, 7, 13, 21, 42, 99, 123, 314, 2024, 2025]",0.0,0.0,0.0,0.0,0.0,10
TP,Protocol_BAT_GW,9,"[1, 7, 13, 42, 99, 123, 314, 2024, 2025]",0.0,0.0,0.0,0.0,0.0,9
TP,Protocol_BAT_VIS,10,"[1, 7, 13, 21, 42, 99, 123, 314, 2024, 2025]",0.0,0.0,0.0,0.0,0.0,10
TP,Protocol_BFD Control,10,"[1, 7, 13, 21, 42, 99, 123, 314, 2024, 2025]",0.0,0.0,0.0,0.0,0.0,10
TP,Protocol_BFD Echo,10,"[1, 7, 13, 21, 42, 99, 123, 314, 2024, 2025]",0.0,0.0,0.0,0.0,0.0,10
TP,Protocol_BOOTP,10,"[1, 7, 13, 21, 42, 99, 123, 314, 2024, 2025]",0.0,0.0,0.0,0.0,0.0,10
TP,Protocol_CAPWAP-Control,10,"[1, 7, 13, 21, 42, 99, 123, 314, 2024, 2025]",0.0,0.0,0.0,0.0,0.0,10
TP,Protocol_CAPWAP-Data,10,"[1, 7, 13, 21, 42, 99, 123, 314, 2024, 2025]",0.0,0.0,0.0,0.0,0.0,10
TP,Protocol_CIP I/O,10,"[1, 7, 13, 21, 42, 99, 123, 314, 2024, 2025]",0.0,0.0,0.0,0.0,0.0,10
TP,Protocol_CLDAP,10,"[1, 7, 13, 21, 42, 99, 123, 314, 2024, 2025]",0.0,0.0,0.0,0.0,0.0,10
TP,Protocol_CN/IP,10,"[1, 7, 13, 21, 42, 99, 123, 314, 2024, 2025]",0.0,0.0,0.0,0.0,0.0,10
TP,Protocol_CUPS,10,"[1, 7, 13, 21, 42, 99, 123, 314, 2024, 2025]",0.0,0.0,0.0,0.0,0.0,10
TP,Protocol_Chargen,10,"[1, 7, 13, 21, 42, 99, 123, 314, 2024, 2025]",0.0,0.0,0.0,0.0,0.0,10
TP,Protocol_CoAP,10,"[1, 7, 13, 21, 42, 99, 123, 314, 2024, 2025]",0.0,0.0,0.0,0.0,0.0,10
TP,Protocol_DAYTIME,10,"[1, 7, 13, 21, 42, 99, 123, 314, 2024, 2025]",0.0,0.0,0.0,0.0,0.0,10
TP,Protocol_DB-LSP-DISC,10,"[1, 7, 13, 21, 42, 99, 123, 314, 2024, 2025]",0.0,0.0,0.0,0.0,0.0,10
TP,Protocol_DCC,10,"[1, 7, 13, 21, 42, 99, 123, 314, 2024, 2025]",0.0,0.0,0.0,0.0,0.0,10
TP,Protocol_DHCP,10,"[1, 7, 13, 21, 42, 99, 123, 314, 2024, 2025]",0.0,0.0,0.0,0.0,0.0,10
TP,Protocol_DHCPv6,10,"[1, 7, 13, 21, 42, 99, 123, 314, 2024, 2025]",0.0,0.0,0.0,0.0,0.0,10
TP,Protocol_DIS,10,"[1, 7, 13, 21, 42, 99, 123, 314, 2024, 2025]",0.0,0.0,0.0,0.0,0.0,10
TP,Protocol_DISCARD,9,"[1, 7, 13, 21, 42, 123, 314, 2024, 2025]",0.0,0.0,0.0,0.0,0.0,9
TP,Protocol_DLEP,10,"[1, 7, 13, 21, 42, 99, 123, 314, 2024, 2025]",0.0,0.0,0.0,0.0,0.0,10
TP,Protocol_DNPv14,10,"[1, 7, 13, 21, 42, 99, 123, 314, 2024, 2025]",0.0,0.0,0.0,0.0,0.0,10
TP,Protocol_DNS,10,"[1, 7, 13, 21, 42, 99, 123, 314, 2024, 2025]",0.0,0.0,0.0,0.0,0.0,10
TP,Protocol_DPNET,10,"[1, 7, 13, 21, 42, 99, 123, 314, 2024, 2025]",0.0,0.0,0.0,0.0,0.0,10
TP,Protocol_DTLS,10,"[1, 7, 13, 21, 42, 99, 123, 314, 2024, 2025]",0.0,0.0,0.0,0.0,0.0,10
TP,Protocol_EAPOL,10,"[1, 7, 13, 21, 42, 99, 123, 314, 2024, 2025]",0.0,0.0,0.0,0.0,0.0,10
TP,Protocol_ECHO,10,"[1, 7, 13, 21, 42, 99, 123, 314, 2024, 2025]",0.0,0.0,0.0,0.0,0.0,10
TP,Protocol_ECMP,10,"[1, 7, 13, 21, 42, 99, 123, 314, 2024, 2025]",0.0,0.0,0.0,0.0,0.0,10
TP,Protocol_ENIP,10,"[1, 7, 13, 21, 42, 99, 123, 314, 2024, 2025]",0.0,0.0,0.0,0.0,0.0,10
TP,Protocol_ENRP,10,"[1, 7, 13, 21, 42, 99, 123, 314, 2024, 2025]",0.0,0.0,0.0,0.0,0.0,10
TP,Protocol_ESP,10,"[1, 7, 13, 21, 42, 99, 123, 314, 2024, 2025]",0.0,0.0,0.0,0.0,0.0,10
TP,Protocol_Elasticsearch,10,"[1, 7, 13, 21, 42, 99, 123, 314, 2024, 2025]",0.0,0.0,0.0,0.0,0.0,10
TP,Protocol_FIND,10,"[1, 7, 13, 21, 42, 99, 123, 314, 2024, 2025]",0.0,0.0,0.0,0.0,0.0,10
TP,Protocol_GPRS-NS,10,"[1, 7, 13, 21, 42, 99, 123, 314, 2024, 2025]",0.0,0.0,0.0,0.0,0.0,10
TP,Protocol_GSMTAP,10,"[1, 7, 13, 21, 42, 99, 123, 314, 2024, 2025]",0.0,0.0,0.0,0.0,0.0,10
TP,Protocol_Geneve,10,"[1, 7, 13, 21, 42, 99, 123, 314, 2024, 2025]",0.0,0.0,0.0,0.0,0.0,10
TP,Protocol_H.225.0,10,"[1, 7, 13, 21, 42, 99, 123, 314, 2024, 2025]",0.0,0.0,0.0,0.0,0.0,10
TP,Protocol_H.248,10,"[1, 7, 13, 21, 42, 99, 123, 314, 2024, 2025]",0.0,0.0,0.0,0.0,0.0,10
TP,Protocol_HCrt,10,"[1, 7, 13, 21, 42, 99, 123, 314, 2024, 2025]",0.0,0.0,0.0,0.0,0.0,10
TP,Protocol_HICP,10,"[1, 7, 13, 21, 42, 99, 123, 314, 2024, 2025]",0.0,0.0,0.0,0.0,0.0,10
TP,Protocol_HiQnet,10,"[1, 7, 13, 21, 42, 99, 123, 314, 2024, 2025]",0.0,0.0,0.0,0.0,0.0,10
TP,Protocol_IAPP,10,"[1, 7, 13, 21, 42, 99, 123, 314, 2024, 2025]",0.0,0.0,0.0,0.0,0.0,10
TP,Protocol_IAX2,10,"[1, 7, 13, 21, 42, 99, 123, 314, 2024, 2025]",0.0,0.0,0.0,0.0,0.0,10
TP,Protocol_ICMPv6,10,"[1, 7, 13, 21, 42, 99, 123, 314, 2024, 2025]",0.0,0.0,0.0,0.0,0.0,10
TP,Protocol_ICP,6,"[1, 13, 21, 123, 314, 2024]",0.0,0.0,0.0,0.0,0.0,6
TP,Protocol_IDN,10,"[1, 7, 13, 21, 42, 99, 123, 314, 2024, 2025]",0.0,0.0,0.0,0.0,0.0,10
TP,Protocol_IEEE1722,10,"[1, 7, 13, 21, 42, 99, 123, 314, 2024, 2025]",0.0,0.0,0.0,0.0,0.0,10
TP,Protocol_IGMPv3,10,"[1, 7, 13, 21, 42, 99, 123, 314, 2024, 2025]",0.0,0.0,0.0,0.0,0.0,10
TP,Protocol_IPVS,7,"[1, 42, 99, 123, 314, 2024, 2025]",0.0,0.0,0.0,0.0,0.0,7
TP,Protocol_IPX,10,"[1, 7, 13, 21, 42, 99, 123, 314, 2024, 2025]",4.0583133227301004e-07,6.897636613111908e-07,0.0,-8.759586633356084e-08,8.99258530879581e-07,10
TP,Protocol_IPv6,10,"[1, 7, 13, 21, 42, 99, 123, 314, 2024, 2025]",0.0,0.0,0.0,0.0,0.0,10
TP,Protocol_ISAKMP,10,"[1, 7, 13, 21, 42, 99, 123, 314, 2024, 2025]",4.310101076043793e-08,1.362973634584098e-07,0.0,-5.440024945512924e-08,1.406022709760051e-07,10
TP,Protocol_KDP,10,"[1, 7, 13, 21, 42, 99, 123, 314, 2024, 2025]",0.0,0.0,0.0,0.0,0.0,10
TP,Protocol_KINK,10,"[1, 7, 13, 21, 42, 99, 123, 314, 2024, 2025]",0.0,0.0,0.0,0.0,0.0,10
TP,Protocol_KNET,10,"[1, 7, 13, 21, 42, 99, 123, 314, 2024, 2025]",0.0,0.0,0.0,0.0,0.0,10
TP,Protocol_KPASSWD,10,"[1, 7, 13, 21, 42, 99, 123, 314, 2024, 2025]",0.0,0.0,0.0,0.0,0.0,10
TP,Protocol_L2TP,10,"[1, 7, 13, 21, 42, 99, 123, 314, 2024, 2025]",0.0,0.0,0.0,0.0,0.0,10
TP,Protocol_LISP,10,"[1, 7, 13, 21, 42, 99, 123, 314, 2024, 2025]",0.0,0.0,0.0,0.0,0.0,10
TP,Protocol_LLC,10,"[1, 7, 13, 21, 42, 99, 123, 314, 2024, 2025]",0.0,0.0,0.0,0.0,0.0,10
TP,Protocol_LLMNR,10,"[1, 7, 13, 21, 42, 99, 123, 314, 2024, 2025]",0.0,0.0,0.0,0.0,0.0,10
TP,Protocol_LLS,10,"[1, 7, 13, 21, 42, 99, 123, 314, 2024, 2025]",0.0,0.0,0.0,0.0,0.0,10
TP,Protocol_LMP,10,"[1, 7, 13, 21, 42, 99, 123, 314, 2024, 2025]",0.0,0.0,0.0,0.0,0.0,10
TP,Protocol_LTP,10,"[1, 7, 13, 21, 42, 99, 123, 314, 2024, 2025]",0.0,0.0,0.0,0.0,0.0,10
TP,Protocol_LWAPP,10,"[1, 7, 13, 21, 42, 99, 123, 314, 2024, 2025]",0.0,0.0,0.0,0.0,0.0,10
TP,Protocol_MANOLITO,10,"[1, 7, 13, 21, 42, 99, 123, 314, 2024, 2025]",0.0,0.0,0.0,0.0,0.0,10
TP,Protocol_MDNS,10,"[1, 7, 13, 21, 42, 99, 123, 314, 2024, 2025]",0.0,0.0,0.0,0.0,0.0,10
TP,Protocol_MEMCACHE,10,"[1, 7, 13, 21, 42, 99, 123, 314, 2024, 2025]",0.0,0.0,0.0,0.0,0.0,10
TP,Protocol_MIH,10,"[1, 7, 13, 21, 42, 99, 123, 314, 2024, 2025]",0.0,0.0,0.0,0.0,0.0,10
TP,Protocol_MINT,10,"[1, 7, 13, 21, 42, 99, 123, 314, 2024, 2025]",0.0,0.0,0.0,0.0,0.0,10
TP,Protocol_MIPv6,10,"[1, 7, 13, 21, 42, 99, 123, 314, 2024, 2025]",0.0,0.0,0.0,0.0,0.0,10
TP,Protocol_MPLS,10,"[1, 7, 13, 21, 42, 99, 123, 314, 2024, 2025]",0.0,0.0,0.0,0.0,0.0,10
TP,Protocol_MSMMS,10,"[1, 7, 13, 21, 42, 99, 123, 314, 2024, 2025]",0.0,0.0,0.0,0.0,0.0,10
TP,Protocol_MSproxy,10,"[1, 7, 13, 21, 42, 99, 123, 314, 2024, 2025]",0.0,0.0,0.0,0.0,0.0,10
TP,Protocol_MobileIP,10,"[1, 7, 13, 21, 42, 99, 123, 314, 2024, 2025]",0.0,0.0,0.0,0.0,0.0,10
TP,Protocol_NBDS,10,"[1, 7, 13, 21, 42, 99, 123, 314, 2024, 2025]",0.0,0.0,0.0,0.0,0.0,10
TP,Protocol_NBNS,10,"[1, 7, 13, 21, 42, 99, 123, 314, 2024, 2025]",0.0,0.0,0.0,0.0,0.0,10
TP,Protocol_NCP,8,"[1, 7, 21, 42, 99, 123, 2024, 2025]",0.0,0.0,0.0,0.0,0.0,8
TP,Protocol_NTP,10,"[1, 7, 13, 21, 42, 99, 123, 314, 2024, 2025]",0.0,0.0,0.0,0.0,0.0,10
TP,Protocol_Nano,10,"[1, 7, 13, 21, 42, 99, 123, 314, 2024, 2025]",0.0,0.0,0.0,0.0,0.0,10
TP,Protocol_OCSP,10,"[1, 7, 13, 21, 42, 99, 123, 314, 2024, 2025]",0.0,0.0,0.0,0.0,0.0,10
TP,Protocol_OpenVPN,10,"[1, 7, 13, 21, 42, 99, 123, 314, 2024, 2025]",0.0,0.0,0.0,0.0,0.0,10
TP,Protocol_PFCP,10,"[1, 7, 13, 21, 42, 99, 123, 314, 2024, 2025]",0.0,0.0,0.0,0.0,0.0,10
TP,Protocol_PKTC,10,"[1, 7, 13, 21, 42, 99, 123, 314, 2024, 2025]",0.0,0.0,0.0,0.0,0.0,10
TP,Protocol_PN-RTC3,10,"[1, 7, 13, 21, 42, 99, 123, 314, 2024, 2025]",0.0,0.0,0.0,0.0,0.0,10
TP,Protocol_PTPv2,10,"[1, 7, 13, 21, 42, 99, 123, 314, 2024, 2025]",0.0,0.0,0.0,0.0,0.0,10
TP,Protocol_QUAKE,10,"[1, 7, 13, 21, 42, 99, 123, 314, 2024, 2025]",0.0,0.0,0.0,0.0,0.0,10
TP,Protocol_QUAKE2,9,"[1, 7, 13, 42, 99, 123, 314, 2024, 2025]",0.0,0.0,0.0,0.0,0.0,9
TP,Protocol_QUAKE3,10,"[1, 7, 13, 21, 42, 99, 123, 314, 2024, 2025]",0.0,0.0,0.0,0.0,0.0,10
TP,Protocol_QUAKEWORLD,10,"[1, 7, 13, 21, 42, 99, 123, 314, 2024, 2025]",0.0,0.0,0.0,0.0,0.0,10
TP,Protocol_QUIC,10,"[1, 7, 13, 21, 42, 99, 123, 314, 2024, 2025]",0.0,0.0,0.0,0.0,0.0,10
TP,Protocol_RDPUDP,10,"[1, 7, 13, 21, 42, 99, 123, 314, 2024, 2025]",0.0,0.0,0.0,0.0,0.0,10
TP,Protocol_RDT,10,"[1, 7, 13, 21, 42, 99, 123, 314, 2024, 2025]",0.0,0.0,0.0,0.0,0.0,10
TP,Protocol_RIP,10,"[1, 7, 13, 21, 42, 99, 123, 314, 2024, 2025]",0.0,0.0,0.0,0.0,0.0,10
TP,Protocol_RIPng,10,"[1, 7, 13, 21, 42, 99, 123, 314, 2024, 2025]",0.0,0.0,0.0,0.0,0.0,10
TP,Protocol_RPC,10,"[1, 7, 13, 21, 42, 99, 123, 314, 2024, 2025]",0.0,0.0,0.0,0.0,0.0,10
TP,Protocol_RRoCE,10,"[1, 7, 13, 21, 42, 99, 123, 314, 2024, 2025]",0.0,0.0,0.0,0.0,0.0,10
TP,Protocol_RSIP,10,"[1, 7, 13, 21, 42, 99, 123, 314, 2024, 2025]",0.0,0.0,0.0,0.0,0.0,10
TP,Protocol_RSVP,9,"[1, 7, 13, 21, 99, 123, 314, 2024, 2025]",0.0,0.0,0.0,0.0,0.0,9
TP,Protocol_RakNet,10,"[1, 7, 13, 21, 42, 99, 123, 314, 2024, 2025]",0.0,0.0,0.0,0.0,0.0,10
TP,Protocol_SABP,10,"[1, 7, 13, 21, 42, 99, 123, 314, 2024, 2025]",0.0,0.0,0.0,0.0,0.0,10
TP,Protocol_SAP,10,"[1, 7, 13, 21, 42, 99, 123, 314, 2024, 2025]",0.0,0.0,0.0,0.0,0.0,10
TP,Protocol_SCoP,10,"[1, 7, 13, 21, 42, 99, 123, 314, 2024, 2025]",0.0,0.0,0.0,0.0,0.0,10
TP,Protocol_SEBEK,10,"[1, 7, 13, 21, 42, 99, 123, 314, 2024, 2025]",0.0,0.0,0.0,0.0,0.0,10
TP,Protocol_SRVLOC,10,"[1, 7, 13, 21, 42, 99, 123, 314, 2024, 2025]",0.0,0.0,0.0,0.0,0.0,10
TP,Protocol_Syslog,10,"[1, 7, 13, 21, 42, 99, 123, 314, 2024, 2025]",0.0,0.0,0.0,0.0,0.0,10
TP,Protocol_TETRA,10,"[1, 7, 13, 21, 42, 99, 123, 314, 2024, 2025]",0.0,0.0,0.0,0.0,0.0,10
TP,Protocol_TFTP,10,"[1, 7, 13, 21, 42, 99, 123, 314, 2024, 2025]",0.0,0.0,0.0,0.0,0.0,10
TP,Protocol_TIME,10,"[1, 7, 13, 21, 42, 99, 123, 314, 2024, 2025]",0.0,0.0,0.0,0.0,0.0,10
TP,Protocol_TLSv1.2,10,"[1, 7, 13, 21, 42, 99, 123, 314, 2024, 2025]",0.0,0.0,0.0,0.0,0.0,10
TP,Protocol_TLSv1.3,10,"[1, 7, 13, 21, 42, 99, 123, 314, 2024, 2025]",0.0,0.0,0.0,0.0,0.0,10
TP,Protocol_TPCP,10,"[1, 7, 13, 21, 42, 99, 123, 314, 2024, 2025]",0.0,0.0,0.0,0.0,0.0,10
TP,Protocol_TPKT,10,"[1, 7, 13, 21, 42, 99, 123, 314, 2024, 2025]",0.0,0.0,0.0,0.0,0.0,10
TP,Protocol_TRDP,10,"[1, 7, 13, 21, 42, 99, 123, 314, 2024, 2025]",0.0,0.0,0.0,0.0,0.0,10
TP,Protocol_TS2,10,"[1, 7, 13, 21, 42, 99, 123, 314, 2024, 2025]",0.0,0.0,0.0,0.0,0.0,10
TP,Protocol_TSP,10,"[1, 7, 13, 21, 42, 99, 123, 314, 2024, 2025]",0.0,0.0,0.0,0.0,0.0,10
TP,Protocol_TZSP,10,"[1, 7, 13, 21, 42, 99, 123, 314, 2024, 2025]",0.0,0.0,0.0,0.0,0.0,10
TP,Protocol_UAUDP,10,"[1, 7, 13, 21, 42, 99, 123, 314, 2024, 2025]",0.0,0.0,0.0,0.0,0.0,10
TP,Protocol_ULP,10,"[1, 7, 13, 21, 42, 99, 123, 314, 2024, 2025]",0.0,0.0,0.0,0.0,0.0,10
TP,Protocol_VITA 49,9,"[1, 7, 13, 21, 42, 99, 123, 314, 2024]",0.0,0.0,0.0,0.0,0.0,9
TP,Protocol_VMWARE-HB,10,"[1, 7, 13, 21, 42, 99, 123, 314, 2024, 2025]",0.0,0.0,0.0,0.0,0.0,10
TP,Protocol_Vuze-DHT,10,"[1, 7, 13, 21, 42, 99, 123, 314, 2024, 2025]",0.0,0.0,0.0,0.0,0.0,10
TP,Protocol_VxLAN,10,"[1, 7, 13, 21, 42, 99, 123, 314, 2024, 2025]",0.0,0.0,0.0,0.0,0.0,10
TP,Protocol_WHO,10,"[1, 7, 13, 21, 42, 99, 123, 314, 2024, 2025]",0.0,0.0,0.0,0.0,0.0,10
TP,Protocol_WLCCP,10,"[1, 7, 13, 21, 42, 99, 123, 314, 2024, 2025]",0.0,0.0,0.0,0.0,0.0,10
TP,Protocol_WSP,10,"[1, 7, 13, 21, 42, 99, 123, 314, 2024, 2025]",0.0,0.0,0.0,0.0,0.0,10
TP,Protocol_WTLS+WSP,10,"[1, 7, 13, 21, 42, 99, 123, 314, 2024, 2025]",0.0,0.0,0.0,0.0,0.0,10
TP,Protocol_WTLS+WTP+WSP,10,"[1, 7, 13, 21, 42, 99, 123, 314, 2024, 2025]",0.0,0.0,0.0,0.0,0.0,10
TP,Protocol_WTP+WSP,10,"[1, 7, 13, 21, 42, 99, 123, 314, 2024, 2025]",0.0,0.0,0.0,0.0,0.0,10
TP,Protocol_XTACACS,10,"[1, 7, 13, 21, 42, 99, 123, 314, 2024, 2025]",0.0,0.0,0.0,0.0,0.0,10
TP,Protocol_XYPLEX,10,"[1, 7, 13, 21, 42, 99, 123, 314, 2024, 2025]",0.0,0.0,0.0,0.0,0.0,10
TP,Protocol_Z21,10,"[1, 7, 13, 21, 42, 99, 123, 314, 2024, 2025]",0.0,0.0,0.0,0.0,0.0,10
TP,Protocol_collectd,10,"[1, 7, 13, 21, 42, 99, 123, 314, 2024, 2025]",0.0,0.0,0.0,0.0,0.0,10
TP,Protocol_lw_res,10,"[1, 7, 13, 21, 42, 99, 123, 314, 2024, 2025]",0.0,0.0,0.0,0.0,0.0,10
TP,Protocol_openSAFETY over UDP,10,"[1, 7, 13, 21, 42, 99, 123, 314, 2024, 2025]",0.0,0.0,0.0,0.0,0.0,10
TP,"Http_request_method_GET,GET",5,"[1, 7, 13, 42, 2024]",0.0,0.0,0.0,0.0,0.0,5
TP,"Http_request_method_GET,GET,GET,GET,GET,GET,GET,GET,GET,GET",7,"[1, 7, 13, 21, 42, 2024, 2025]",0.0,0.0,0.0,0.0,0.0,7
TP,Http_response_code_200,10,"[1, 7, 13, 21, 42, 99, 123, 314, 2024, 2025]",0.0,0.0,0.0,0.0,0.0,10
TP,"Http_response_code_200,200",8,"[1, 7, 21, 42, 99, 123, 2024, 2025]",0.0,0.0,0.0,0.0,0.0,8
TP,Http_response_code_204,10,"[1, 7, 13, 21, 42, 99, 123, 314, 2024, 2025]",0.0,0.0,0.0,0.0,0.0,10
TP,Http_response_code_304,7,"[1, 13, 21, 99, 123, 2024, 2025]",0.0,0.0,0.0,0.0,0.0,7
TP,Http_response_code_404,10,"[1, 7, 13, 21, 42, 99, 123, 314, 2024, 2025]",0.0,0.0,0.0,0.0,0.0,10
TP,Tcp_flags_reset_Set,10,"[1, 7, 13, 21, 42, 99, 123, 314, 2024, 2025]",0.00159921199083327,0.004060938318290152,0.0,-0.0013058082798764875,0.004504232261543027,10
TP,http_accept_text/*,10,"[1, 7, 13, 21, 42, 99, 123, 314, 2024, 2025]",0.0,0.0,0.0,0.0,0.0,10
TP,"http_accept_text/*,text/*",5,"[1, 7, 13, 42, 2024]",0.0,0.0,0.0,0.0,0.0,5
TP,"http_accept_text/*,text/*,text/*,text/*,text/*,text/*,text/*,text/*,text/*,text/*",7,"[1, 7, 13, 21, 42, 2024, 2025]",0.0,0.0,0.0,0.0,0.0,7
TP,Icmp_type_0,10,"[1, 7, 13, 21, 42, 99, 123, 314, 2024, 2025]",0.0007854652591049499,0.00132508210932552,0.0,-0.0001624413787792361,0.0017333718969891358,10
TP,Icmp_code_9,9,"[1, 7, 13, 21, 42, 99, 314, 2024, 2025]",2.7229730727008757e-07,8.168919218102627e-07,0.0,-3.556214092996937e-07,9.002160238398688e-07,9
TP,Http_user_agent_Debian APT-HTTP/1.3 (2.4.9),10,"[1, 7, 13, 21, 42, 99, 123, 314, 2024, 2025]",0.0,0.0,0.0,0.0,0.0,10
TP,"Http_user_agent_Debian APT-HTTP/1.3 (2.4.9),Debian APT-HTTP/1.3 (2.4.9)",5,"[1, 7, 13, 42, 2024]",0.0,0.0,0.0,0.0,0.0,5
TP,"Http_user_agent_Debian APT-HTTP/1.3 (2.4.9),Debian APT-HTTP/1.3 (2.4.9),Debian APT-HTTP/1.3 (2.4.9),Debian APT-HTTP/1.3 (2.4.9),Debian APT-HTTP/1.3 (2.4.9),Debian APT-HTTP/1.3 (2.4.9),Debian APT-HTTP/1.3 (2.4.9),Debian APT-HTTP/1.3 (2.4.9),Debian APT-HTTP/1.3 (2.4.9),Debian APT-HTTP/1.3 (2.4.9)",7,"[1, 7, 13, 21, 42, 2024, 2025]",0.0,0.0,0.0,0.0,0.0,7
TP,"Http_user_agent_Mozilla/5.0 (Macintosh; Intel Mac OS X 10_15_7) AppleWebKit/605.1.15 (KHTML, like Gecko) Version/14.1.1 Safari/605.1.15",10,"[1, 7, 13, 21, 42, 99, 123, 314, 2024, 2025]",0.0,0.0,0.0,0.0,0.0,10
TP,"Http_user_agent_Mozilla/5.0 (Windows NT 10.0; Win64; x64) AppleWebKit/537.36 (KHTML, like Gecko) Chrome/91.0.4472.124 Safari/537.36",10,"[1, 7, 13, 21, 42, 99, 123, 314, 2024, 2025]",0.0,0.0,0.0,0.0,0.0,10
TP,Http_user_agent_Mozilla/5.0 (X11; Linux x86_64; rv:128.0) Gecko/20100101 Firefox/128.0,10,"[1, 7, 13, 21, 42, 99, 123, 314, 2024, 2025]",0.0,0.0,0.0,0.0,0.0,10
TP,Http_user_agent_Mozilla/5.0 (X11; Ubuntu; Linux x86_64; rv:89.0) Gecko/20100101 Firefox/89.0,10,"[1, 7, 13, 21, 42, 99, 123, 314, 2024, 2025]",0.0,0.0,0.0,0.0,0.0,10
TP,Tls_record_â\234\223,10,"[1, 7, 13, 21, 42, 99, 123, 314, 2024, 2025]",0.0,0.0,0.0,0.0,0.0,10
TP,tls_handshake_â\234\223,10,"[1, 7, 13, 21, 42, 99, 123, 314, 2024, 2025]",0.0,0.0,0.0,0.0,0.0,10
TP,Http_request_uri_query_ipv4,10,"[1, 7, 13, 21, 42, 99, 123, 314, 2024, 2025]",0.0,0.0,0.0,0.0,0.0,10
TP,Time_response_Request,10,"[1, 7, 13, 21, 42, 99, 123, 314, 2024, 2025]",0.0,0.0,0.0,0.0,0.0,10
FP,Protocol_Modbus/TCP,10,"[1, 7, 13, 21, 42, 99, 123, 314, 2024, 2025]",1.428665441274643,0.5346144052884074,1.4032801389694214,1.0462253344201808,1.811105548129105,10
FP,Tcp_flags_reset_Not set,10,"[1, 7, 13, 21, 42, 99, 123, 314, 2024, 2025]",0.4736847460269928,0.12868395756502699,0.42531634867191315,0.38162978829521477,0.5657397037587708,10
FP,Protocol_TCP,10,"[1, 7, 13, 21, 42, 99, 123, 314, 2024, 2025]",0.5490594506263733,0.24993362387490584,0.5005222856998444,0.3702677067531848,0.7278511944995618,10
FP,ip_len,10,"[1, 7, 13, 21, 42, 99, 123, 314, 2024, 2025]",0.39920697510242464,0.04874341388690315,0.38843353092670435,0.3643380373578421,0.4340759128470072,10
FP,frame_len,10,"[1, 7, 13, 21, 42, 99, 123, 314, 2024, 2025]",0.344837898015976,0.06235988586854589,0.34559211134910583,0.3002283230043692,0.38944747302758276,10
FP,Tcp_analysis_flags_missing,10,"[1, 7, 13, 21, 42, 99, 123, 314, 2024, 2025]",0.40650161504745486,0.09930986802966715,0.4047873765230179,0.33545961512139716,0.47754361497351255,10
FP,Http_request_uri_query_missing,10,"[1, 7, 13, 21, 42, 99, 123, 314, 2024, 2025]",0.15130612459033724,0.08828000407812263,0.1717578917741775,0.08815441401393379,0.2144578351667407,10
FP,Http_response_code_missing,10,"[1, 7, 13, 21, 42, 99, 123, 314, 2024, 2025]",0.3015615090727806,0.13846992913345932,0.2915728688240051,0.20250608899789196,0.4006169291476693,10
FP,Tls_record_missing,10,"[1, 7, 13, 21, 42, 99, 123, 314, 2024, 2025]",0.19944801777601243,0.08574620648721842,0.1980886235833168,0.1381088768045941,0.26078715874743075,10
FP,Frame_time_delta,10,"[1, 7, 13, 21, 42, 99, 123, 314, 2024, 2025]",0.15651388242840764,0.031236615350266894,0.1467763110995292,0.13416855391844495,0.17885921093837032,10
FP,Time_response_missing,10,"[1, 7, 13, 21, 42, 99, 123, 314, 2024, 2025]",0.1403703723102808,0.07245539352277056,0.1324898265302181,0.08853890617894472,0.19220183844161687,10
FP,Http_user_agent_missing,10,"[1, 7, 13, 21, 42, 99, 123, 314, 2024, 2025]",0.0794030591845512,0.04895028463760725,0.06338755600154396,0.04438613501980913,0.11441998334929329,10
FP,http_accept_missing,10,"[1, 7, 13, 21, 42, 99, 123, 314, 2024, 2025]",0.06403749063611025,0.023739552795289096,0.06531222909688944,0.047055237599345004,0.0810197436728755,10
FP,ip_ttl,10,"[1, 7, 13, 21, 42, 99, 123, 314, 2024, 2025]",0.05802808711305255,0.03293853461922072,0.05812538415193555,0.03446527890063919,0.08159089532546591,10
FP,Icmp_code_missing,10,"[1, 7, 13, 21, 42, 99, 123, 314, 2024, 2025]",0.08553143255412575,0.04422879120612282,0.07585260644555085,0.05389206132209119,0.11717080378616031,10
FP,Http_request_method_missing,10,"[1, 7, 13, 21, 42, 99, 123, 314, 2024, 2025]",0.05923155751079316,0.040526269527405095,0.04035834781825535,0.030240810731135423,0.0882223042904509,10
FP,Tcp_len,10,"[1, 7, 13, 21, 42, 99, 123, 314, 2024, 2025]",0.06036481037735934,0.013702008597333616,0.06310078315436835,0.05056298390158732,0.07016663685313136,10
FP,tls_handshake_missing,10,"[1, 7, 13, 21, 42, 99, 123, 314, 2024, 2025]",0.0970281660556793,0.047687373428830206,0.09530177339911455,0.06291467414576363,0.13114165796559496,10
FP,Udp_length,10,"[1, 7, 13, 21, 42, 99, 123, 314, 2024, 2025]",0.01765348678454752,0.00800376173675274,0.015776799060404252,0.011927940552417686,0.023379033016677354,10
FP,Icmp_type_missing,10,"[1, 7, 13, 21, 42, 99, 123, 314, 2024, 2025]",0.0746155302971601,0.062000838615602134,0.0403315126895904,0.030262802217516455,0.11896825837680375,10
FP,Tcp_hdr_len,10,"[1, 7, 13, 21, 42, 99, 123, 314, 2024, 2025]",0.09984720796346659,0.05732767495552935,0.09727462381124491,0.05883745978078715,0.14085695614614602,10
FP,Tcp_flags_reset_missing,10,"[1, 7, 13, 21, 42, 99, 123, 314, 2024, 2025]",0.01268387080635871,0.007083762900051882,0.01188519038259975,0.007616452095547814,0.01775128951716961,10
FP,Icmp_type_0,10,"[1, 7, 13, 21, 42, 99, 123, 314, 2024, 2025]",0.018579187337309087,0.015051464206301123,0.0149989952333271,0.00781201847236131,0.029346356202256865,10
FP,Protocol_ICMP,10,"[1, 7, 13, 21, 42, 99, 123, 314, 2024, 2025]",0.00469963348587039,0.004080305207421813,0.004130233079195,0.0017807589772731313,0.007618507994467649,10
FP,Tcp_window_size,10,"[1, 7, 13, 21, 42, 99, 123, 314, 2024, 2025]",0.07060169070027764,0.1925735982871442,0.0097557143308222,-0.06715716274205152,0.2083605441426068,10
FP,http_accept_*/*,10,"[1, 7, 13, 21, 42, 99, 123, 314, 2024, 2025]",0.00103193796239791,0.001343794744573507,0.0003875808906741,7.06451116601665e-05,0.0019932308131356533,10
FP,"Http_user_agent_Mozilla/5.0 (Windows NT 10.0; Win64; x64) AppleWebKit/537.36 (KHTML, like Gecko) Chrome/91.0.4472.124 Safari/537.36",10,"[1, 7, 13, 21, 42, 99, 123, 314, 2024, 2025]",0.0008404801483265801,0.0016897887459097853,0.0,-0.00036832190069149373,0.002049282197344654,10
FP,Protocol_ICMPv6,10,"[1, 7, 13, 21, 42, 99, 123, 314, 2024, 2025]",0.0034507191274314696,0.0018388010256861899,0.0031960610067471498,0.002135320115000912,0.004766118139862027,10
FP,Http_request_method_GET,10,"[1, 7, 13, 21, 42, 99, 123, 314, 2024, 2025]",0.00023289505843420867,0.00041711975492656633,0.0,-6.549443886930175e-05,0.0005312845557377191,10
FP,Http_time,10,"[1, 7, 13, 21, 42, 99, 123, 314, 2024, 2025]",0.0011162047536344799,0.0006936179848395926,0.00112623948371035,0.0006200203380740216,0.001612389169194938,10
FP,Protocol_HTTP,10,"[1, 7, 13, 21, 42, 99, 123, 314, 2024, 2025]",0.0012339318622252699,0.0025050793857273696,9.874806710285e-05,-0.0005580939763595544,0.003025957700810094,10
FP,Icmp_code_0,10,"[1, 7, 13, 21, 42, 99, 123, 314, 2024, 2025]",0.00822561950044469,0.011881041468281874,0.0029570265905931002,-0.00027356556401459363,0.016724804564903974,10
FP,Protocol_DHCP,10,"[1, 7, 13, 21, 42, 99, 123, 314, 2024, 2025]",4.417954478412e-05,7.189798673386479e-05,0.0,-7.253176551337406e-06,9.56122661195774e-05,10
FP,Http_content_length,10,"[1, 7, 13, 21, 42, 99, 123, 314, 2024, 2025]",5.4789543082733874e-05,2.2520002537243196e-05,6.187049439176917e-05,3.867970374524006e-05,7.089938242022769e-05,10
FP,Protocol_0x000d,10,"[1, 7, 13, 21, 42, 99, 123, 314, 2024, 2025]",0.0,0.0,0.0,0.0,0.0,10
FP,Protocol_0x8dcc,10,"[1, 7, 13, 21, 42, 99, 123, 314, 2024, 2025]",0.0,0.0,0.0,0.0,0.0,10
FP,Protocol_0xca0a,10,"[1, 7, 13, 21, 42, 99, 123, 314, 2024, 2025]",0.0,0.0,0.0,0.0,0.0,10
FP,Protocol_5co-legacy,10,"[1, 7, 13, 21, 42, 99, 123, 314, 2024, 2025]",0.0,0.0,0.0,0.0,0.0,10
FP,Protocol_5co-rap,10,"[1, 7, 13, 21, 42, 99, 123, 314, 2024, 2025]",0.0,0.0,0.0,0.0,0.0,10
FP,Protocol_? KNXnet/IP,10,"[1, 7, 13, 21, 42, 99, 123, 314, 2024, 2025]",0.0,0.0,0.0,0.0,0.0,10
FP,Protocol_A21,10,"[1, 7, 13, 21, 42, 99, 123, 314, 2024, 2025]",0.0,0.0,0.0,0.0,0.0,10
FP,Protocol_AC DR,9,"[1, 7, 13, 21, 42, 99, 123, 314, 2025]",0.0,0.0,0.0,0.0,0.0,9
FP,Protocol_ADP,10,"[1, 7, 13, 21, 42, 99, 123, 314, 2024, 2025]",0.0,0.0,0.0,0.0,0.0,10
FP,Protocol_ALC,8,"[1, 7, 13, 21, 42, 99, 314, 2025]",0.0,0.0,0.0,0.0,0.0,8
FP,Protocol_ALLJOYN-ARDP,10,"[1, 7, 13, 21, 42, 99, 123, 314, 2024, 2025]",0.0,0.0,0.0,0.0,0.0,10
FP,Protocol_ALLJOYN-NS,10,"[1, 7, 13, 21, 42, 99, 123, 314, 2024, 2025]",0.0,0.0,0.0,0.0,0.0,10
FP,Protocol_AMT,10,"[1, 7, 13, 21, 42, 99, 123, 314, 2024, 2025]",0.0,0.0,0.0,0.0,0.0,10
FP,Protocol_ANSI C12.22,10,"[1, 7, 13, 21, 42, 99, 123, 314, 2024, 2025]",0.0,0.0,0.0,0.0,0.0,10
FP,Protocol_AODV,10,"[1, 7, 13, 21, 42, 99, 123, 314, 2024, 2025]",0.0,0.0,0.0,0.0,0.0,10
FP,Protocol_ASAP,7,"[1, 7, 13, 21, 99, 314, 2025]",0.0,0.0,0.0,0.0,0.0,7
FP,Protocol_ASTERIX,10,"[1, 7, 13, 21, 42, 99, 123, 314, 2024, 2025]",0.0,0.0,0.0,0.0,0.0,10
FP,Protocol_AX4000,8,"[1, 7, 21, 42, 99, 314, 2024, 2025]",0.0,0.0,0.0,0.0,0.0,8
FP,Protocol_AYIYA,10,"[1, 7, 13, 21, 42, 99, 123, 314, 2024, 2025]",0.0,0.0,0.0,0.0,0.0,10
FP,Protocol_Auto-RP,10,"[1, 7, 13, 21, 42, 99, 123, 314, 2024, 2025]",0.0,0.0,0.0,0.0,0.0,10
FP,Protocol_BAT_BATMAN,10,"[1, 7, 13, 21, 42, 99, 123, 314, 2024, 2025]",0.0,0.0,0.0,0.0,0.0,10
FP,Protocol_BAT_GW,9,"[1, 7, 13, 42, 99, 123, 314, 2024, 2025]",0.0,0.0,0.0,0.0,0.0,9
FP,Protocol_BAT_VIS,10,"[1, 7, 13, 21, 42, 99, 123, 314, 2024, 2025]",0.0,0.0,0.0,0.0,0.0,10
FP,Protocol_BFD Control,10,"[1, 7, 13, 21, 42, 99, 123, 314, 2024, 2025]",0.0,0.0,0.0,0.0,0.0,10
FP,Protocol_BFD Echo,10,"[1, 7, 13, 21, 42, 99, 123, 314, 2024, 2025]",0.0,0.0,0.0,0.0,0.0,10
FP,Protocol_BOOTP,10,"[1, 7, 13, 21, 42, 99, 123, 314, 2024, 2025]",0.0,0.0,0.0,0.0,0.0,10
FP,Protocol_CAPWAP-Control,10,"[1, 7, 13, 21, 42, 99, 123, 314, 2024, 2025]",0.0,0.0,0.0,0.0,0.0,10
FP,Protocol_CAPWAP-Data,10,"[1, 7, 13, 21, 42, 99, 123, 314, 2024, 2025]",0.0,0.0,0.0,0.0,0.0,10
FP,Protocol_CIP I/O,10,"[1, 7, 13, 21, 42, 99, 123, 314, 2024, 2025]",0.0,0.0,0.0,0.0,0.0,10
FP,Protocol_CLDAP,10,"[1, 7, 13, 21, 42, 99, 123, 314, 2024, 2025]",0.0,0.0,0.0,0.0,0.0,10
FP,Protocol_CN/IP,10,"[1, 7, 13, 21, 42, 99, 123, 314, 2024, 2025]",0.0,0.0,0.0,0.0,0.0,10
FP,Protocol_CUPS,10,"[1, 7, 13, 21, 42, 99, 123, 314, 2024, 2025]",0.0,0.0,0.0,0.0,0.0,10
FP,Protocol_Chargen,10,"[1, 7, 13, 21, 42, 99, 123, 314, 2024, 2025]",0.0,0.0,0.0,0.0,0.0,10
FP,Protocol_CoAP,10,"[1, 7, 13, 21, 42, 99, 123, 314, 2024, 2025]",0.0,0.0,0.0,0.0,0.0,10
FP,Protocol_DAYTIME,10,"[1, 7, 13, 21, 42, 99, 123, 314, 2024, 2025]",0.0,0.0,0.0,0.0,0.0,10
FP,Protocol_DB-LSP-DISC,10,"[1, 7, 13, 21, 42, 99, 123, 314, 2024, 2025]",0.0,0.0,0.0,0.0,0.0,10
FP,Protocol_DCC,10,"[1, 7, 13, 21, 42, 99, 123, 314, 2024, 2025]",0.0,0.0,0.0,0.0,0.0,10
FP,Protocol_DHCPv6,10,"[1, 7, 13, 21, 42, 99, 123, 314, 2024, 2025]",0.0,0.0,0.0,0.0,0.0,10
FP,Protocol_DIS,10,"[1, 7, 13, 21, 42, 99, 123, 314, 2024, 2025]",0.0,0.0,0.0,0.0,0.0,10
FP,Protocol_DISCARD,9,"[1, 7, 13, 21, 42, 123, 314, 2024, 2025]",0.0,0.0,0.0,0.0,0.0,9
FP,Protocol_DLEP,10,"[1, 7, 13, 21, 42, 99, 123, 314, 2024, 2025]",0.0,0.0,0.0,0.0,0.0,10
FP,Protocol_DNPv14,10,"[1, 7, 13, 21, 42, 99, 123, 314, 2024, 2025]",0.0,0.0,0.0,0.0,0.0,10
FP,Protocol_DNS,10,"[1, 7, 13, 21, 42, 99, 123, 314, 2024, 2025]",0.0,0.0,0.0,0.0,0.0,10
FP,Protocol_DPNET,10,"[1, 7, 13, 21, 42, 99, 123, 314, 2024, 2025]",0.0,0.0,0.0,0.0,0.0,10
FP,Protocol_DTLS,10,"[1, 7, 13, 21, 42, 99, 123, 314, 2024, 2025]",0.0,0.0,0.0,0.0,0.0,10
FP,Protocol_EAPOL,10,"[1, 7, 13, 21, 42, 99, 123, 314, 2024, 2025]",0.0,0.0,0.0,0.0,0.0,10
FP,Protocol_ECHO,10,"[1, 7, 13, 21, 42, 99, 123, 314, 2024, 2025]",0.0,0.0,0.0,0.0,0.0,10
FP,Protocol_ECMP,10,"[1, 7, 13, 21, 42, 99, 123, 314, 2024, 2025]",0.0,0.0,0.0,0.0,0.0,10
FP,Protocol_ENIP,10,"[1, 7, 13, 21, 42, 99, 123, 314, 2024, 2025]",0.0,0.0,0.0,0.0,0.0,10
FP,Protocol_ENRP,10,"[1, 7, 13, 21, 42, 99, 123, 314, 2024, 2025]",0.0,0.0,0.0,0.0,0.0,10
FP,Protocol_ESP,10,"[1, 7, 13, 21, 42, 99, 123, 314, 2024, 2025]",0.0,0.0,0.0,0.0,0.0,10
FP,Protocol_Elasticsearch,10,"[1, 7, 13, 21, 42, 99, 123, 314, 2024, 2025]",0.0,0.0,0.0,0.0,0.0,10
FP,Protocol_FIND,10,"[1, 7, 13, 21, 42, 99, 123, 314, 2024, 2025]",0.0,0.0,0.0,0.0,0.0,10
FP,Protocol_GPRS-NS,10,"[1, 7, 13, 21, 42, 99, 123, 314, 2024, 2025]",0.0,0.0,0.0,0.0,0.0,10
FP,Protocol_GSMTAP,10,"[1, 7, 13, 21, 42, 99, 123, 314, 2024, 2025]",0.0,0.0,0.0,0.0,0.0,10
FP,Protocol_Geneve,10,"[1, 7, 13, 21, 42, 99, 123, 314, 2024, 2025]",0.0,0.0,0.0,0.0,0.0,10
FP,Protocol_H.225.0,10,"[1, 7, 13, 21, 42, 99, 123, 314, 2024, 2025]",0.0,0.0,0.0,0.0,0.0,10
FP,Protocol_H.248,10,"[1, 7, 13, 21, 42, 99, 123, 314, 2024, 2025]",0.0,0.0,0.0,0.0,0.0,10
FP,Protocol_HCrt,10,"[1, 7, 13, 21, 42, 99, 123, 314, 2024, 2025]",0.0,0.0,0.0,0.0,0.0,10
FP,Protocol_HICP,10,"[1, 7, 13, 21, 42, 99, 123, 314, 2024, 2025]",0.0,0.0,0.0,0.0,0.0,10
FP,Protocol_HiQnet,10,"[1, 7, 13, 21, 42, 99, 123, 314, 2024, 2025]",0.0,0.0,0.0,0.0,0.0,10
FP,Protocol_IAPP,10,"[1, 7, 13, 21, 42, 99, 123, 314, 2024, 2025]",0.0,0.0,0.0,0.0,0.0,10
FP,Protocol_IAX2,10,"[1, 7, 13, 21, 42, 99, 123, 314, 2024, 2025]",0.0,0.0,0.0,0.0,0.0,10
FP,Protocol_ICP,6,"[1, 13, 21, 123, 314, 2024]",0.0,0.0,0.0,0.0,0.0,6
FP,Protocol_IDN,10,"[1, 7, 13, 21, 42, 99, 123, 314, 2024, 2025]",0.0,0.0,0.0,0.0,0.0,10
FP,Protocol_IEEE1722,10,"[1, 7, 13, 21, 42, 99, 123, 314, 2024, 2025]",0.0,0.0,0.0,0.0,0.0,10
FP,Protocol_IGMPv3,10,"[1, 7, 13, 21, 42, 99, 123, 314, 2024, 2025]",0.00057477517984806,0.0012533531430923971,0.0,-0.0003218196466831249,0.0014713700063792448,10
FP,Protocol_IPVS,7,"[1, 42, 99, 123, 314, 2024, 2025]",0.0,0.0,0.0,0.0,0.0,7
FP,Protocol_IPX,10,"[1, 7, 13, 21, 42, 99, 123, 314, 2024, 2025]",0.0,0.0,0.0,0.0,0.0,10
FP,Protocol_IPv6,10,"[1, 7, 13, 21, 42, 99, 123, 314, 2024, 2025]",0.0,0.0,0.0,0.0,0.0,10
FP,Protocol_ISAKMP,10,"[1, 7, 13, 21, 42, 99, 123, 314, 2024, 2025]",0.0,0.0,0.0,0.0,0.0,10
FP,Protocol_KDP,10,"[1, 7, 13, 21, 42, 99, 123, 314, 2024, 2025]",0.0,0.0,0.0,0.0,0.0,10
FP,Protocol_KINK,10,"[1, 7, 13, 21, 42, 99, 123, 314, 2024, 2025]",0.0,0.0,0.0,0.0,0.0,10
FP,Protocol_KNET,10,"[1, 7, 13, 21, 42, 99, 123, 314, 2024, 2025]",0.0,0.0,0.0,0.0,0.0,10
FP,Protocol_KPASSWD,10,"[1, 7, 13, 21, 42, 99, 123, 314, 2024, 2025]",0.0,0.0,0.0,0.0,0.0,10
FP,Protocol_L2TP,10,"[1, 7, 13, 21, 42, 99, 123, 314, 2024, 2025]",0.0,0.0,0.0,0.0,0.0,10
FP,Protocol_LISP,10,"[1, 7, 13, 21, 42, 99, 123, 314, 2024, 2025]",0.0,0.0,0.0,0.0,0.0,10
FP,Protocol_LLC,10,"[1, 7, 13, 21, 42, 99, 123, 314, 2024, 2025]",0.0,0.0,0.0,0.0,0.0,10
FP,Protocol_LLMNR,10,"[1, 7, 13, 21, 42, 99, 123, 314, 2024, 2025]",0.0,0.0,0.0,0.0,0.0,10
FP,Protocol_LLS,10,"[1, 7, 13, 21, 42, 99, 123, 314, 2024, 2025]",0.0,0.0,0.0,0.0,0.0,10
FP,Protocol_LMP,10,"[1, 7, 13, 21, 42, 99, 123, 314, 2024, 2025]",0.0,0.0,0.0,0.0,0.0,10
FP,Protocol_LTP,10,"[1, 7, 13, 21, 42, 99, 123, 314, 2024, 2025]",0.0,0.0,0.0,0.0,0.0,10
FP,Protocol_LWAPP,10,"[1, 7, 13, 21, 42, 99, 123, 314, 2024, 2025]",0.0,0.0,0.0,0.0,0.0,10
FP,Protocol_MANOLITO,10,"[1, 7, 13, 21, 42, 99, 123, 314, 2024, 2025]",0.0,0.0,0.0,0.0,0.0,10
FP,Protocol_MDNS,10,"[1, 7, 13, 21, 42, 99, 123, 314, 2024, 2025]",0.0,0.0,0.0,0.0,0.0,10
FP,Protocol_MEMCACHE,10,"[1, 7, 13, 21, 42, 99, 123, 314, 2024, 2025]",0.0,0.0,0.0,0.0,0.0,10
FP,Protocol_MIH,10,"[1, 7, 13, 21, 42, 99, 123, 314, 2024, 2025]",0.0,0.0,0.0,0.0,0.0,10
FP,Protocol_MINT,10,"[1, 7, 13, 21, 42, 99, 123, 314, 2024, 2025]",0.0,0.0,0.0,0.0,0.0,10
FP,Protocol_MIPv6,10,"[1, 7, 13, 21, 42, 99, 123, 314, 2024, 2025]",0.0,0.0,0.0,0.0,0.0,10
FP,Protocol_MPLS,10,"[1, 7, 13, 21, 42, 99, 123, 314, 2024, 2025]",0.0,0.0,0.0,0.0,0.0,10
FP,Protocol_MSMMS,10,"[1, 7, 13, 21, 42, 99, 123, 314, 2024, 2025]",0.0,0.0,0.0,0.0,0.0,10
FP,Protocol_MSproxy,10,"[1, 7, 13, 21, 42, 99, 123, 314, 2024, 2025]",0.0,0.0,0.0,0.0,0.0,10
FP,Protocol_MobileIP,10,"[1, 7, 13, 21, 42, 99, 123, 314, 2024, 2025]",0.0,0.0,0.0,0.0,0.0,10
FP,Protocol_NBDS,10,"[1, 7, 13, 21, 42, 99, 123, 314, 2024, 2025]",0.0,0.0,0.0,0.0,0.0,10
FP,Protocol_NBNS,10,"[1, 7, 13, 21, 42, 99, 123, 314, 2024, 2025]",0.0,0.0,0.0,0.0,0.0,10
FP,Protocol_NCP,8,"[1, 7, 21, 42, 99, 123, 2024, 2025]",0.0,0.0,0.0,0.0,0.0,8
FP,Protocol_NTP,10,"[1, 7, 13, 21, 42, 99, 123, 314, 2024, 2025]",0.0,0.0,0.0,0.0,0.0,10
FP,Protocol_Nano,10,"[1, 7, 13, 21, 42, 99, 123, 314, 2024, 2025]",0.0,0.0,0.0,0.0,0.0,10
FP,Protocol_OCSP,10,"[1, 7, 13, 21, 42, 99, 123, 314, 2024, 2025]",0.0,0.0,0.0,0.0,0.0,10
FP,Protocol_OpenVPN,10,"[1, 7, 13, 21, 42, 99, 123, 314, 2024, 2025]",0.0,0.0,0.0,0.0,0.0,10
FP,Protocol_PFCP,10,"[1, 7, 13, 21, 42, 99, 123, 314, 2024, 2025]",0.0,0.0,0.0,0.0,0.0,10
FP,Protocol_PKTC,10,"[1, 7, 13, 21, 42, 99, 123, 314, 2024, 2025]",0.0,0.0,0.0,0.0,0.0,10
FP,Protocol_PN-RTC3,10,"[1, 7, 13, 21, 42, 99, 123, 314, 2024, 2025]",0.0,0.0,0.0,0.0,0.0,10
FP,Protocol_PTPv2,10,"[1, 7, 13, 21, 42, 99, 123, 314, 2024, 2025]",0.0,0.0,0.0,0.0,0.0,10
FP,Protocol_QUAKE,10,"[1, 7, 13, 21, 42, 99, 123, 314, 2024, 2025]",0.0,0.0,0.0,0.0,0.0,10
FP,Protocol_QUAKE2,9,"[1, 7, 13, 42, 99, 123, 314, 2024, 2025]",0.0,0.0,0.0,0.0,0.0,9
FP,Protocol_QUAKE3,10,"[1, 7, 13, 21, 42, 99, 123, 314, 2024, 2025]",0.0,0.0,0.0,0.0,0.0,10
FP,Protocol_QUAKEWORLD,10,"[1, 7, 13, 21, 42, 99, 123, 314, 2024, 2025]",0.0,0.0,0.0,0.0,0.0,10
FP,Protocol_QUIC,10,"[1, 7, 13, 21, 42, 99, 123, 314, 2024, 2025]",0.00031111992429941,0.0009838475862453016,0.0,-0.00039268224094373566,0.0010149220895425558,10
FP,Protocol_RDPUDP,10,"[1, 7, 13, 21, 42, 99, 123, 314, 2024, 2025]",0.0,0.0,0.0,0.0,0.0,10
FP,Protocol_RDT,10,"[1, 7, 13, 21, 42, 99, 123, 314, 2024, 2025]",0.0,0.0,0.0,0.0,0.0,10
FP,Protocol_RIP,10,"[1, 7, 13, 21, 42, 99, 123, 314, 2024, 2025]",0.0,0.0,0.0,0.0,0.0,10
FP,Protocol_RIPng,10,"[1, 7, 13, 21, 42, 99, 123, 314, 2024, 2025]",0.0,0.0,0.0,0.0,0.0,10
FP,Protocol_RPC,10,"[1, 7, 13, 21, 42, 99, 123, 314, 2024, 2025]",0.0,0.0,0.0,0.0,0.0,10
FP,Protocol_RRoCE,10,"[1, 7, 13, 21, 42, 99, 123, 314, 2024, 2025]",0.0,0.0,0.0,0.0,0.0,10
FP,Protocol_RSIP,10,"[1, 7, 13, 21, 42, 99, 123, 314, 2024, 2025]",0.0,0.0,0.0,0.0,0.0,10
FP,Protocol_RSVP,9,"[1, 7, 13, 21, 99, 123, 314, 2024, 2025]",0.0,0.0,0.0,0.0,0.0,9
FP,Protocol_RakNet,10,"[1, 7, 13, 21, 42, 99, 123, 314, 2024, 2025]",0.0,0.0,0.0,0.0,0.0,10
FP,Protocol_SABP,10,"[1, 7, 13, 21, 42, 99, 123, 314, 2024, 2025]",0.0,0.0,0.0,0.0,0.0,10
FP,Protocol_SAP,10,"[1, 7, 13, 21, 42, 99, 123, 314, 2024, 2025]",0.0,0.0,0.0,0.0,0.0,10
FP,Protocol_SCoP,10,"[1, 7, 13, 21, 42, 99, 123, 314, 2024, 2025]",0.0,0.0,0.0,0.0,0.0,10
FP,Protocol_SEBEK,10,"[1, 7, 13, 21, 42, 99, 123, 314, 2024, 2025]",0.0,0.0,0.0,0.0,0.0,10
FP,Protocol_SRVLOC,10,"[1, 7, 13, 21, 42, 99, 123, 314, 2024, 2025]",0.0,0.0,0.0,0.0,0.0,10
FP,Protocol_Syslog,10,"[1, 7, 13, 21, 42, 99, 123, 314, 2024, 2025]",0.0,0.0,0.0,0.0,0.0,10
FP,Protocol_TETRA,10,"[1, 7, 13, 21, 42, 99, 123, 314, 2024, 2025]",0.0,0.0,0.0,0.0,0.0,10
FP,Protocol_TFTP,10,"[1, 7, 13, 21, 42, 99, 123, 314, 2024, 2025]",0.0,0.0,0.0,0.0,0.0,10
FP,Protocol_TIME,10,"[1, 7, 13, 21, 42, 99, 123, 314, 2024, 2025]",0.0,0.0,0.0,0.0,0.0,10
FP,Protocol_TIPC,10,"[1, 7, 13, 21, 42, 99, 123, 314, 2024, 2025]",0.0,0.0,0.0,0.0,0.0,10
FP,Protocol_TLSv1.2,10,"[1, 7, 13, 21, 42, 99, 123, 314, 2024, 2025]",0.0,0.0,0.0,0.0,0.0,10
FP,Protocol_TLSv1.3,10,"[1, 7, 13, 21, 42, 99, 123, 314, 2024, 2025]",8.071212796494e-05,0.00025523415916818136,0.0,-0.00010187139043563436,0.00026329564636551437,10
FP,Protocol_TPCP,10,"[1, 7, 13, 21, 42, 99, 123, 314, 2024, 2025]",0.0,0.0,0.0,0.0,0.0,10
FP,Protocol_TPKT,10,"[1, 7, 13, 21, 42, 99, 123, 314, 2024, 2025]",0.0,0.0,0.0,0.0,0.0,10
FP,Protocol_TRDP,10,"[1, 7, 13, 21, 42, 99, 123, 314, 2024, 2025]",0.0,0.0,0.0,0.0,0.0,10
FP,Protocol_TS2,10,"[1, 7, 13, 21, 42, 99, 123, 314, 2024, 2025]",0.0,0.0,0.0,0.0,0.0,10
FP,Protocol_TSP,10,"[1, 7, 13, 21, 42, 99, 123, 314, 2024, 2025]",0.0,0.0,0.0,0.0,0.0,10
FP,Protocol_TZSP,10,"[1, 7, 13, 21, 42, 99, 123, 314, 2024, 2025]",0.0,0.0,0.0,0.0,0.0,10
FP,Protocol_UAUDP,10,"[1, 7, 13, 21, 42, 99, 123, 314, 2024, 2025]",0.0,0.0,0.0,0.0,0.0,10
FP,Protocol_UDP,10,"[1, 7, 13, 21, 42, 99, 123, 314, 2024, 2025]",0.0,0.0,0.0,0.0,0.0,10
FP,Protocol_ULP,10,"[1, 7, 13, 21, 42, 99, 123, 314, 2024, 2025]",0.0,0.0,0.0,0.0,0.0,10
FP,Protocol_VITA 49,9,"[1, 7, 13, 21, 42, 99, 123, 314, 2024]",0.0,0.0,0.0,0.0,0.0,9
FP,Protocol_VMWARE-HB,10,"[1, 7, 13, 21, 42, 99, 123, 314, 2024, 2025]",0.0,0.0,0.0,0.0,0.0,10
FP,Protocol_Vuze-DHT,10,"[1, 7, 13, 21, 42, 99, 123, 314, 2024, 2025]",0.0,0.0,0.0,0.0,0.0,10
FP,Protocol_VxLAN,10,"[1, 7, 13, 21, 42, 99, 123, 314, 2024, 2025]",0.0,0.0,0.0,0.0,0.0,10
FP,Protocol_WHO,10,"[1, 7, 13, 21, 42, 99, 123, 314, 2024, 2025]",0.0,0.0,0.0,0.0,0.0,10
FP,Protocol_WLCCP,10,"[1, 7, 13, 21, 42, 99, 123, 314, 2024, 2025]",0.0,0.0,0.0,0.0,0.0,10
FP,Protocol_WSP,10,"[1, 7, 13, 21, 42, 99, 123, 314, 2024, 2025]",0.0,0.0,0.0,0.0,0.0,10
FP,Protocol_WTLS+WSP,10,"[1, 7, 13, 21, 42, 99, 123, 314, 2024, 2025]",0.0,0.0,0.0,0.0,0.0,10
FP,Protocol_WTLS+WTP+WSP,10,"[1, 7, 13, 21, 42, 99, 123, 314, 2024, 2025]",0.0,0.0,0.0,0.0,0.0,10
FP,Protocol_WTP+WSP,10,"[1, 7, 13, 21, 42, 99, 123, 314, 2024, 2025]",0.0,0.0,0.0,0.0,0.0,10
FP,Protocol_XTACACS,10,"[1, 7, 13, 21, 42, 99, 123, 314, 2024, 2025]",0.0,0.0,0.0,0.0,0.0,10
FP,Protocol_XYPLEX,10,"[1, 7, 13, 21, 42, 99, 123, 314, 2024, 2025]",0.0,0.0,0.0,0.0,0.0,10
FP,Protocol_Z21,10,"[1, 7, 13, 21, 42, 99, 123, 314, 2024, 2025]",0.0,0.0,0.0,0.0,0.0,10
FP,Protocol_collectd,10,"[1, 7, 13, 21, 42, 99, 123, 314, 2024, 2025]",0.0,0.0,0.0,0.0,0.0,10
FP,Protocol_lw_res,10,"[1, 7, 13, 21, 42, 99, 123, 314, 2024, 2025]",0.0,0.0,0.0,0.0,0.0,10
FP,Protocol_openSAFETY over UDP,10,"[1, 7, 13, 21, 42, 99, 123, 314, 2024, 2025]",0.0,0.0,0.0,0.0,0.0,10
FP,"Http_request_method_GET,GET",5,"[1, 7, 13, 42, 2024]",0.0,0.0,0.0,0.0,0.0,5
FP,"Http_request_method_GET,GET,GET,GET,GET,GET,GET,GET,GET,GET",7,"[1, 7, 13, 21, 42, 2024, 2025]",0.0,0.0,0.0,0.0,0.0,7
FP,Http_request_method_POST,10,"[1, 7, 13, 21, 42, 99, 123, 314, 2024, 2025]",0.0004276925115846,0.0010363323652504111,0.0,-0.0003136550027781949,0.001169040025947395,10
FP,Http_response_code_200,10,"[1, 7, 13, 21, 42, 99, 123, 314, 2024, 2025]",0.0,0.0,0.0,0.0,0.0,10
FP,"Http_response_code_200,200",8,"[1, 7, 21, 42, 99, 123, 2024, 2025]",0.0,0.0,0.0,0.0,0.0,8
FP,Http_response_code_204,10,"[1, 7, 13, 21, 42, 99, 123, 314, 2024, 2025]",0.0,0.0,0.0,0.0,0.0,10
FP,Http_response_code_304,7,"[1, 13, 21, 99, 123, 2024, 2025]",0.0,0.0,0.0,0.0,0.0,7
FP,Http_response_code_404,10,"[1, 7, 13, 21, 42, 99, 123, 314, 2024, 2025]",0.0,0.0,0.0,0.0,0.0,10
FP,Tcp_flags_reset_Set,10,"[1, 7, 13, 21, 42, 99, 123, 314, 2024, 2025]",0.00411719584371892,0.005129675903119007,0.00160566030535845,0.0004476467610314322,0.007786744926406408,10
FP,http_accept_text/*,10,"[1, 7, 13, 21, 42, 99, 123, 314, 2024, 2025]",0.0,0.0,0.0,0.0,0.0,10
FP,"http_accept_text/*,text/*",5,"[1, 7, 13, 42, 2024]",0.0,0.0,0.0,0.0,0.0,5
FP,"http_accept_text/*,text/*,text/*,text/*,text/*,text/*,text/*,text/*,text/*,text/*",7,"[1, 7, 13, 21, 42, 2024, 2025]",0.0,0.0,0.0,0.0,0.0,7
FP,Icmp_type_3,10,"[1, 7, 13, 21, 42, 99, 123, 314, 2024, 2025]",0.0,0.0,0.0,0.0,0.0,10
FP,Icmp_type_8,10,"[1, 7, 13, 21, 42, 99, 123, 314, 2024, 2025]",0.00029840822244294005,0.0006622253215633141,0.0,-0.00017531923464602077,0.0007721356795319009,10
FP,Icmp_code_3,10,"[1, 7, 13, 21, 42, 99, 123, 314, 2024, 2025]",0.0,0.0,0.0,0.0,0.0,10
FP,Icmp_code_9,9,"[1, 7, 13, 21, 42, 99, 314, 2024, 2025]",0.0,0.0,0.0,0.0,0.0,9
FP,Http_user_agent_Debian APT-HTTP/1.3 (2.4.9),10,"[1, 7, 13, 21, 42, 99, 123, 314, 2024, 2025]",0.0,0.0,0.0,0.0,0.0,10
FP,"Http_user_agent_Debian APT-HTTP/1.3 (2.4.9),Debian APT-HTTP/1.3 (2.4.9)",5,"[1, 7, 13, 42, 2024]",0.0,0.0,0.0,0.0,0.0,5
FP,"Http_user_agent_Debian APT-HTTP/1.3 (2.4.9),Debian APT-HTTP/1.3 (2.4.9),Debian APT-HTTP/1.3 (2.4.9),Debian APT-HTTP/1.3 (2.4.9),Debian APT-HTTP/1.3 (2.4.9),Debian APT-HTTP/1.3 (2.4.9),Debian APT-HTTP/1.3 (2.4.9),Debian APT-HTTP/1.3 (2.4.9),Debian APT-HTTP/1.3 (2.4.9),Debian APT-HTTP/1.3 (2.4.9)",7,"[1, 7, 13, 21, 42, 2024, 2025]",0.0,0.0,0.0,0.0,0.0,7
FP,"Http_user_agent_Mozilla/5.0 (Macintosh; Intel Mac OS X 10_15_7) AppleWebKit/605.1.15 (KHTML, like Gecko) Version/14.1.1 Safari/605.1.15",10,"[1, 7, 13, 21, 42, 99, 123, 314, 2024, 2025]",0.00031335465610027,0.000990914428695629,0.0,-0.00039550282369312396,0.001022212135893664,10
FP,Http_user_agent_Mozilla/5.0 (Windows NT 10.0; WOW64; rv:53.0) Gecko/20100101 Firefox/53.0,10,"[1, 7, 13, 21, 42, 99, 123, 314, 2024, 2025]",0.0,0.0,0.0,0.0,0.0,10
FP,"Http_user_agent_Mozilla/5.0 (Windows NT 10.0; Win64; x64) AppleWebKit/537.36 (KHTML, like Gecko) Chrome/58.0.3029.110 Safari/537.36",10,"[1, 7, 13, 21, 42, 99, 123, 314, 2024, 2025]",0.0,0.0,0.0,0.0,0.0,10
FP,Http_user_agent_Mozilla/5.0 (X11; Linux x86_64; rv:128.0) Gecko/20100101 Firefox/128.0,10,"[1, 7, 13, 21, 42, 99, 123, 314, 2024, 2025]",0.0,0.0,0.0,0.0,0.0,10
FP,Http_user_agent_Mozilla/5.0 (X11; Ubuntu; Linux x86_64; rv:89.0) Gecko/20100101 Firefox/89.0,10,"[1, 7, 13, 21, 42, 99, 123, 314, 2024, 2025]",0.00248340955004095,0.005856210912037792,0.0,-0.0017058713687060495,0.00667269046878795,10
FP,Http_user_agent_Mozilla/5.0 (compatible; Nmap Scripting Engine; https://nmap.org/book/nse.html),10,"[1, 7, 13, 21, 42, 99, 123, 314, 2024, 2025]",0.0,0.0,0.0,0.0,0.0,10
FP,Http_user_agent_python-requests/2.32.3,10,"[1, 7, 13, 21, 42, 99, 123, 314, 2024, 2025]",0.0,0.0,0.0,0.0,0.0,10
FP,Tls_record_â\234\223,10,"[1, 7, 13, 21, 42, 99, 123, 314, 2024, 2025]",2.8827096684830003e-05,9.115928385395187e-05,0.0,-3.638432656343458e-05,9.403851993309458e-05,10
FP,tls_handshake_â\234\223,10,"[1, 7, 13, 21, 42, 99, 123, 314, 2024, 2025]",0.0,0.0,0.0,0.0,0.0,10
FP,Http_request_uri_query_ipv4,10,"[1, 7, 13, 21, 42, 99, 123, 314, 2024, 2025]",0.0,0.0,0.0,0.0,0.0,10
FP,Time_response_Request,10,"[1, 7, 13, 21, 42, 99, 123, 314, 2024, 2025]",0.0,0.0,0.0,0.0,0.0,10
FP,Tcp_analysis_flags_â\234\223,10,"[1, 7, 13, 21, 42, 99, 123, 314, 2024, 2025]",0.0,0.0,0.0,0.0,0.0,10
TN,ip_ttl,10,"[1, 7, 13, 21, 42, 99, 123, 314, 2024, 2025]",1.1484318614006042,0.3316565820144524,1.1367010474205017,0.9111790350459394,1.3856846877552689,10
TN,Protocol_TCP,10,"[1, 7, 13, 21, 42, 99, 123, 314, 2024, 2025]",0.6448050677776337,0.18760971462092926,0.5746440291404724,0.5105971627963664,0.779012972758901,10
TN,Udp_length,10,"[1, 7, 13, 21, 42, 99, 123, 314, 2024, 2025]",0.5158226311206817,0.1395688728434756,0.4882774353027344,0.4159810740735599,0.6156641881678035,10
TN,Tcp_flags_reset_Not set,10,"[1, 7, 13, 21, 42, 99, 123, 314, 2024, 2025]",0.3140867963433266,0.08833551840438411,0.29554578661918635,0.2508953732102517,0.3772782194764015,10
TN,frame_len,10,"[1, 7, 13, 21, 42, 99, 123, 314, 2024, 2025]",0.3039723739027977,0.04860913146542083,0.302342414855957,0.269199496015773,0.3387452517898224,10
TN,ip_len,10,"[1, 7, 13, 21, 42, 99, 123, 314, 2024, 2025]",0.34202808141708374,0.051042145047234776,0.3433127701282501,0.30551473046198796,0.3785414323721795,10
TN,Tcp_len,10,"[1, 7, 13, 21, 42, 99, 123, 314, 2024, 2025]",0.2650944754481316,0.08364106410656898,0.27222976088523865,0.2052612626167624,0.3249276882795008,10
TN,Tcp_analysis_flags_missing,10,"[1, 7, 13, 21, 42, 99, 123, 314, 2024, 2025]",0.3015754193067551,0.110679451813406,0.2345416396856308,0.2224001091029877,0.38075072951052247,10
TN,Http_request_uri_query_missing,10,"[1, 7, 13, 21, 42, 99, 123, 314, 2024, 2025]",0.10026466064155097,0.07335214348513243,0.0937990956008434,0.047791698231710394,0.15273762305139155,10
TN,Http_response_code_missing,10,"[1, 7, 13, 21, 42, 99, 123, 314, 2024, 2025]",0.20887371972203256,0.1355317296284665,0.18153218924999237,0.1119201609541601,0.305827278489905,10
TN,Protocol_QUIC,10,"[1, 7, 13, 21, 42, 99, 123, 314, 2024, 2025]",0.07812912613153453,0.023899997584281116,0.07594119384884829,0.06103209780693683,0.09522615445613222,10
TN,Tls_record_missing,10,"[1, 7, 13, 21, 42, 99, 123, 314, 2024, 2025]",0.12294086366891857,0.06660416914131825,0.09584581106901166,0.07529511130723832,0.17058661603059883,10
TN,Frame_time_delta,10,"[1, 7, 13, 21, 42, 99, 123, 314, 2024, 2025]",0.08467361629009243,0.016879422486506486,0.08505163341760635,0.07259880484557349,0.09674842773461137,10
TN,http_accept_missing,10,"[1, 7, 13, 21, 42, 99, 123, 314, 2024, 2025]",0.05087431846186513,0.028720634693430145,0.0446903705596923,0.030328814090059216,0.07141982283367104,10
TN,Http_user_agent_missing,10,"[1, 7, 13, 21, 42, 99, 123, 314, 2024, 2025]",0.06961419284343714,0.043925137521474845,0.058667704463004997,0.03819204237173895,0.10103634331513534,10
TN,Tls_record_â\234\223,10,"[1, 7, 13, 21, 42, 99, 123, 314, 2024, 2025]",0.04176664496771988,0.02216079489239803,0.04359016753733155,0.02591376729964352,0.05761952263579624,10
TN,Http_request_method_missing,10,"[1, 7, 13, 21, 42, 99, 123, 314, 2024, 2025]",0.048988624662160835,0.03441218676618457,0.032016791403293554,0.024371629209418388,0.07360562011490328,10
TN,Icmp_code_missing,10,"[1, 7, 13, 21, 42, 99, 123, 314, 2024, 2025]",0.056117939576506556,0.028978310979441767,0.05221598222851745,0.03538810469399735,0.07684777445901576,10
TN,Time_response_missing,10,"[1, 7, 13, 21, 42, 99, 123, 314, 2024, 2025]",0.09087250828742977,0.04189260689009541,0.0777412317693233,0.06090434263948576,0.12084067393537376,10
TN,Tcp_analysis_flags_â\234\223,10,"[1, 7, 13, 21, 42, 99, 123, 314, 2024, 2025]",0.042370236292481364,0.008836849739554977,0.0448707621544599,0.03604873480426564,0.04869173778069709,10
TN,Tcp_hdr_len,10,"[1, 7, 13, 21, 42, 99, 123, 314, 2024, 2025]",0.08909950032830234,0.05928789517457967,0.057523367926478344,0.046687495074701935,0.13151150558190275,10
TN,tls_handshake_missing,10,"[1, 7, 13, 21, 42, 99, 123, 314, 2024, 2025]",0.06921261008828875,0.043189398817093945,0.0551100559532642,0.03831677537975934,0.10010844479681816,10
TN,Icmp_type_missing,10,"[1, 7, 13, 21, 42, 99, 123, 314, 2024, 2025]",0.05787423830479379,0.04206584921524413,0.0391183979809284,0.027782142563148236,0.08796633404643935,10
TN,Tcp_flags_reset_missing,10,"[1, 7, 13, 21, 42, 99, 123, 314, 2024, 2025]",0.02921181702986355,0.011874142010325448,0.0272732032462954,0.020717567540300852,0.03770606651942625,10
TN,Protocol_TLSv1.3,10,"[1, 7, 13, 21, 42, 99, 123, 314, 2024, 2025]",0.01731352210044857,0.008160554543629545,0.01538489852100605,0.01147581305111289,0.023151231149784252,10
TN,tls_handshake_â\234\223,10,"[1, 7, 13, 21, 42, 99, 123, 314, 2024, 2025]",0.014545556996017658,0.00741888751116639,0.012838411144912201,0.009238404580285265,0.019852709411750054,10
TN,Protocol_TLSv1.2,10,"[1, 7, 13, 21, 42, 99, 123, 314, 2024, 2025]",0.008618036261759651,0.0027814152668331404,0.00896346522495145,0.006628331642258325,0.010607740881260978,10
TN,Http_response_code_200,10,"[1, 7, 13, 21, 42, 99, 123, 314, 2024, 2025]",0.00508416544180358,0.002900053323326928,0.00428173970431085,0.003009592269278485,0.007158738614328674,10
TN,Tcp_flags_reset_Set,10,"[1, 7, 13, 21, 42, 99, 123, 314, 2024, 2025]",0.00570481282193209,0.002410048305514756,0.0045664082281291,0.0039807681228592115,0.007428857521004969,10
TN,Http_time,10,"[1, 7, 13, 21, 42, 99, 123, 314, 2024, 2025]",0.01027744070161128,0.008284497027704585,0.0066345352679490505,0.00435106854034936,0.0162038128628732,10
TN,Protocol_NTP,10,"[1, 7, 13, 21, 42, 99, 123, 314, 2024, 2025]",0.0045923063298686905,0.002330885565434915,0.0036491196369752,0.0029248912436074864,0.006259721416129895,10
TN,Protocol_MDNS,10,"[1, 7, 13, 21, 42, 99, 123, 314, 2024, 2025]",0.0033723985543474,0.0014051685700073211,0.0031808608910068497,0.0023672015137397393,0.004377595594955061,10
TN,Protocol_OCSP,10,"[1, 7, 13, 21, 42, 99, 123, 314, 2024, 2025]",0.00189407607540484,0.0009317783620185224,0.00164229387883095,0.0012275219893008562,0.002560630161508824,10
TN,Protocol_IGMPv3,10,"[1, 7, 13, 21, 42, 99, 123, 314, 2024, 2025]",0.00032067063730208004,0.00043093156806857803,0.0,1.2400764083455175e-05,0.0006289405105207048,10
TN,Tcp_window_size,10,"[1, 7, 13, 21, 42, 99, 123, 314, 2024, 2025]",0.011980589226004609,0.03506132994718861,0.0008979385602286999,-0.013100775284232839,0.037061953736242055,10
TN,Protocol_HTTP,10,"[1, 7, 13, 21, 42, 99, 123, 314, 2024, 2025]",0.00082182026526422,0.001288215075976822,0.0001009506959235,-9.971328571132404e-05,0.0017433538162397642,10
TN,Protocol_DNS,10,"[1, 7, 13, 21, 42, 99, 123, 314, 2024, 2025]",7.360467188845355e-05,4.782761315519245e-05,5.7895218560588546e-05,3.9390858521793215e-05,0.00010781848525511387,10
TN,Protocol_DHCP,10,"[1, 7, 13, 21, 42, 99, 123, 314, 2024, 2025]",0.00026129407997353926,0.00015466163775247404,0.00023362394858845,0.0001506558093185737,0.0003719323506285048,10
TN,Http_content_length,10,"[1, 7, 13, 21, 42, 99, 123, 314, 2024, 2025]",0.0008641597926725718,0.0025717908523585978,5.0089774958905764e-05,-0.000975588554274333,0.0027039081396194767,10
TN,Http_response_code_204,10,"[1, 7, 13, 21, 42, 99, 123, 314, 2024, 2025]",1.710395372356288e-05,2.352082438255606e-05,0.0,2.7816956737820823e-07,3.392973787974756e-05,10
TN,Protocol_0x000d,10,"[1, 7, 13, 21, 42, 99, 123, 314, 2024, 2025]",0.0,0.0,0.0,0.0,0.0,10
TN,Protocol_0x8dcc,10,"[1, 7, 13, 21, 42, 99, 123, 314, 2024, 2025]",0.0,0.0,0.0,0.0,0.0,10
TN,Protocol_0xca0a,10,"[1, 7, 13, 21, 42, 99, 123, 314, 2024, 2025]",0.0,0.0,0.0,0.0,0.0,10
TN,Protocol_5co-legacy,10,"[1, 7, 13, 21, 42, 99, 123, 314, 2024, 2025]",0.0,0.0,0.0,0.0,0.0,10
TN,Protocol_5co-rap,10,"[1, 7, 13, 21, 42, 99, 123, 314, 2024, 2025]",0.0,0.0,0.0,0.0,0.0,10
TN,Protocol_? KNXnet/IP,10,"[1, 7, 13, 21, 42, 99, 123, 314, 2024, 2025]",0.0,0.0,0.0,0.0,0.0,10
TN,Protocol_A21,10,"[1, 7, 13, 21, 42, 99, 123, 314, 2024, 2025]",0.0,0.0,0.0,0.0,0.0,10
TN,Protocol_AC DR,9,"[1, 7, 13, 21, 42, 99, 123, 314, 2025]",0.0,0.0,0.0,0.0,0.0,9
TN,Protocol_ADP,10,"[1, 7, 13, 21, 42, 99, 123, 314, 2024, 2025]",0.0,0.0,0.0,0.0,0.0,10
TN,Protocol_ALC,8,"[1, 7, 13, 21, 42, 99, 314, 2025]",0.0,0.0,0.0,0.0,0.0,8
TN,Protocol_ALLJOYN-ARDP,10,"[1, 7, 13, 21, 42, 99, 123, 314, 2024, 2025]",0.0,0.0,0.0,0.0,0.0,10
TN,Protocol_ALLJOYN-NS,10,"[1, 7, 13, 21, 42, 99, 123, 314, 2024, 2025]",0.0,0.0,0.0,0.0,0.0,10
TN,Protocol_AMT,10,"[1, 7, 13, 21, 42, 99, 123, 314, 2024, 2025]",0.0,0.0,0.0,0.0,0.0,10
TN,Protocol_ANSI C12.22,10,"[1, 7, 13, 21, 42, 99, 123, 314, 2024, 2025]",0.0,0.0,0.0,0.0,0.0,10
TN,Protocol_AODV,10,"[1, 7, 13, 21, 42, 99, 123, 314, 2024, 2025]",0.0,0.0,0.0,0.0,0.0,10
TN,Protocol_ASAP,7,"[1, 7, 13, 21, 99, 314, 2025]",0.0,0.0,0.0,0.0,0.0,7
TN,Protocol_ASTERIX,10,"[1, 7, 13, 21, 42, 99, 123, 314, 2024, 2025]",0.0,0.0,0.0,0.0,0.0,10
TN,Protocol_AX4000,8,"[1, 7, 21, 42, 99, 314, 2024, 2025]",0.0,0.0,0.0,0.0,0.0,8
TN,Protocol_AYIYA,10,"[1, 7, 13, 21, 42, 99, 123, 314, 2024, 2025]",0.0,0.0,0.0,0.0,0.0,10
TN,Protocol_Auto-RP,10,"[1, 7, 13, 21, 42, 99, 123, 314, 2024, 2025]",0.0,0.0,0.0,0.0,0.0,10
TN,Protocol_BAT_BATMAN,10,"[1, 7, 13, 21, 42, 99, 123, 314, 2024, 2025]",0.0,0.0,0.0,0.0,0.0,10
TN,Protocol_BAT_GW,9,"[1, 7, 13, 42, 99, 123, 314, 2024, 2025]",0.0,0.0,0.0,0.0,0.0,9
TN,Protocol_BAT_VIS,10,"[1, 7, 13, 21, 42, 99, 123, 314, 2024, 2025]",0.0,0.0,0.0,0.0,0.0,10
TN,Protocol_BFD Control,10,"[1, 7, 13, 21, 42, 99, 123, 314, 2024, 2025]",0.0,0.0,0.0,0.0,0.0,10
TN,Protocol_BFD Echo,10,"[1, 7, 13, 21, 42, 99, 123, 314, 2024, 2025]",0.0,0.0,0.0,0.0,0.0,10
TN,Protocol_BOOTP,10,"[1, 7, 13, 21, 42, 99, 123, 314, 2024, 2025]",0.0,0.0,0.0,0.0,0.0,10
TN,Protocol_CAPWAP-Control,10,"[1, 7, 13, 21, 42, 99, 123, 314, 2024, 2025]",0.0,0.0,0.0,0.0,0.0,10
TN,Protocol_CAPWAP-Data,10,"[1, 7, 13, 21, 42, 99, 123, 314, 2024, 2025]",0.0,0.0,0.0,0.0,0.0,10
TN,Protocol_CIP I/O,10,"[1, 7, 13, 21, 42, 99, 123, 314, 2024, 2025]",0.0,0.0,0.0,0.0,0.0,10
TN,Protocol_CLDAP,10,"[1, 7, 13, 21, 42, 99, 123, 314, 2024, 2025]",0.0,0.0,0.0,0.0,0.0,10
TN,Protocol_CN/IP,10,"[1, 7, 13, 21, 42, 99, 123, 314, 2024, 2025]",0.0,0.0,0.0,0.0,0.0,10
TN,Protocol_CUPS,10,"[1, 7, 13, 21, 42, 99, 123, 314, 2024, 2025]",0.0,0.0,0.0,0.0,0.0,10
TN,Protocol_Chargen,10,"[1, 7, 13, 21, 42, 99, 123, 314, 2024, 2025]",0.0,0.0,0.0,0.0,0.0,10
TN,Protocol_CoAP,10,"[1, 7, 13, 21, 42, 99, 123, 314, 2024, 2025]",0.0,0.0,0.0,0.0,0.0,10
TN,Protocol_DAYTIME,10,"[1, 7, 13, 21, 42, 99, 123, 314, 2024, 2025]",0.0,0.0,0.0,0.0,0.0,10
TN,Protocol_DB-LSP-DISC,10,"[1, 7, 13, 21, 42, 99, 123, 314, 2024, 2025]",0.0,0.0,0.0,0.0,0.0,10
TN,Protocol_DCC,10,"[1, 7, 13, 21, 42, 99, 123, 314, 2024, 2025]",0.0,0.0,0.0,0.0,0.0,10
TN,Protocol_DHCPv6,10,"[1, 7, 13, 21, 42, 99, 123, 314, 2024, 2025]",0.0,0.0,0.0,0.0,0.0,10
TN,Protocol_DIS,10,"[1, 7, 13, 21, 42, 99, 123, 314, 2024, 2025]",0.0,0.0,0.0,0.0,0.0,10
TN,Protocol_DISCARD,9,"[1, 7, 13, 21, 42, 123, 314, 2024, 2025]",0.0,0.0,0.0,0.0,0.0,9
TN,Protocol_DLEP,10,"[1, 7, 13, 21, 42, 99, 123, 314, 2024, 2025]",0.0,0.0,0.0,0.0,0.0,10
TN,Protocol_DNPv14,10,"[1, 7, 13, 21, 42, 99, 123, 314, 2024, 2025]",0.0,0.0,0.0,0.0,0.0,10
TN,Protocol_DPNET,10,"[1, 7, 13, 21, 42, 99, 123, 314, 2024, 2025]",0.0,0.0,0.0,0.0,0.0,10
TN,Protocol_DTLS,10,"[1, 7, 13, 21, 42, 99, 123, 314, 2024, 2025]",0.0,0.0,0.0,0.0,0.0,10
TN,Protocol_EAPOL,10,"[1, 7, 13, 21, 42, 99, 123, 314, 2024, 2025]",0.0,0.0,0.0,0.0,0.0,10
TN,Protocol_ECHO,10,"[1, 7, 13, 21, 42, 99, 123, 314, 2024, 2025]",0.0,0.0,0.0,0.0,0.0,10
TN,Protocol_ECMP,10,"[1, 7, 13, 21, 42, 99, 123, 314, 2024, 2025]",0.0,0.0,0.0,0.0,0.0,10
TN,Protocol_ENIP,10,"[1, 7, 13, 21, 42, 99, 123, 314, 2024, 2025]",0.0,0.0,0.0,0.0,0.0,10
TN,Protocol_ENRP,10,"[1, 7, 13, 21, 42, 99, 123, 314, 2024, 2025]",0.0,0.0,0.0,0.0,0.0,10
TN,Protocol_ESP,10,"[1, 7, 13, 21, 42, 99, 123, 314, 2024, 2025]",0.0,0.0,0.0,0.0,0.0,10
TN,Protocol_Elasticsearch,10,"[1, 7, 13, 21, 42, 99, 123, 314, 2024, 2025]",0.0,0.0,0.0,0.0,0.0,10
TN,Protocol_FIND,10,"[1, 7, 13, 21, 42, 99, 123, 314, 2024, 2025]",0.0,0.0,0.0,0.0,0.0,10
TN,Protocol_GPRS-NS,10,"[1, 7, 13, 21, 42, 99, 123, 314, 2024, 2025]",0.0,0.0,0.0,0.0,0.0,10
TN,Protocol_GSMTAP,10,"[1, 7, 13, 21, 42, 99, 123, 314, 2024, 2025]",0.0,0.0,0.0,0.0,0.0,10
TN,Protocol_Geneve,10,"[1, 7, 13, 21, 42, 99, 123, 314, 2024, 2025]",0.0,0.0,0.0,0.0,0.0,10
TN,Protocol_H.225.0,10,"[1, 7, 13, 21, 42, 99, 123, 314, 2024, 2025]",0.0,0.0,0.0,0.0,0.0,10
TN,Protocol_H.248,10,"[1, 7, 13, 21, 42, 99, 123, 314, 2024, 2025]",0.0,0.0,0.0,0.0,0.0,10
TN,Protocol_HCrt,10,"[1, 7, 13, 21, 42, 99, 123, 314, 2024, 2025]",0.0,0.0,0.0,0.0,0.0,10
TN,Protocol_HICP,10,"[1, 7, 13, 21, 42, 99, 123, 314, 2024, 2025]",0.0,0.0,0.0,0.0,0.0,10
TN,Protocol_HiQnet,10,"[1, 7, 13, 21, 42, 99, 123, 314, 2024, 2025]",0.0,0.0,0.0,0.0,0.0,10
TN,Protocol_IAPP,10,"[1, 7, 13, 21, 42, 99, 123, 314, 2024, 2025]",0.0,0.0,0.0,0.0,0.0,10
TN,Protocol_IAX2,10,"[1, 7, 13, 21, 42, 99, 123, 314, 2024, 2025]",0.0,0.0,0.0,0.0,0.0,10
TN,Protocol_ICMP,10,"[1, 7, 13, 21, 42, 99, 123, 314, 2024, 2025]",0.0,0.0,0.0,0.0,0.0,10
TN,Protocol_ICMPv6,10,"[1, 7, 13, 21, 42, 99, 123, 314, 2024, 2025]",1.945011899806e-05,6.150667679518171e-05,0.0,-2.4549107010678867e-05,6.344934500679887e-05,10
TN,Protocol_ICP,6,"[1, 13, 21, 123, 314, 2024]",0.0,0.0,0.0,0.0,0.0,6
TN,Protocol_IDN,10,"[1, 7, 13, 21, 42, 99, 123, 314, 2024, 2025]",0.0,0.0,0.0,0.0,0.0,10
TN,Protocol_IEEE1722,10,"[1, 7, 13, 21, 42, 99, 123, 314, 2024, 2025]",0.0,0.0,0.0,0.0,0.0,10
TN,Protocol_IPVS,7,"[1, 42, 99, 123, 314, 2024, 2025]",0.0,0.0,0.0,0.0,0.0,7
TN,Protocol_IPX,10,"[1, 7, 13, 21, 42, 99, 123, 314, 2024, 2025]",0.0,0.0,0.0,0.0,0.0,10
TN,Protocol_IPv6,10,"[1, 7, 13, 21, 42, 99, 123, 314, 2024, 2025]",0.0,0.0,0.0,0.0,0.0,10
TN,Protocol_ISAKMP,10,"[1, 7, 13, 21, 42, 99, 123, 314, 2024, 2025]",0.0,0.0,0.0,0.0,0.0,10
TN,Protocol_KDP,10,"[1, 7, 13, 21, 42, 99, 123, 314, 2024, 2025]",0.0,0.0,0.0,0.0,0.0,10
TN,Protocol_KINK,10,"[1, 7, 13, 21, 42, 99, 123, 314, 2024, 2025]",0.0,0.0,0.0,0.0,0.0,10
TN,Protocol_KNET,10,"[1, 7, 13, 21, 42, 99, 123, 314, 2024, 2025]",0.0,0.0,0.0,0.0,0.0,10
TN,Protocol_KPASSWD,10,"[1, 7, 13, 21, 42, 99, 123, 314, 2024, 2025]",0.0,0.0,0.0,0.0,0.0,10
TN,Protocol_L2TP,10,"[1, 7, 13, 21, 42, 99, 123, 314, 2024, 2025]",0.0,0.0,0.0,0.0,0.0,10
TN,Protocol_LISP,10,"[1, 7, 13, 21, 42, 99, 123, 314, 2024, 2025]",0.0,0.0,0.0,0.0,0.0,10
TN,Protocol_LLC,10,"[1, 7, 13, 21, 42, 99, 123, 314, 2024, 2025]",0.0,0.0,0.0,0.0,0.0,10
TN,Protocol_LLMNR,10,"[1, 7, 13, 21, 42, 99, 123, 314, 2024, 2025]",0.0,0.0,0.0,0.0,0.0,10
TN,Protocol_LLS,10,"[1, 7, 13, 21, 42, 99, 123, 314, 2024, 2025]",0.0,0.0,0.0,0.0,0.0,10
TN,Protocol_LMP,10,"[1, 7, 13, 21, 42, 99, 123, 314, 2024, 2025]",0.0,0.0,0.0,0.0,0.0,10
TN,Protocol_LTP,10,"[1, 7, 13, 21, 42, 99, 123, 314, 2024, 2025]",0.0,0.0,0.0,0.0,0.0,10
TN,Protocol_LWAPP,10,"[1, 7, 13, 21, 42, 99, 123, 314, 2024, 2025]",0.0,0.0,0.0,0.0,0.0,10
TN,Protocol_MANOLITO,10,"[1, 7, 13, 21, 42, 99, 123, 314, 2024, 2025]",0.0,0.0,0.0,0.0,0.0,10
TN,Protocol_MEMCACHE,10,"[1, 7, 13, 21, 42, 99, 123, 314, 2024, 2025]",0.0,0.0,0.0,0.0,0.0,10
TN,Protocol_MIH,10,"[1, 7, 13, 21, 42, 99, 123, 314, 2024, 2025]",0.0,0.0,0.0,0.0,0.0,10
TN,Protocol_MINT,10,"[1, 7, 13, 21, 42, 99, 123, 314, 2024, 2025]",0.0,0.0,0.0,0.0,0.0,10
TN,Protocol_MIPv6,10,"[1, 7, 13, 21, 42, 99, 123, 314, 2024, 2025]",0.0,0.0,0.0,0.0,0.0,10
TN,Protocol_MPLS,10,"[1, 7, 13, 21, 42, 99, 123, 314, 2024, 2025]",0.0,0.0,0.0,0.0,0.0,10
TN,Protocol_MSMMS,10,"[1, 7, 13, 21, 42, 99, 123, 314, 2024, 2025]",0.0,0.0,0.0,0.0,0.0,10
TN,Protocol_MSproxy,10,"[1, 7, 13, 21, 42, 99, 123, 314, 2024, 2025]",0.0,0.0,0.0,0.0,0.0,10
TN,Protocol_MobileIP,10,"[1, 7, 13, 21, 42, 99, 123, 314, 2024, 2025]",0.0,0.0,0.0,0.0,0.0,10
TN,Protocol_Modbus/TCP,10,"[1, 7, 13, 21, 42, 99, 123, 314, 2024, 2025]",0.00400966983288525,0.006842727326727332,0.0,-0.0008853224159633306,0.00890466208173383,10
TN,Protocol_NBDS,10,"[1, 7, 13, 21, 42, 99, 123, 314, 2024, 2025]",0.0,0.0,0.0,0.0,0.0,10
TN,Protocol_NBNS,10,"[1, 7, 13, 21, 42, 99, 123, 314, 2024, 2025]",0.0,0.0,0.0,0.0,0.0,10
TN,Protocol_NCP,8,"[1, 7, 21, 42, 99, 123, 2024, 2025]",0.0,0.0,0.0,0.0,0.0,8
TN,Protocol_Nano,10,"[1, 7, 13, 21, 42, 99, 123, 314, 2024, 2025]",0.0,0.0,0.0,0.0,0.0,10
TN,Protocol_OpenVPN,10,"[1, 7, 13, 21, 42, 99, 123, 314, 2024, 2025]",0.0,0.0,0.0,0.0,0.0,10
TN,Protocol_PFCP,10,"[1, 7, 13, 21, 42, 99, 123, 314, 2024, 2025]",0.0,0.0,0.0,0.0,0.0,10
TN,Protocol_PKTC,10,"[1, 7, 13, 21, 42, 99, 123, 314, 2024, 2025]",0.0,0.0,0.0,0.0,0.0,10
TN,Protocol_PN-RTC3,10,"[1, 7, 13, 21, 42, 99, 123, 314, 2024, 2025]",0.0,0.0,0.0,0.0,0.0,10
TN,Protocol_PTPv2,10,"[1, 7, 13, 21, 42, 99, 123, 314, 2024, 2025]",0.0,0.0,0.0,0.0,0.0,10
TN,Protocol_QUAKE,10,"[1, 7, 13, 21, 42, 99, 123, 314, 2024, 2025]",0.0,0.0,0.0,0.0,0.0,10
TN,Protocol_QUAKE2,9,"[1, 7, 13, 42, 99, 123, 314, 2024, 2025]",0.0,0.0,0.0,0.0,0.0,9
TN,Protocol_QUAKE3,10,"[1, 7, 13, 21, 42, 99, 123, 314, 2024, 2025]",0.0,0.0,0.0,0.0,0.0,10
TN,Protocol_QUAKEWORLD,10,"[1, 7, 13, 21, 42, 99, 123, 314, 2024, 2025]",0.0,0.0,0.0,0.0,0.0,10
TN,Protocol_RDPUDP,10,"[1, 7, 13, 21, 42, 99, 123, 314, 2024, 2025]",0.0,0.0,0.0,0.0,0.0,10
TN,Protocol_RDT,10,"[1, 7, 13, 21, 42, 99, 123, 314, 2024, 2025]",0.0,0.0,0.0,0.0,0.0,10
TN,Protocol_RIP,10,"[1, 7, 13, 21, 42, 99, 123, 314, 2024, 2025]",0.0,0.0,0.0,0.0,0.0,10
TN,Protocol_RIPng,10,"[1, 7, 13, 21, 42, 99, 123, 314, 2024, 2025]",0.0,0.0,0.0,0.0,0.0,10
TN,Protocol_RPC,10,"[1, 7, 13, 21, 42, 99, 123, 314, 2024, 2025]",0.0,0.0,0.0,0.0,0.0,10
TN,Protocol_RRoCE,10,"[1, 7, 13, 21, 42, 99, 123, 314, 2024, 2025]",0.0,0.0,0.0,0.0,0.0,10
TN,Protocol_RSIP,10,"[1, 7, 13, 21, 42, 99, 123, 314, 2024, 2025]",0.0,0.0,0.0,0.0,0.0,10
TN,Protocol_RSVP,9,"[1, 7, 13, 21, 99, 123, 314, 2024, 2025]",0.0,0.0,0.0,0.0,0.0,9
TN,Protocol_RakNet,10,"[1, 7, 13, 21, 42, 99, 123, 314, 2024, 2025]",0.0,0.0,0.0,0.0,0.0,10
TN,Protocol_SABP,10,"[1, 7, 13, 21, 42, 99, 123, 314, 2024, 2025]",0.0,0.0,0.0,0.0,0.0,10
TN,Protocol_SAP,10,"[1, 7, 13, 21, 42, 99, 123, 314, 2024, 2025]",0.0,0.0,0.0,0.0,0.0,10
TN,Protocol_SCoP,10,"[1, 7, 13, 21, 42, 99, 123, 314, 2024, 2025]",0.0,0.0,0.0,0.0,0.0,10
TN,Protocol_SEBEK,10,"[1, 7, 13, 21, 42, 99, 123, 314, 2024, 2025]",0.0,0.0,0.0,0.0,0.0,10
TN,Protocol_SRVLOC,10,"[1, 7, 13, 21, 42, 99, 123, 314, 2024, 2025]",0.0,0.0,0.0,0.0,0.0,10
TN,Protocol_Syslog,10,"[1, 7, 13, 21, 42, 99, 123, 314, 2024, 2025]",0.0,0.0,0.0,0.0,0.0,10
TN,Protocol_TETRA,10,"[1, 7, 13, 21, 42, 99, 123, 314, 2024, 2025]",0.0,0.0,0.0,0.0,0.0,10
TN,Protocol_TFTP,10,"[1, 7, 13, 21, 42, 99, 123, 314, 2024, 2025]",0.0,0.0,0.0,0.0,0.0,10
TN,Protocol_TIME,10,"[1, 7, 13, 21, 42, 99, 123, 314, 2024, 2025]",0.0,0.0,0.0,0.0,0.0,10
TN,Protocol_TIPC,10,"[1, 7, 13, 21, 42, 99, 123, 314, 2024, 2025]",0.0,0.0,0.0,0.0,0.0,10
TN,Protocol_TPCP,10,"[1, 7, 13, 21, 42, 99, 123, 314, 2024, 2025]",0.0,0.0,0.0,0.0,0.0,10
TN,Protocol_TPKT,10,"[1, 7, 13, 21, 42, 99, 123, 314, 2024, 2025]",0.0,0.0,0.0,0.0,0.0,10
TN,Protocol_TRDP,10,"[1, 7, 13, 21, 42, 99, 123, 314, 2024, 2025]",0.0,0.0,0.0,0.0,0.0,10
TN,Protocol_TS2,10,"[1, 7, 13, 21, 42, 99, 123, 314, 2024, 2025]",0.0,0.0,0.0,0.0,0.0,10
TN,Protocol_TSP,10,"[1, 7, 13, 21, 42, 99, 123, 314, 2024, 2025]",0.0,0.0,0.0,0.0,0.0,10
TN,Protocol_TZSP,10,"[1, 7, 13, 21, 42, 99, 123, 314, 2024, 2025]",0.0,0.0,0.0,0.0,0.0,10
TN,Protocol_UAUDP,10,"[1, 7, 13, 21, 42, 99, 123, 314, 2024, 2025]",0.0,0.0,0.0,0.0,0.0,10
TN,Protocol_UDP,10,"[1, 7, 13, 21, 42, 99, 123, 314, 2024, 2025]",0.0,0.0,0.0,0.0,0.0,10
TN,Protocol_ULP,10,"[1, 7, 13, 21, 42, 99, 123, 314, 2024, 2025]",0.0,0.0,0.0,0.0,0.0,10
TN,Protocol_VITA 49,9,"[1, 7, 13, 21, 42, 99, 123, 314, 2024]",0.0,0.0,0.0,0.0,0.0,9
TN,Protocol_VMWARE-HB,10,"[1, 7, 13, 21, 42, 99, 123, 314, 2024, 2025]",0.0,0.0,0.0,0.0,0.0,10
TN,Protocol_Vuze-DHT,10,"[1, 7, 13, 21, 42, 99, 123, 314, 2024, 2025]",0.0,0.0,0.0,0.0,0.0,10
TN,Protocol_VxLAN,10,"[1, 7, 13, 21, 42, 99, 123, 314, 2024, 2025]",0.0,0.0,0.0,0.0,0.0,10
TN,Protocol_WHO,10,"[1, 7, 13, 21, 42, 99, 123, 314, 2024, 2025]",0.0,0.0,0.0,0.0,0.0,10
TN,Protocol_WLCCP,10,"[1, 7, 13, 21, 42, 99, 123, 314, 2024, 2025]",0.0,0.0,0.0,0.0,0.0,10
TN,Protocol_WSP,10,"[1, 7, 13, 21, 42, 99, 123, 314, 2024, 2025]",0.0,0.0,0.0,0.0,0.0,10
TN,Protocol_WTLS+WSP,10,"[1, 7, 13, 21, 42, 99, 123, 314, 2024, 2025]",0.0,0.0,0.0,0.0,0.0,10
TN,Protocol_WTLS+WTP+WSP,10,"[1, 7, 13, 21, 42, 99, 123, 314, 2024, 2025]",0.0,0.0,0.0,0.0,0.0,10
TN,Protocol_WTP+WSP,10,"[1, 7, 13, 21, 42, 99, 123, 314, 2024, 2025]",0.0,0.0,0.0,0.0,0.0,10
TN,Protocol_XTACACS,10,"[1, 7, 13, 21, 42, 99, 123, 314, 2024, 2025]",0.0,0.0,0.0,0.0,0.0,10
TN,Protocol_XYPLEX,10,"[1, 7, 13, 21, 42, 99, 123, 314, 2024, 2025]",0.0,0.0,0.0,0.0,0.0,10
TN,Protocol_Z21,10,"[1, 7, 13, 21, 42, 99, 123, 314, 2024, 2025]",0.0,0.0,0.0,0.0,0.0,10
TN,Protocol_collectd,10,"[1, 7, 13, 21, 42, 99, 123, 314, 2024, 2025]",0.0,0.0,0.0,0.0,0.0,10
TN,Protocol_lw_res,10,"[1, 7, 13, 21, 42, 99, 123, 314, 2024, 2025]",0.0,0.0,0.0,0.0,0.0,10
TN,Protocol_openSAFETY over UDP,10,"[1, 7, 13, 21, 42, 99, 123, 314, 2024, 2025]",0.0,0.0,0.0,0.0,0.0,10
TN,Http_request_method_GET,10,"[1, 7, 13, 21, 42, 99, 123, 314, 2024, 2025]",0.0,0.0,0.0,0.0,0.0,10
TN,"Http_request_method_GET,GET",5,"[1, 7, 13, 42, 2024]",0.0,0.0,0.0,0.0,0.0,5
TN,"Http_request_method_GET,GET,GET,GET,GET,GET,GET,GET,GET,GET",7,"[1, 7, 13, 21, 42, 2024, 2025]",0.0,0.0,0.0,0.0,0.0,7
TN,Http_request_method_POST,10,"[1, 7, 13, 21, 42, 99, 123, 314, 2024, 2025]",0.0,0.0,0.0,0.0,0.0,10
TN,"Http_response_code_200,200",8,"[1, 7, 21, 42, 99, 123, 2024, 2025]",0.0,0.0,0.0,0.0,0.0,8
TN,Http_response_code_304,7,"[1, 13, 21, 99, 123, 2024, 2025]",0.0,0.0,0.0,0.0,0.0,7
TN,Http_response_code_404,10,"[1, 7, 13, 21, 42, 99, 123, 314, 2024, 2025]",0.0,0.0,0.0,0.0,0.0,10
TN,http_accept_*/*,10,"[1, 7, 13, 21, 42, 99, 123, 314, 2024, 2025]",0.0,0.0,0.0,0.0,0.0,10
TN,http_accept_text/*,10,"[1, 7, 13, 21, 42, 99, 123, 314, 2024, 2025]",0.0,0.0,0.0,0.0,0.0,10
TN,"http_accept_text/*,text/*",5,"[1, 7, 13, 42, 2024]",0.0,0.0,0.0,0.0,0.0,5
TN,"http_accept_text/*,text/*,text/*,text/*,text/*,text/*,text/*,text/*,text/*,text/*",7,"[1, 7, 13, 21, 42, 2024, 2025]",0.0,0.0,0.0,0.0,0.0,7
TN,Icmp_type_0,10,"[1, 7, 13, 21, 42, 99, 123, 314, 2024, 2025]",0.0,0.0,0.0,0.0,0.0,10
TN,Icmp_type_3,10,"[1, 7, 13, 21, 42, 99, 123, 314, 2024, 2025]",0.0,0.0,0.0,0.0,0.0,10
TN,Icmp_type_8,10,"[1, 7, 13, 21, 42, 99, 123, 314, 2024, 2025]",0.0,0.0,0.0,0.0,0.0,10
TN,Icmp_code_0,10,"[1, 7, 13, 21, 42, 99, 123, 314, 2024, 2025]",0.0,0.0,0.0,0.0,0.0,10
TN,Icmp_code_3,10,"[1, 7, 13, 21, 42, 99, 123, 314, 2024, 2025]",0.0,0.0,0.0,0.0,0.0,10
TN,Icmp_code_9,9,"[1, 7, 13, 21, 42, 99, 314, 2024, 2025]",0.0,0.0,0.0,0.0,0.0,9
TN,Http_user_agent_Debian APT-HTTP/1.3 (2.4.9),10,"[1, 7, 13, 21, 42, 99, 123, 314, 2024, 2025]",0.0,0.0,0.0,0.0,0.0,10
TN,"Http_user_agent_Debian APT-HTTP/1.3 (2.4.9),Debian APT-HTTP/1.3 (2.4.9)",5,"[1, 7, 13, 42, 2024]",0.0,0.0,0.0,0.0,0.0,5
TN,"Http_user_agent_Debian APT-HTTP/1.3 (2.4.9),Debian APT-HTTP/1.3 (2.4.9),Debian APT-HTTP/1.3 (2.4.9),Debian APT-HTTP/1.3 (2.4.9),Debian APT-HTTP/1.3 (2.4.9),Debian APT-HTTP/1.3 (2.4.9),Debian APT-HTTP/1.3 (2.4.9),Debian APT-HTTP/1.3 (2.4.9),Debian APT-HTTP/1.3 (2.4.9),Debian APT-HTTP/1.3 (2.4.9)",7,"[1, 7, 13, 21, 42, 2024, 2025]",0.0,0.0,0.0,0.0,0.0,7
TN,"Http_user_agent_Mozilla/5.0 (Macintosh; Intel Mac OS X 10_15_7) AppleWebKit/605.1.15 (KHTML, like Gecko) Version/14.1.1 Safari/605.1.15",10,"[1, 7, 13, 21, 42, 99, 123, 314, 2024, 2025]",0.0,0.0,0.0,0.0,0.0,10
TN,Http_user_agent_Mozilla/5.0 (Windows NT 10.0; WOW64; rv:53.0) Gecko/20100101 Firefox/53.0,10,"[1, 7, 13, 21, 42, 99, 123, 314, 2024, 2025]",0.0,0.0,0.0,0.0,0.0,10
TN,"Http_user_agent_Mozilla/5.0 (Windows NT 10.0; Win64; x64) AppleWebKit/537.36 (KHTML, like Gecko) Chrome/58.0.3029.110 Safari/537.36",10,"[1, 7, 13, 21, 42, 99, 123, 314, 2024, 2025]",0.0,0.0,0.0,0.0,0.0,10
TN,"Http_user_agent_Mozilla/5.0 (Windows NT 10.0; Win64; x64) AppleWebKit/537.36 (KHTML, like Gecko) Chrome/91.0.4472.124 Safari/537.36",10,"[1, 7, 13, 21, 42, 99, 123, 314, 2024, 2025]",0.0,0.0,0.0,0.0,0.0,10
TN,Http_user_agent_Mozilla/5.0 (X11; Linux x86_64; rv:128.0) Gecko/20100101 Firefox/128.0,10,"[1, 7, 13, 21, 42, 99, 123, 314, 2024, 2025]",0.0,0.0,0.0,0.0,0.0,10
TN,Http_user_agent_Mozilla/5.0 (X11; Ubuntu; Linux x86_64; rv:89.0) Gecko/20100101 Firefox/89.0,10,"[1, 7, 13, 21, 42, 99, 123, 314, 2024, 2025]",0.0,0.0,0.0,0.0,0.0,10
TN,Http_user_agent_Mozilla/5.0 (compatible; Nmap Scripting Engine; https://nmap.org/book/nse.html),10,"[1, 7, 13, 21, 42, 99, 123, 314, 2024, 2025]",0.0,0.0,0.0,0.0,0.0,10
TN,Http_user_agent_python-requests/2.32.3,10,"[1, 7, 13, 21, 42, 99, 123, 314, 2024, 2025]",0.0,0.0,0.0,0.0,0.0,10
TN,Http_request_uri_query_ipv4,10,"[1, 7, 13, 21, 42, 99, 123, 314, 2024, 2025]",0.0,0.0,0.0,0.0,0.0,10
TN,Time_response_Request,10,"[1, 7, 13, 21, 42, 99, 123, 314, 2024, 2025]",0.0,0.0,0.0,0.0,0.0,10
FN,Protocol_TCP,10,"[1, 7, 13, 21, 42, 99, 123, 314, 2024, 2025]",1.1859280228614808,0.3402584058103671,1.0855898261070251,0.9425218224504658,1.429334223272496,10
FN,Tcp_flags_reset_Set,10,"[1, 7, 13, 21, 42, 99, 123, 314, 2024, 2025]",0.4951167732477188,0.12462356517071899,0.5167810916900635,0.40596644525615977,0.5842671012392778,10
FN,ip_len,10,"[1, 7, 13, 21, 42, 99, 123, 314, 2024, 2025]",0.34783984422683717,0.05020217540887994,0.34541021287441254,0.31192737135334425,0.3837523171003301,10
FN,frame_len,10,"[1, 7, 13, 21, 42, 99, 123, 314, 2024, 2025]",0.29977939277887344,0.04351716465080391,0.30750466883182526,0.2686490885176584,0.3309096970400885,10
FN,Tcp_analysis_flags_missing,10,"[1, 7, 13, 21, 42, 99, 123, 314, 2024, 2025]",0.3887462139129639,0.11292414411526452,0.3553399592638016,0.30796514756928284,0.4695272802566449,10
FN,Http_response_code_missing,10,"[1, 7, 13, 21, 42, 99, 123, 314, 2024, 2025]",0.2520433835685253,0.13698013911940782,0.22696232050657267,0.1540536950686345,0.35003307206841605,10
FN,Http_request_uri_query_missing,10,"[1, 7, 13, 21, 42, 99, 123, 314, 2024, 2025]",0.11842378443107004,0.07261440796168418,0.12323986738920209,0.06647856622270805,0.17036900263943205,10
FN,Tcp_flags_reset_Not set,10,"[1, 7, 13, 21, 42, 99, 123, 314, 2024, 2025]",0.117089557275176,0.06393857454233712,0.1006535924971103,0.07135065641839503,0.16282845813195698,10
FN,Tls_record_missing,10,"[1, 7, 13, 21, 42, 99, 123, 314, 2024, 2025]",0.14220968112349508,0.07513463759502387,0.12565661221742624,0.08846159924229163,0.19595776300469853,10
FN,Time_response_missing,10,"[1, 7, 13, 21, 42, 99, 123, 314, 2024, 2025]",0.11201808098703618,0.055116419040930065,0.10190421715378756,0.07259016999373383,0.15144599198033853,10
FN,Frame_time_delta,10,"[1, 7, 13, 21, 42, 99, 123, 314, 2024, 2025]",0.09092526249587532,0.02467236283001376,0.0844205468893051,0.07327571735881105,0.10857480763293959,10
FN,Icmp_code_missing,10,"[1, 7, 13, 21, 42, 99, 123, 314, 2024, 2025]",0.06757278256118292,0.02833879820476274,0.05885726958513255,0.047300427558496824,0.08784513756386901,10
FN,http_accept_missing,10,"[1, 7, 13, 21, 42, 99, 123, 314, 2024, 2025]",0.04912365190684792,0.0167787117226179,0.0493576060980558,0.03712088460278226,0.06112641921091358,10
FN,Tcp_len,10,"[1, 7, 13, 21, 42, 99, 123, 314, 2024, 2025]",0.06090802326798435,0.016148040016348886,0.0588054303079843,0.049356411324398525,0.07245963521157017,10
FN,Http_user_agent_missing,10,"[1, 7, 13, 21, 42, 99, 123, 314, 2024, 2025]",0.06351036410778758,0.04786408164012884,0.04894216917455195,0.02927046275857772,0.09775026545699744,10
FN,Tls_record_â\234\223,10,"[1, 7, 13, 21, 42, 99, 123, 314, 2024, 2025]",0.025433253607479823,0.017521824729179448,0.02616803813725705,0.012898895282253735,0.03796761193270591,10
FN,tls_handshake_missing,10,"[1, 7, 13, 21, 42, 99, 123, 314, 2024, 2025]",0.0739486471749842,0.045147481580169534,0.0680541209876537,0.04165208443942655,0.10624520991054184,10
FN,Http_request_method_missing,10,"[1, 7, 13, 21, 42, 99, 123, 314, 2024, 2025]",0.04447086937725541,0.03192282464079042,0.03417407814413305,0.02163465631237548,0.06730708244213535,10
FN,ip_ttl,10,"[1, 7, 13, 21, 42, 99, 123, 314, 2024, 2025]",0.02421993734315033,0.01091079540265496,0.021761642768979052,0.01641482450222813,0.032025050184072534,10
FN,Protocol_TLSv1.3,10,"[1, 7, 13, 21, 42, 99, 123, 314, 2024, 2025]",0.01459206328727299,0.012222630724753762,0.010927287396043501,0.005848519989191158,0.023335606585354822,10
FN,Protocol_Modbus/TCP,10,"[1, 7, 13, 21, 42, 99, 123, 314, 2024, 2025]",0.007436203258112039,0.008293626254116703,0.00438048853538925,0.0015033004416900413,0.013369106074534037,10
FN,tls_handshake_â\234\223,10,"[1, 7, 13, 21, 42, 99, 123, 314, 2024, 2025]",0.012898665713146271,0.0072745768268137395,0.00972036924213165,0.007694746942070899,0.018102584484221643,10
FN,Tcp_hdr_len,10,"[1, 7, 13, 21, 42, 99, 123, 314, 2024, 2025]",0.15073520094156262,0.10447533359025339,0.14869612455368042,0.0759980495541859,0.22547235232893933,10
FN,Icmp_type_missing,10,"[1, 7, 13, 21, 42, 99, 123, 314, 2024, 2025]",0.05674977782182391,0.05573630081994478,0.02300735842436545,0.016878430117017992,0.09662112552662983,10
FN,Udp_length,10,"[1, 7, 13, 21, 42, 99, 123, 314, 2024, 2025]",0.0105994195444509,0.00895535406536926,0.009604368358850451,0.004193145168376533,0.017005693920525266,10
FN,Tcp_window_size,10,"[1, 7, 13, 21, 42, 99, 123, 314, 2024, 2025]",0.052363464282825546,0.14714885748544473,0.0066432589665054494,-0.05290048712508048,0.15762741569073158,10
FN,Http_time,10,"[1, 7, 13, 21, 42, 99, 123, 314, 2024, 2025]",0.00097604884504102,0.0006176803269346428,0.0009058448486029499,0.0005341869574861053,0.0014179107325959345,10
FN,Http_content_length,10,"[1, 7, 13, 21, 42, 99, 123, 314, 2024, 2025]",4.791928213307983e-05,2.1281039276225293e-05,4.881399763689842e-05,3.2695743720599114e-05,6.314282054556055e-05,10
FN,Protocol_0x000d,10,"[1, 7, 13, 21, 42, 99, 123, 314, 2024, 2025]",0.0,0.0,0.0,0.0,0.0,10
FN,Protocol_0x8dcc,10,"[1, 7, 13, 21, 42, 99, 123, 314, 2024, 2025]",0.0,0.0,0.0,0.0,0.0,10
FN,Protocol_0xca0a,10,"[1, 7, 13, 21, 42, 99, 123, 314, 2024, 2025]",0.0,0.0,0.0,0.0,0.0,10
FN,Protocol_5co-legacy,10,"[1, 7, 13, 21, 42, 99, 123, 314, 2024, 2025]",0.0,0.0,0.0,0.0,0.0,10
FN,Protocol_5co-rap,10,"[1, 7, 13, 21, 42, 99, 123, 314, 2024, 2025]",0.0,0.0,0.0,0.0,0.0,10
FN,Protocol_? KNXnet/IP,10,"[1, 7, 13, 21, 42, 99, 123, 314, 2024, 2025]",0.0,0.0,0.0,0.0,0.0,10
FN,Protocol_A21,10,"[1, 7, 13, 21, 42, 99, 123, 314, 2024, 2025]",0.0,0.0,0.0,0.0,0.0,10
FN,Protocol_AC DR,9,"[1, 7, 13, 21, 42, 99, 123, 314, 2025]",0.0,0.0,0.0,0.0,0.0,9
FN,Protocol_ADP,10,"[1, 7, 13, 21, 42, 99, 123, 314, 2024, 2025]",0.0,0.0,0.0,0.0,0.0,10
FN,Protocol_ALC,8,"[1, 7, 13, 21, 42, 99, 314, 2025]",0.0,0.0,0.0,0.0,0.0,8
FN,Protocol_ALLJOYN-ARDP,10,"[1, 7, 13, 21, 42, 99, 123, 314, 2024, 2025]",0.0,0.0,0.0,0.0,0.0,10
FN,Protocol_ALLJOYN-NS,10,"[1, 7, 13, 21, 42, 99, 123, 314, 2024, 2025]",0.0,0.0,0.0,0.0,0.0,10
FN,Protocol_AMT,10,"[1, 7, 13, 21, 42, 99, 123, 314, 2024, 2025]",0.0,0.0,0.0,0.0,0.0,10
FN,Protocol_ANSI C12.22,10,"[1, 7, 13, 21, 42, 99, 123, 314, 2024, 2025]",0.0,0.0,0.0,0.0,0.0,10
FN,Protocol_AODV,10,"[1, 7, 13, 21, 42, 99, 123, 314, 2024, 2025]",0.0,0.0,0.0,0.0,0.0,10
FN,Protocol_ASAP,7,"[1, 7, 13, 21, 99, 314, 2025]",0.0,0.0,0.0,0.0,0.0,7
FN,Protocol_ASTERIX,10,"[1, 7, 13, 21, 42, 99, 123, 314, 2024, 2025]",0.0,0.0,0.0,0.0,0.0,10
FN,Protocol_AX4000,8,"[1, 7, 21, 42, 99, 314, 2024, 2025]",0.0,0.0,0.0,0.0,0.0,8
FN,Protocol_AYIYA,10,"[1, 7, 13, 21, 42, 99, 123, 314, 2024, 2025]",0.0,0.0,0.0,0.0,0.0,10
FN,Protocol_Auto-RP,10,"[1, 7, 13, 21, 42, 99, 123, 314, 2024, 2025]",0.0,0.0,0.0,0.0,0.0,10
FN,Protocol_BAT_BATMAN,10,"[1, 7, 13, 21, 42, 99, 123, 314, 2024, 2025]",0.0,0.0,0.0,0.0,0.0,10
FN,Protocol_BAT_GW,9,"[1, 7, 13, 42, 99, 123, 314, 2024, 2025]",0.0,0.0,0.0,0.0,0.0,9
FN,Protocol_BAT_VIS,10,"[1, 7, 13, 21, 42, 99, 123, 314, 2024, 2025]",0.0,0.0,0.0,0.0,0.0,10
FN,Protocol_BFD Control,10,"[1, 7, 13, 21, 42, 99, 123, 314, 2024, 2025]",0.0,0.0,0.0,0.0,0.0,10
FN,Protocol_BFD Echo,10,"[1, 7, 13, 21, 42, 99, 123, 314, 2024, 2025]",0.0,0.0,0.0,0.0,0.0,10
FN,Protocol_BOOTP,10,"[1, 7, 13, 21, 42, 99, 123, 314, 2024, 2025]",0.0,0.0,0.0,0.0,0.0,10
FN,Protocol_CAPWAP-Control,10,"[1, 7, 13, 21, 42, 99, 123, 314, 2024, 2025]",0.0,0.0,0.0,0.0,0.0,10
FN,Protocol_CAPWAP-Data,10,"[1, 7, 13, 21, 42, 99, 123, 314, 2024, 2025]",0.0,0.0,0.0,0.0,0.0,10
FN,Protocol_CIP I/O,10,"[1, 7, 13, 21, 42, 99, 123, 314, 2024, 2025]",0.0,0.0,0.0,0.0,0.0,10
FN,Protocol_CLDAP,10,"[1, 7, 13, 21, 42, 99, 123, 314, 2024, 2025]",0.0,0.0,0.0,0.0,0.0,10
FN,Protocol_CN/IP,10,"[1, 7, 13, 21, 42, 99, 123, 314, 2024, 2025]",0.0,0.0,0.0,0.0,0.0,10
FN,Protocol_CUPS,10,"[1, 7, 13, 21, 42, 99, 123, 314, 2024, 2025]",0.0,0.0,0.0,0.0,0.0,10
FN,Protocol_Chargen,10,"[1, 7, 13, 21, 42, 99, 123, 314, 2024, 2025]",0.0,0.0,0.0,0.0,0.0,10
FN,Protocol_CoAP,10,"[1, 7, 13, 21, 42, 99, 123, 314, 2024, 2025]",0.0,0.0,0.0,0.0,0.0,10
FN,Protocol_DAYTIME,10,"[1, 7, 13, 21, 42, 99, 123, 314, 2024, 2025]",0.0,0.0,0.0,0.0,0.0,10
FN,Protocol_DB-LSP-DISC,10,"[1, 7, 13, 21, 42, 99, 123, 314, 2024, 2025]",0.0,0.0,0.0,0.0,0.0,10
FN,Protocol_DCC,10,"[1, 7, 13, 21, 42, 99, 123, 314, 2024, 2025]",0.0,0.0,0.0,0.0,0.0,10
FN,Protocol_DHCP,10,"[1, 7, 13, 21, 42, 99, 123, 314, 2024, 2025]",0.0,0.0,0.0,0.0,0.0,10
FN,Protocol_DHCPv6,10,"[1, 7, 13, 21, 42, 99, 123, 314, 2024, 2025]",0.0,0.0,0.0,0.0,0.0,10
FN,Protocol_DIS,10,"[1, 7, 13, 21, 42, 99, 123, 314, 2024, 2025]",0.0,0.0,0.0,0.0,0.0,10
FN,Protocol_DISCARD,9,"[1, 7, 13, 21, 42, 123, 314, 2024, 2025]",0.0,0.0,0.0,0.0,0.0,9
FN,Protocol_DLEP,10,"[1, 7, 13, 21, 42, 99, 123, 314, 2024, 2025]",0.0,0.0,0.0,0.0,0.0,10
FN,Protocol_DNPv14,10,"[1, 7, 13, 21, 42, 99, 123, 314, 2024, 2025]",0.0,0.0,0.0,0.0,0.0,10
FN,Protocol_DNS,10,"[1, 7, 13, 21, 42, 99, 123, 314, 2024, 2025]",0.0,0.0,0.0,0.0,0.0,10
FN,Protocol_DPNET,10,"[1, 7, 13, 21, 42, 99, 123, 314, 2024, 2025]",0.0,0.0,0.0,0.0,0.0,10
FN,Protocol_DTLS,10,"[1, 7, 13, 21, 42, 99, 123, 314, 2024, 2025]",0.0,0.0,0.0,0.0,0.0,10
FN,Protocol_EAPOL,10,"[1, 7, 13, 21, 42, 99, 123, 314, 2024, 2025]",0.0,0.0,0.0,0.0,0.0,10
FN,Protocol_ECHO,10,"[1, 7, 13, 21, 42, 99, 123, 314, 2024, 2025]",0.0,0.0,0.0,0.0,0.0,10
FN,Protocol_ECMP,10,"[1, 7, 13, 21, 42, 99, 123, 314, 2024, 2025]",0.0,0.0,0.0,0.0,0.0,10
FN,Protocol_ENIP,10,"[1, 7, 13, 21, 42, 99, 123, 314, 2024, 2025]",0.0,0.0,0.0,0.0,0.0,10
FN,Protocol_ENRP,10,"[1, 7, 13, 21, 42, 99, 123, 314, 2024, 2025]",0.0,0.0,0.0,0.0,0.0,10
FN,Protocol_ESP,10,"[1, 7, 13, 21, 42, 99, 123, 314, 2024, 2025]",0.0,0.0,0.0,0.0,0.0,10
FN,Protocol_Elasticsearch,10,"[1, 7, 13, 21, 42, 99, 123, 314, 2024, 2025]",0.0,0.0,0.0,0.0,0.0,10
FN,Protocol_FIND,10,"[1, 7, 13, 21, 42, 99, 123, 314, 2024, 2025]",0.0,0.0,0.0,0.0,0.0,10
FN,Protocol_GPRS-NS,10,"[1, 7, 13, 21, 42, 99, 123, 314, 2024, 2025]",0.0,0.0,0.0,0.0,0.0,10
FN,Protocol_GSMTAP,10,"[1, 7, 13, 21, 42, 99, 123, 314, 2024, 2025]",0.0,0.0,0.0,0.0,0.0,10
FN,Protocol_Geneve,10,"[1, 7, 13, 21, 42, 99, 123, 314, 2024, 2025]",0.0,0.0,0.0,0.0,0.0,10
FN,Protocol_H.225.0,10,"[1, 7, 13, 21, 42, 99, 123, 314, 2024, 2025]",0.0,0.0,0.0,0.0,0.0,10
FN,Protocol_H.248,10,"[1, 7, 13, 21, 42, 99, 123, 314, 2024, 2025]",0.0,0.0,0.0,0.0,0.0,10
FN,Protocol_HCrt,10,"[1, 7, 13, 21, 42, 99, 123, 314, 2024, 2025]",0.0,0.0,0.0,0.0,0.0,10
FN,Protocol_HICP,10,"[1, 7, 13, 21, 42, 99, 123, 314, 2024, 2025]",0.0,0.0,0.0,0.0,0.0,10
FN,Protocol_HTTP,10,"[1, 7, 13, 21, 42, 99, 123, 314, 2024, 2025]",0.00033725805114954,0.000951887728870721,0.0,-0.0003436814094068619,0.001018197511705942,10
FN,Protocol_HiQnet,10,"[1, 7, 13, 21, 42, 99, 123, 314, 2024, 2025]",0.0,0.0,0.0,0.0,0.0,10
FN,Protocol_IAPP,10,"[1, 7, 13, 21, 42, 99, 123, 314, 2024, 2025]",0.0,0.0,0.0,0.0,0.0,10
FN,Protocol_IAX2,10,"[1, 7, 13, 21, 42, 99, 123, 314, 2024, 2025]",0.0,0.0,0.0,0.0,0.0,10
FN,Protocol_ICMP,10,"[1, 7, 13, 21, 42, 99, 123, 314, 2024, 2025]",0.00054899696260689,0.0011980085343829185,0.0,-0.0003080067158757252,0.0014060006410895052,10
FN,Protocol_ICMPv6,10,"[1, 7, 13, 21, 42, 99, 123, 314, 2024, 2025]",0.0,0.0,0.0,0.0,0.0,10
FN,Protocol_ICP,6,"[1, 13, 21, 123, 314, 2024]",0.0,0.0,0.0,0.0,0.0,6
FN,Protocol_IDN,10,"[1, 7, 13, 21, 42, 99, 123, 314, 2024, 2025]",0.0,0.0,0.0,0.0,0.0,10
FN,Protocol_IEEE1722,10,"[1, 7, 13, 21, 42, 99, 123, 314, 2024, 2025]",0.0,0.0,0.0,0.0,0.0,10
FN,Protocol_IGMPv3,10,"[1, 7, 13, 21, 42, 99, 123, 314, 2024, 2025]",0.0,0.0,0.0,0.0,0.0,10
FN,Protocol_IPVS,7,"[1, 42, 99, 123, 314, 2024, 2025]",0.0,0.0,0.0,0.0,0.0,7
FN,Protocol_IPX,10,"[1, 7, 13, 21, 42, 99, 123, 314, 2024, 2025]",0.0,0.0,0.0,0.0,0.0,10
FN,Protocol_IPv6,10,"[1, 7, 13, 21, 42, 99, 123, 314, 2024, 2025]",0.0,0.0,0.0,0.0,0.0,10
FN,Protocol_ISAKMP,10,"[1, 7, 13, 21, 42, 99, 123, 314, 2024, 2025]",0.0,0.0,0.0,0.0,0.0,10
FN,Protocol_KDP,10,"[1, 7, 13, 21, 42, 99, 123, 314, 2024, 2025]",0.0,0.0,0.0,0.0,0.0,10
FN,Protocol_KINK,10,"[1, 7, 13, 21, 42, 99, 123, 314, 2024, 2025]",0.0,0.0,0.0,0.0,0.0,10
FN,Protocol_KNET,10,"[1, 7, 13, 21, 42, 99, 123, 314, 2024, 2025]",0.0,0.0,0.0,0.0,0.0,10
FN,Protocol_KPASSWD,10,"[1, 7, 13, 21, 42, 99, 123, 314, 2024, 2025]",0.0,0.0,0.0,0.0,0.0,10
FN,Protocol_L2TP,10,"[1, 7, 13, 21, 42, 99, 123, 314, 2024, 2025]",0.0,0.0,0.0,0.0,0.0,10
FN,Protocol_LISP,10,"[1, 7, 13, 21, 42, 99, 123, 314, 2024, 2025]",0.0,0.0,0.0,0.0,0.0,10
FN,Protocol_LLC,10,"[1, 7, 13, 21, 42, 99, 123, 314, 2024, 2025]",0.0,0.0,0.0,0.0,0.0,10
FN,Protocol_LLMNR,10,"[1, 7, 13, 21, 42, 99, 123, 314, 2024, 2025]",0.0,0.0,0.0,0.0,0.0,10
FN,Protocol_LLS,10,"[1, 7, 13, 21, 42, 99, 123, 314, 2024, 2025]",0.0,0.0,0.0,0.0,0.0,10
FN,Protocol_LMP,10,"[1, 7, 13, 21, 42, 99, 123, 314, 2024, 2025]",0.0,0.0,0.0,0.0,0.0,10
FN,Protocol_LTP,10,"[1, 7, 13, 21, 42, 99, 123, 314, 2024, 2025]",0.0,0.0,0.0,0.0,0.0,10
FN,Protocol_LWAPP,10,"[1, 7, 13, 21, 42, 99, 123, 314, 2024, 2025]",0.0,0.0,0.0,0.0,0.0,10
FN,Protocol_MANOLITO,10,"[1, 7, 13, 21, 42, 99, 123, 314, 2024, 2025]",0.0,0.0,0.0,0.0,0.0,10
FN,Protocol_MDNS,10,"[1, 7, 13, 21, 42, 99, 123, 314, 2024, 2025]",0.0,0.0,0.0,0.0,0.0,10
FN,Protocol_MEMCACHE,10,"[1, 7, 13, 21, 42, 99, 123, 314, 2024, 2025]",0.0,0.0,0.0,0.0,0.0,10
FN,Protocol_MIH,10,"[1, 7, 13, 21, 42, 99, 123, 314, 2024, 2025]",0.0,0.0,0.0,0.0,0.0,10
FN,Protocol_MINT,10,"[1, 7, 13, 21, 42, 99, 123, 314, 2024, 2025]",0.0,0.0,0.0,0.0,0.0,10
FN,Protocol_MIPv6,10,"[1, 7, 13, 21, 42, 99, 123, 314, 2024, 2025]",0.0,0.0,0.0,0.0,0.0,10
FN,Protocol_MPLS,10,"[1, 7, 13, 21, 42, 99, 123, 314, 2024, 2025]",0.0,0.0,0.0,0.0,0.0,10
FN,Protocol_MSMMS,10,"[1, 7, 13, 21, 42, 99, 123, 314, 2024, 2025]",0.0,0.0,0.0,0.0,0.0,10
FN,Protocol_MSproxy,10,"[1, 7, 13, 21, 42, 99, 123, 314, 2024, 2025]",0.0,0.0,0.0,0.0,0.0,10
FN,Protocol_MobileIP,10,"[1, 7, 13, 21, 42, 99, 123, 314, 2024, 2025]",0.0,0.0,0.0,0.0,0.0,10
FN,Protocol_NBDS,10,"[1, 7, 13, 21, 42, 99, 123, 314, 2024, 2025]",0.0,0.0,0.0,0.0,0.0,10
FN,Protocol_NBNS,10,"[1, 7, 13, 21, 42, 99, 123, 314, 2024, 2025]",0.0,0.0,0.0,0.0,0.0,10
FN,Protocol_NCP,8,"[1, 7, 21, 42, 99, 123, 2024, 2025]",0.0,0.0,0.0,0.0,0.0,8
FN,Protocol_NTP,10,"[1, 7, 13, 21, 42, 99, 123, 314, 2024, 2025]",0.0,0.0,0.0,0.0,0.0,10
FN,Protocol_Nano,10,"[1, 7, 13, 21, 42, 99, 123, 314, 2024, 2025]",0.0,0.0,0.0,0.0,0.0,10
FN,Protocol_OCSP,10,"[1, 7, 13, 21, 42, 99, 123, 314, 2024, 2025]",0.0,0.0,0.0,0.0,0.0,10
FN,Protocol_OpenVPN,10,"[1, 7, 13, 21, 42, 99, 123, 314, 2024, 2025]",0.0,0.0,0.0,0.0,0.0,10
FN,Protocol_PFCP,10,"[1, 7, 13, 21, 42, 99, 123, 314, 2024, 2025]",0.0,0.0,0.0,0.0,0.0,10
FN,Protocol_PKTC,10,"[1, 7, 13, 21, 42, 99, 123, 314, 2024, 2025]",0.0,0.0,0.0,0.0,0.0,10
FN,Protocol_PN-RTC3,10,"[1, 7, 13, 21, 42, 99, 123, 314, 2024, 2025]",0.0,0.0,0.0,0.0,0.0,10
FN,Protocol_PTPv2,10,"[1, 7, 13, 21, 42, 99, 123, 314, 2024, 2025]",0.0,0.0,0.0,0.0,0.0,10
FN,Protocol_QUAKE,10,"[1, 7, 13, 21, 42, 99, 123, 314, 2024, 2025]",0.0,0.0,0.0,0.0,0.0,10
FN,Protocol_QUAKE2,9,"[1, 7, 13, 42, 99, 123, 314, 2024, 2025]",0.0,0.0,0.0,0.0,0.0,9
FN,Protocol_QUAKE3,10,"[1, 7, 13, 21, 42, 99, 123, 314, 2024, 2025]",0.0,0.0,0.0,0.0,0.0,10
FN,Protocol_QUAKEWORLD,10,"[1, 7, 13, 21, 42, 99, 123, 314, 2024, 2025]",0.0,0.0,0.0,0.0,0.0,10
FN,Protocol_QUIC,10,"[1, 7, 13, 21, 42, 99, 123, 314, 2024, 2025]",0.0,0.0,0.0,0.0,0.0,10
FN,Protocol_RDPUDP,10,"[1, 7, 13, 21, 42, 99, 123, 314, 2024, 2025]",0.0,0.0,0.0,0.0,0.0,10
FN,Protocol_RDT,10,"[1, 7, 13, 21, 42, 99, 123, 314, 2024, 2025]",0.0,0.0,0.0,0.0,0.0,10
FN,Protocol_RIP,10,"[1, 7, 13, 21, 42, 99, 123, 314, 2024, 2025]",0.0,0.0,0.0,0.0,0.0,10
FN,Protocol_RIPng,10,"[1, 7, 13, 21, 42, 99, 123, 314, 2024, 2025]",0.0,0.0,0.0,0.0,0.0,10
FN,Protocol_RPC,10,"[1, 7, 13, 21, 42, 99, 123, 314, 2024, 2025]",0.0,0.0,0.0,0.0,0.0,10
FN,Protocol_RRoCE,10,"[1, 7, 13, 21, 42, 99, 123, 314, 2024, 2025]",0.0,0.0,0.0,0.0,0.0,10
FN,Protocol_RSIP,10,"[1, 7, 13, 21, 42, 99, 123, 314, 2024, 2025]",0.0,0.0,0.0,0.0,0.0,10
FN,Protocol_RSVP,9,"[1, 7, 13, 21, 99, 123, 314, 2024, 2025]",0.0,0.0,0.0,0.0,0.0,9
FN,Protocol_RakNet,10,"[1, 7, 13, 21, 42, 99, 123, 314, 2024, 2025]",0.0,0.0,0.0,0.0,0.0,10
FN,Protocol_SABP,10,"[1, 7, 13, 21, 42, 99, 123, 314, 2024, 2025]",0.0,0.0,0.0,0.0,0.0,10
FN,Protocol_SAP,10,"[1, 7, 13, 21, 42, 99, 123, 314, 2024, 2025]",0.0,0.0,0.0,0.0,0.0,10
FN,Protocol_SCoP,10,"[1, 7, 13, 21, 42, 99, 123, 314, 2024, 2025]",0.0,0.0,0.0,0.0,0.0,10
FN,Protocol_SEBEK,10,"[1, 7, 13, 21, 42, 99, 123, 314, 2024, 2025]",0.0,0.0,0.0,0.0,0.0,10
FN,Protocol_SRVLOC,10,"[1, 7, 13, 21, 42, 99, 123, 314, 2024, 2025]",0.0,0.0,0.0,0.0,0.0,10
FN,Protocol_Syslog,10,"[1, 7, 13, 21, 42, 99, 123, 314, 2024, 2025]",0.0,0.0,0.0,0.0,0.0,10
FN,Protocol_TETRA,10,"[1, 7, 13, 21, 42, 99, 123, 314, 2024, 2025]",0.0,0.0,0.0,0.0,0.0,10
FN,Protocol_TFTP,10,"[1, 7, 13, 21, 42, 99, 123, 314, 2024, 2025]",0.0,0.0,0.0,0.0,0.0,10
FN,Protocol_TIME,10,"[1, 7, 13, 21, 42, 99, 123, 314, 2024, 2025]",0.0,0.0,0.0,0.0,0.0,10
FN,Protocol_TIPC,10,"[1, 7, 13, 21, 42, 99, 123, 314, 2024, 2025]",0.0,0.0,0.0,0.0,0.0,10
FN,Protocol_TLSv1.2,10,"[1, 7, 13, 21, 42, 99, 123, 314, 2024, 2025]",0.0,0.0,0.0,0.0,0.0,10
FN,Protocol_TPCP,10,"[1, 7, 13, 21, 42, 99, 123, 314, 2024, 2025]",0.0,0.0,0.0,0.0,0.0,10
FN,Protocol_TPKT,10,"[1, 7, 13, 21, 42, 99, 123, 314, 2024, 2025]",0.0,0.0,0.0,0.0,0.0,10
FN,Protocol_TRDP,10,"[1, 7, 13, 21, 42, 99, 123, 314, 2024, 2025]",0.0,0.0,0.0,0.0,0.0,10
FN,Protocol_TS2,10,"[1, 7, 13, 21, 42, 99, 123, 314, 2024, 2025]",0.0,0.0,0.0,0.0,0.0,10
FN,Protocol_TSP,10,"[1, 7, 13, 21, 42, 99, 123, 314, 2024, 2025]",0.0,0.0,0.0,0.0,0.0,10
FN,Protocol_TZSP,10,"[1, 7, 13, 21, 42, 99, 123, 314, 2024, 2025]",0.0,0.0,0.0,0.0,0.0,10
FN,Protocol_UAUDP,10,"[1, 7, 13, 21, 42, 99, 123, 314, 2024, 2025]",0.0,0.0,0.0,0.0,0.0,10
FN,Protocol_UDP,10,"[1, 7, 13, 21, 42, 99, 123, 314, 2024, 2025]",0.0,0.0,0.0,0.0,0.0,10
FN,Protocol_ULP,10,"[1, 7, 13, 21, 42, 99, 123, 314, 2024, 2025]",0.0,0.0,0.0,0.0,0.0,10
FN,Protocol_VITA 49,9,"[1, 7, 13, 21, 42, 99, 123, 314, 2024]",0.0,0.0,0.0,0.0,0.0,9
FN,Protocol_VMWARE-HB,10,"[1, 7, 13, 21, 42, 99, 123, 314, 2024, 2025]",0.0,0.0,0.0,0.0,0.0,10
FN,Protocol_Vuze-DHT,10,"[1, 7, 13, 21, 42, 99, 123, 314, 2024, 2025]",0.0,0.0,0.0,0.0,0.0,10
FN,Protocol_VxLAN,10,"[1, 7, 13, 21, 42, 99, 123, 314, 2024, 2025]",0.0,0.0,0.0,0.0,0.0,10
FN,Protocol_WHO,10,"[1, 7, 13, 21, 42, 99, 123, 314, 2024, 2025]",0.0,0.0,0.0,0.0,0.0,10
FN,Protocol_WLCCP,10,"[1, 7, 13, 21, 42, 99, 123, 314, 2024, 2025]",0.0,0.0,0.0,0.0,0.0,10
FN,Protocol_WSP,10,"[1, 7, 13, 21, 42, 99, 123, 314, 2024, 2025]",0.0,0.0,0.0,0.0,0.0,10
FN,Protocol_WTLS+WSP,10,"[1, 7, 13, 21, 42, 99, 123, 314, 2024, 2025]",0.0,0.0,0.0,0.0,0.0,10
FN,Protocol_WTLS+WTP+WSP,10,"[1, 7, 13, 21, 42, 99, 123, 314, 2024, 2025]",0.0,0.0,0.0,0.0,0.0,10
FN,Protocol_WTP+WSP,10,"[1, 7, 13, 21, 42, 99, 123, 314, 2024, 2025]",0.0,0.0,0.0,0.0,0.0,10
FN,Protocol_XTACACS,10,"[1, 7, 13, 21, 42, 99, 123, 314, 2024, 2025]",0.0,0.0,0.0,0.0,0.0,10
FN,Protocol_XYPLEX,10,"[1, 7, 13, 21, 42, 99, 123, 314, 2024, 2025]",0.0,0.0,0.0,0.0,0.0,10
FN,Protocol_Z21,10,"[1, 7, 13, 21, 42, 99, 123, 314, 2024, 2025]",0.0,0.0,0.0,0.0,0.0,10
FN,Protocol_collectd,10,"[1, 7, 13, 21, 42, 99, 123, 314, 2024, 2025]",0.0,0.0,0.0,0.0,0.0,10
FN,Protocol_lw_res,10,"[1, 7, 13, 21, 42, 99, 123, 314, 2024, 2025]",0.0,0.0,0.0,0.0,0.0,10
FN,Protocol_openSAFETY over UDP,10,"[1, 7, 13, 21, 42, 99, 123, 314, 2024, 2025]",0.0,0.0,0.0,0.0,0.0,10
FN,Http_request_method_GET,10,"[1, 7, 13, 21, 42, 99, 123, 314, 2024, 2025]",0.00016151622985488998,0.0003511994825437003,0.0,-8.971674535606991e-05,0.00041274920506584984,10
FN,"Http_request_method_GET,GET",5,"[1, 7, 13, 42, 2024]",0.0,0.0,0.0,0.0,0.0,5
FN,"Http_request_method_GET,GET,GET,GET,GET,GET,GET,GET,GET,GET",7,"[1, 7, 13, 21, 42, 2024, 2025]",0.0,0.0,0.0,0.0,0.0,7
FN,Http_request_method_POST,10,"[1, 7, 13, 21, 42, 99, 123, 314, 2024, 2025]",0.0,0.0,0.0,0.0,0.0,10
FN,Http_response_code_200,10,"[1, 7, 13, 21, 42, 99, 123, 314, 2024, 2025]",0.0,0.0,0.0,0.0,0.0,10
FN,"Http_response_code_200,200",8,"[1, 7, 21, 42, 99, 123, 2024, 2025]",0.0,0.0,0.0,0.0,0.0,8
FN,Http_response_code_204,10,"[1, 7, 13, 21, 42, 99, 123, 314, 2024, 2025]",0.0,0.0,0.0,0.0,0.0,10
FN,Http_response_code_304,7,"[1, 13, 21, 99, 123, 2024, 2025]",0.0,0.0,0.0,0.0,0.0,7
FN,Http_response_code_404,10,"[1, 7, 13, 21, 42, 99, 123, 314, 2024, 2025]",0.0,0.0,0.0,0.0,0.0,10
FN,Tcp_flags_reset_missing,10,"[1, 7, 13, 21, 42, 99, 123, 314, 2024, 2025]",0.00168067682534455,0.003595487799284461,0.0,-0.0008913802022068565,0.004252733852895957,10
FN,http_accept_*/*,10,"[1, 7, 13, 21, 42, 99, 123, 314, 2024, 2025]",0.0,0.0,0.0,0.0,0.0,10
FN,http_accept_text/*,10,"[1, 7, 13, 21, 42, 99, 123, 314, 2024, 2025]",0.0,0.0,0.0,0.0,0.0,10
FN,"http_accept_text/*,text/*",5,"[1, 7, 13, 42, 2024]",0.0,0.0,0.0,0.0,0.0,5
FN,"http_accept_text/*,text/*,text/*,text/*,text/*,text/*,text/*,text/*,text/*,text/*",7,"[1, 7, 13, 21, 42, 2024, 2025]",0.0,0.0,0.0,0.0,0.0,7
FN,Icmp_type_0,10,"[1, 7, 13, 21, 42, 99, 123, 314, 2024, 2025]",0.00039991354569792,0.0012646376715592588,0.0,-0.000504753746202657,0.0013045808375984971,10
FN,Icmp_type_3,10,"[1, 7, 13, 21, 42, 99, 123, 314, 2024, 2025]",0.00026037173811345997,0.0005499707881246972,0.0,-0.0001330536632536714,0.0006537971394805914,10
FN,Icmp_type_8,10,"[1, 7, 13, 21, 42, 99, 123, 314, 2024, 2025]",0.0,0.0,0.0,0.0,0.0,10
FN,Icmp_code_0,10,"[1, 7, 13, 21, 42, 99, 123, 314, 2024, 2025]",0.0,0.0,0.0,0.0,0.0,10
FN,Icmp_code_3,10,"[1, 7, 13, 21, 42, 99, 123, 314, 2024, 2025]",0.00026581865968182,0.000562045050863874,0.0,-0.00013624414892028576,0.0006678814682839257,10
FN,Icmp_code_9,9,"[1, 7, 13, 21, 42, 99, 314, 2024, 2025]",7.219629575653623e-08,2.165888872696087e-07,0.0,-9.428866080445927e-08,2.3868125231753175e-07,9
FN,Http_user_agent_Debian APT-HTTP/1.3 (2.4.9),10,"[1, 7, 13, 21, 42, 99, 123, 314, 2024, 2025]",0.0,0.0,0.0,0.0,0.0,10
FN,"Http_user_agent_Debian APT-HTTP/1.3 (2.4.9),Debian APT-HTTP/1.3 (2.4.9)",5,"[1, 7, 13, 42, 2024]",0.0,0.0,0.0,0.0,0.0,5
FN,"Http_user_agent_Debian APT-HTTP/1.3 (2.4.9),Debian APT-HTTP/1.3 (2.4.9),Debian APT-HTTP/1.3 (2.4.9),Debian APT-HTTP/1.3 (2.4.9),Debian APT-HTTP/1.3 (2.4.9),Debian APT-HTTP/1.3 (2.4.9),Debian APT-HTTP/1.3 (2.4.9),Debian APT-HTTP/1.3 (2.4.9),Debian APT-HTTP/1.3 (2.4.9),Debian APT-HTTP/1.3 (2.4.9)",7,"[1, 7, 13, 21, 42, 2024, 2025]",0.0,0.0,0.0,0.0,0.0,7
FN,"Http_user_agent_Mozilla/5.0 (Macintosh; Intel Mac OS X 10_15_7) AppleWebKit/605.1.15 (KHTML, like Gecko) Version/14.1.1 Safari/605.1.15",10,"[1, 7, 13, 21, 42, 99, 123, 314, 2024, 2025]",0.0,0.0,0.0,0.0,0.0,10
FN,Http_user_agent_Mozilla/5.0 (Windows NT 10.0; WOW64; rv:53.0) Gecko/20100101 Firefox/53.0,10,"[1, 7, 13, 21, 42, 99, 123, 314, 2024, 2025]",0.0,0.0,0.0,0.0,0.0,10
FN,"Http_user_agent_Mozilla/5.0 (Windows NT 10.0; Win64; x64) AppleWebKit/537.36 (KHTML, like Gecko) Chrome/58.0.3029.110 Safari/537.36",10,"[1, 7, 13, 21, 42, 99, 123, 314, 2024, 2025]",0.0,0.0,0.0,0.0,0.0,10
FN,"Http_user_agent_Mozilla/5.0 (Windows NT 10.0; Win64; x64) AppleWebKit/537.36 (KHTML, like Gecko) Chrome/91.0.4472.124 Safari/537.36",10,"[1, 7, 13, 21, 42, 99, 123, 314, 2024, 2025]",0.0,0.0,0.0,0.0,0.0,10
FN,Http_user_agent_Mozilla/5.0 (X11; Linux x86_64; rv:128.0) Gecko/20100101 Firefox/128.0,10,"[1, 7, 13, 21, 42, 99, 123, 314, 2024, 2025]",0.0,0.0,0.0,0.0,0.0,10
FN,Http_user_agent_Mozilla/5.0 (X11; Ubuntu; Linux x86_64; rv:89.0) Gecko/20100101 Firefox/89.0,10,"[1, 7, 13, 21, 42, 99, 123, 314, 2024, 2025]",0.0,0.0,0.0,0.0,0.0,10
FN,Http_user_agent_Mozilla/5.0 (compatible; Nmap Scripting Engine; https://nmap.org/book/nse.html),10,"[1, 7, 13, 21, 42, 99, 123, 314, 2024, 2025]",0.0,0.0,0.0,0.0,0.0,10
FN,Http_user_agent_python-requests/2.32.3,10,"[1, 7, 13, 21, 42, 99, 123, 314, 2024, 2025]",0.0,0.0,0.0,0.0,0.0,10
FN,Http_request_uri_query_ipv4,10,"[1, 7, 13, 21, 42, 99, 123, 314, 2024, 2025]",0.0,0.0,0.0,0.0,0.0,10
FN,Time_response_Request,10,"[1, 7, 13, 21, 42, 99, 123, 314, 2024, 2025]",0.0,0.0,0.0,0.0,0.0,10
FN,Tcp_analysis_flags_â\234\223,10,"[1, 7, 13, 21, 42, 99, 123, 314, 2024, 2025]",0.0,0.0,0.0,0.0,0.0,10
TP,Protocol_DMP,5,"[13, 21, 99, 123, 314]",0.0,0.0,0.0,0.0,0.0,5
TP,Protocol_iPerf3,9,"[7, 13, 21, 42, 99, 123, 314, 2024, 2025]",0.0,0.0,0.0,0.0,0.0,9
FP,Protocol_DMP,5,"[13, 21, 99, 123, 314]",0.0,0.0,0.0,0.0,0.0,5
FP,Protocol_iPerf3,9,"[7, 13, 21, 42, 99, 123, 314, 2024, 2025]",0.0,0.0,0.0,0.0,0.0,9
TN,Protocol_DMP,5,"[13, 21, 99, 123, 314]",0.0,0.0,0.0,0.0,0.0,5
TN,Protocol_iPerf3,9,"[7, 13, 21, 42, 99, 123, 314, 2024, 2025]",0.0,0.0,0.0,0.0,0.0,9
FN,Protocol_DMP,5,"[13, 21, 99, 123, 314]",0.0,0.0,0.0,0.0,0.0,5
FN,Protocol_iPerf3,9,"[7, 13, 21, 42, 99, 123, 314, 2024, 2025]",0.0,0.0,0.0,0.0,0.0,9
TP,Protocol_GRE,8,"[7, 13, 21, 42, 99, 314, 2024, 2025]",0.0,0.0,0.0,0.0,0.0,8
TP,Protocol_SCTP,4,"[7, 13, 21, 2024]",0.0,0.0,0.0,0.0,0.0,4
FP,Protocol_GRE,8,"[7, 13, 21, 42, 99, 314, 2024, 2025]",0.0,0.0,0.0,0.0,0.0,8
FP,Protocol_SCTP,4,"[7, 13, 21, 2024]",0.0,0.0,0.0,0.0,0.0,4
TN,Protocol_GRE,8,"[7, 13, 21, 42, 99, 314, 2024, 2025]",0.0,0.0,0.0,0.0,0.0,8
TN,Protocol_SCTP,4,"[7, 13, 21, 2024]",0.0,0.0,0.0,0.0,0.0,4
FN,Protocol_GRE,8,"[7, 13, 21, 42, 99, 314, 2024, 2025]",0.0,0.0,0.0,0.0,0.0,8
FN,Protocol_SCTP,4,"[7, 13, 21, 2024]",0.0,0.0,0.0,0.0,0.0,4
