prediction_group,seed_a,seed_b,spearman,top3_jaccard
FN,1,7,0.9985878346105124,0.5
FN,1,13,0.921195871828618,0.5
FN,1,21,0.981082842493291,0.5
FN,1,42,0.9693765115337033,0.2
FN,1,99,0.9799014874737911,0.5
FN,1,123,0.9988305917205892,1.0
FN,1,314,0.9805602728456192,0.2
FN,1,2024,0.9677986274515442,1.0
FN,1,2025,0.9160669641784919,0.5
FN,7,13,0.9206963647562274,1.0
FN,7,21,0.9808760972213277,1.0
FN,7,42,0.9692131693092685,0.5
FN,7,99,0.9795504087076685,0.5
FN,7,123,0.9987457702902919,0.5
FN,7,314,0.9805453405599002,0.2
FN,7,2024,0.9672677542602842,0.5
FN,7,2025,0.9161872465071489,1.0
FN,13,21,0.9389399164148967,1.0
FN,13,42,0.8931965168442016,0.5
FN,13,99,0.9382402883549769,0.5
FN,13,123,0.9216729583149277,0.5
FN,13,314,0.9394832943415139,0.2
FN,13,2024,0.8927045175832573,0.5
FN,13,2025,0.9578725536740355,1.0
FN,21,42,0.9523729029323786,0.5
FN,21,99,0.9982655899809665,0.5
FN,21,123,0.9814368579939994,0.5
FN,21,314,0.998953356086462,0.2
FN,21,2024,0.9518362216833546,0.5
FN,21,2025,0.9013620898361884,1.0
FN,42,99,0.9513770235669954,0.2
FN,42,123,0.9692448007495031,0.2
FN,42,314,0.9525684486508965,0.5
FN,42,2024,0.9992851672198113,0.2
FN,42,2025,0.8873068262715652,0.5
FN,99,123,0.9801540567855702,0.5
FN,99,314,0.9984758214984251,0.2
FN,99,2024,0.9514730702698455,0.5
FN,99,2025,0.9005402153541382,0.5
FN,123,314,0.9810101587399198,0.2
FN,123,2024,0.9680381380099196,1.0
FN,123,2025,0.9278958912113386,0.5
FN,314,2024,0.952140057298281,0.2
FN,314,2025,0.9018771633660736,0.2
FN,2024,2025,0.8861241415436165,0.5
FP,1,7,0.9133733388336907,0.5
FP,1,13,0.915399230225406,1.0
FP,1,21,0.9303195604751454,1.0
FP,1,42,0.9313785336482352,0.5
FP,1,99,0.9169410954559716,0.2
FP,1,123,0.9867380275617759,1.0
FP,1,314,0.9705819993639351,0.5
FP,1,2024,0.8625827425942444,0.5
FP,1,2025,0.8678134186723514,1.0
FP,7,13,0.94063433065559,0.5
FP,7,21,0.9558793763417034,0.5
FP,7,42,0.905474837531522,1.0
FP,7,99,0.9193786131488381,0.5
FP,7,123,0.9003172031767505,0.5
FP,7,314,0.9148012987052454,0.5
FP,7,2024,0.9176984706879988,0.2
FP,7,2025,0.9523170324366518,0.5
FP,13,21,0.9843092758202534,1.0
FP,13,42,0.9032568173934671,0.5
FP,13,99,0.8908939409765059,0.2
FP,13,123,0.9286126128439791,1.0
FP,13,314,0.9172591569610223,0.5
FP,13,2024,0.9446643160487178,0.5
FP,13,2025,0.9522226911575181,1.0
FP,21,42,0.9178861527399212,0.5
FP,21,99,0.9057074953498696,0.2
FP,21,123,0.9435055392438289,1.0
FP,21,314,0.9315527960158236,0.5
FP,21,2024,0.9308985207118546,0.5
FP,21,2025,0.9349781042699852,1.0
FP,42,99,0.960476345675366,0.5
FP,42,123,0.9439556441343057,0.5
FP,42,314,0.9047174075890368,0.5
FP,42,2024,0.879816011128009,0.2
FP,42,2025,0.8847754980885795,0.5
FP,99,123,0.9295220453922719,0.2
FP,99,314,0.9173811615938511,0.2
FP,99,2024,0.8671557217218967,0.0
FP,99,2025,0.9005141097981807,0.2
FP,123,314,0.957861099661589,0.5
FP,123,2024,0.8759057689452515,0.5
FP,123,2025,0.8804345712415999,1.0
FP,314,2024,0.8645767210351807,0.2
FP,314,2025,0.8697480408472184,0.5
FP,2024,2025,0.9290906326585602,0.5
TN,1,7,0.9780089371602084,1.0
TN,1,13,0.9529015351203194,1.0
TN,1,21,0.9531421205305127,1.0
TN,1,42,0.966504514020784,1.0
TN,1,99,0.9847016129108875,1.0
TN,1,123,0.9553670224874157,1.0
TN,1,314,0.99909870541323,1.0
TN,1,2024,0.9776051793389059,0.5
TN,1,2025,0.9873570352845694,1.0
TN,7,13,0.9735985523772812,1.0
TN,7,21,0.9744435824874622,1.0
TN,7,42,0.9874568481628354,1.0
TN,7,99,0.9638336308093972,1.0
TN,7,123,0.9763465540053363,1.0
TN,7,314,0.9776317985267461,1.0
TN,7,2024,0.9746639256058975,0.5
TN,7,2025,0.9647764250368642,1.0
TN,13,21,0.9992242387159512,1.0
TN,13,42,0.9854437984019153,1.0
TN,13,99,0.9666302453299911,1.0
TN,13,123,0.9741346740678312,1.0
TN,13,314,0.9529324651660153,1.0
TN,13,2024,0.9725918034316186,0.5
TN,13,2025,0.9624042508887733,1.0
TN,21,42,0.9859483942033773,1.0
TN,21,99,0.9667421469996882,1.0
TN,21,123,0.9746461681536808,1.0
TN,21,314,0.9533168163796978,1.0
TN,21,2024,0.9729308524949811,0.5
TN,21,2025,0.9629505908686066,1.0
TN,42,99,0.9529882151301972,1.0
TN,42,123,0.9877532434515666,1.0
TN,42,314,0.9670844017353365,1.0
TN,42,2024,0.9863647267921098,0.5
TN,42,2025,0.9763969121718677,1.0
TN,99,123,0.9419374023982777,1.0
TN,99,314,0.9849210823017309,1.0
TN,99,2024,0.9644160592960697,0.5
TN,99,2025,0.9741977388822981,1.0
TN,123,314,0.955137035660666,1.0
TN,123,2024,0.9751480761957901,0.5
TN,123,2025,0.9647840229688248,1.0
TN,314,2024,0.9779923920207669,0.5
TN,314,2025,0.9885172766588967,1.0
TN,2024,2025,0.9883938328492078,0.5
TP,1,7,0.9665668156546291,0.5
TP,1,13,0.9645835883633901,1.0
TP,1,21,0.9696643343365404,1.0
TP,1,42,0.9792041949873139,0.5
TP,1,99,0.9769891611987297,0.5
TP,1,123,0.9592071915148409,1.0
TP,1,314,0.9790115347224049,0.5
TP,1,2024,0.959926659391822,1.0
TP,1,2025,0.9450911429212429,1.0
TP,7,13,0.9519275400391832,0.5
TP,7,21,0.9568917524625333,0.5
TP,7,42,0.9477359877974364,1.0
TP,7,99,0.9853731390744361,0.5
TP,7,123,0.9650988584258248,0.5
TP,7,314,0.9676012159909922,0.5
TP,7,2024,0.9706708285063709,0.5
TP,7,2025,0.9515765891432348,0.5
TP,13,21,0.954859124872837,1.0
TP,13,42,0.9444158106529655,0.5
TP,13,99,0.9628614301247551,0.5
TP,13,123,0.9424160691660906,1.0
TP,13,314,0.9656830341808094,0.5
TP,13,2024,0.9488446756740411,1.0
TP,13,2025,0.9794050986678962,1.0
TP,21,42,0.9704138893037856,0.5
TP,21,99,0.9671605297559964,0.5
TP,21,123,0.9710176832718634,1.0
TP,21,314,0.9880439077024067,0.5
TP,21,2024,0.9685292121568426,1.0
TP,21,2025,0.9548625658746377,1.0
TP,42,99,0.9588170075582518,0.5
TP,42,123,0.9693877686630548,0.5
TP,42,314,0.9604084447107248,0.5
TP,42,2024,0.9412224875952157,0.5
TP,42,2025,0.9240461002401057,0.5
TP,99,123,0.9757182818853962,0.5
TP,99,314,0.9783945521275228,1.0
TP,99,2024,0.9593098067844604,0.5
TP,99,2025,0.9622999061365951,0.5
TP,123,314,0.9590502667367944,0.5
TP,123,2024,0.9407647176432247,1.0
TP,123,2025,0.9419962153373371,1.0
TP,314,2024,0.9795880492073915,0.5
TP,314,2025,0.9654727362383068,0.5
TP,2024,2025,0.9474346230624133,1.0
