seed,condition,precision,recall,f1,auprc,fpr,n_trainable_params,inference_latency_ms
42,MLP_trackb,0.9737608043746693,0.9942029964317474,0.9838757289340159,0.9980434311509659,0.14106211474632527,8130.0,9.654050297103822
42,Tree_trackb,0.9765982365810002,0.9949234007586758,0.9856756530708969,0.9987464910189627,0.12553342816500712,,14.395247702486813
42,GraphSAGE_trackb,0.9737221616742077,0.9956212924503878,0.9845499677196731,0.9984225054220285,0.1414770033191086,35330.0,78.65053869318217
42,ContentOnly_trackb,0.9737608043746693,0.9942029964317474,0.9838757289340159,0.9980434311509659,0.14106211474632527,8130.0,23.244661232456565
42,RandomTopology_trackb,0.975879929760235,0.9946419928184693,0.9851716410422218,0.9985986700051017,0.12944523470839261,35330.0,58.65568658336997
42,DegreePreservedTopology_trackb,0.976061861364264,0.994585711230428,0.9852367253183469,0.9985287877008459,0.12843764817449027,12546.0,47.416126006282866
42,TopologyOnly_trackb,0.9740248187519459,0.9860083972129358,0.9799799743806322,0.9723737368625152,0.13845424371740161,5602.0,12.453953013755381
42,NoMessagePassing_trackb,0.975992052541531,0.99528360292214,0.9855434310108452,0.9985809816379696,0.1289118065433855,436994.0,57.19943980220705
42,GraphSAGE_strict_temporal,0.9649138740047832,0.3824574034077274,0.5477902949996992,0.8599775835707837,0.0150300861085174,,
42,MatchedGraphSAGE_trackb,0.9997756673895162,0.9029817985344274,0.9489167657339554,0.9986486056521348,0.0010668563300142249,,
42,Original_H1_trackb,0.9504826523404892,0.999729848377402,0.9744844498329502,0.9983683185634424,0.2742413466097677,4994.0,143.457641126588
42,Original_H2_trackb,0.9720473045615112,0.997377277997276,0.9845493991433,0.9983683185634424,0.1510194404931247,4994.0,143.457641126588
42,HostNormalized_H3_trackb,0.9516471269048588,0.9995835162484944,0.9750264887210204,0.9985239163604194,0.267425320056899,5010.0,82.86271779797971
42,HostNormalized_H4_trackb,0.9741445703597756,0.9966343610351308,0.9852611431655436,0.9985239163604194,0.1392840208629682,5010.0,82.86271779797971
42,Original_H1_temporal,0.9665707844204308,0.447552195824334,0.611815072706247,0.8654535381288795,0.0167289137877373,4770.0,242.82508087344468
42,Original_H2_temporal,0.9407970894658508,0.546100311975042,0.691062589207082,0.8654535381288795,0.0371407822388214,4770.0,242.82508087344468
42,HostNormalized_H3_temporal,0.9633707967420484,0.5080873530117591,0.6652945150596258,0.8483553352416089,0.020878721859114,4786.0,218.02465501241383
42,HostNormalized_H4_temporal,0.9274877650897226,0.5457643388528918,0.6871732890164676,0.8483553352416089,0.0461147421931735,4786.0,218.02465501241383
7,MLP_trackb,0.9744041976234044,0.9941517837059697,0.9841789416257501,0.9975030845812316,0.13825543316463232,18434.0,13.366775959730148
7,Tree_trackb,0.9773450271727124,0.9951077421386477,0.9861464045294459,0.9987464108083994,0.12211967847573682,,13.418280356563628
7,GraphSAGE_trackb,0.9722572371233462,0.9975707409240182,0.9847513419596219,0.9981146912705342,0.15069961298005358,12610.0,66.33469401858747
7,ContentOnly_trackb,0.9744041976234044,0.9941517837059697,0.9841789416257501,0.9975030845812316,0.13825543316463232,18434.0,19.432587409392
7,RandomTopology_trackb,0.9763295317795908,0.9945679067884295,0.9853643317566702,0.998311152715171,0.1276570407859482,35458.0,61.978485714644194
7,DegreePreservedTopology_trackb,0.9768019884009942,0.9944779342300598,0.9855607135493003,0.9986570654492632,0.12503721345638583,12610.0,53.04470909759402
7,TopologyOnly_trackb,0.9746282104045472,0.9854469386837015,0.9800077173007343,0.9729212581097184,0.13581423042572194,5602.0,15.254063112661242
7,NoMessagePassing_trackb,0.9749912056987072,0.9974920149354447,0.9861132729981544,0.9975001730295331,0.135456981244418,215490.0,42.98616433516145
7,GraphSAGE_strict_temporal,0.9650878183921032,0.4305375569954404,0.5954413826865473,0.8886892630043677,0.0168326589895217,,
7,MatchedGraphSAGE_trackb,0.9997135063090893,0.9026271987043951,0.9486929437283166,0.9986948564249052,0.0013694551949985114,,
7,Original_H1_trackb,0.9509922439154854,0.9997525754644834,0.9747630091397054,0.9982127605106356,0.2727597499255731,5026.0,101.977993035689
7,Original_H2_trackb,0.9737418424730652,0.9951077421386476,0.9843088612382704,0.9982127605106356,0.1420660910985412,5026.0,101.977993035689
7,HostNormalized_H3_trackb,0.9536607870906828,0.9996513563363174,0.9761146496815288,0.9977558786637192,0.2571598690086335,5042.0,56.54571112245321
7,HostNormalized_H4_trackb,0.9763491888312548,0.9949502901615008,0.9855619798803515,0.9977558786637192,0.1275974992557308,5042.0,56.54571112245321
7,Original_H1_temporal,0.969118433597656,0.500059995200384,0.6597120536950999,0.9153538920069008,0.0172217034962133,4754.0,242.14612785726783
7,Original_H2_temporal,0.9472774956290068,0.5460883129349652,0.69279364306156,0.9153538920069008,0.0328483245149911,4754.0,242.14612785726783
7,HostNormalized_H3_temporal,0.9707249180250525,0.4937604991600672,0.6545720625780437,0.8455487715717392,0.0160934744268077,4770.0,345.61777557246387
7,HostNormalized_H4_temporal,0.9367208783951126,0.544588432925366,0.688751972805633,0.8455487715717392,0.0397603485838779,4770.0,345.61777557246387
123,MLP_trackb,0.9734874759152216,0.994019044621075,0.9836461334787011,0.9976034143067758,0.14365827466889391,17922.0,11.839546775445342
123,Tree_trackb,0.9770546470412862,0.9947835276394338,0.9858393867819422,0.9987543329140242,0.12397088652905382,,9.918892057612538
123,GraphSAGE_trackb,0.9716225836482121,0.9973580366277305,0.9843221232261142,0.998186510676662,0.15457582627371436,34946.0,72.21878033597022
123,ContentOnly_trackb,0.9734874759152216,0.994019044621075,0.9836461334787011,0.9976034143067758,0.14365827466889391,17922.0,27.07105011213571
123,RandomTopology_trackb,0.9739147618733944,0.9973130670384153,0.9854750465187325,0.9978068677819172,0.14174919460684882,34946.0,56.6046733641997
123,DegreePreservedTopology_trackb,0.9764475950708891,0.9941764381836783,0.9852322673009754,0.9986138253669402,0.12725211788569382,12354.0,36.159403435885906
123,TopologyOnly_trackb,0.9743054244104022,0.9860257001202937,0.9801305261275759,0.9726645040596301,0.13799069323469754,5602.0,12.430160865187645
123,NoMessagePassing_trackb,0.9746964786024281,0.9973355518330729,0.9858860661021093,0.9985354659186396,0.13739410571530844,436610.0,57.68062425777316
123,GraphSAGE_strict_temporal,0.9719756194514376,0.528113750899928,0.6843774781919112,0.9299463048895716,0.0164565826330532,,
123,MatchedGraphSAGE_trackb,0.9995889899115705,0.9022810824180149,0.9484456892323874,0.9986380830705298,0.0019687388139840115,,
123,Original_H1_trackb,0.9494469593440382,0.9997751520534238,0.97396132805441,0.9982322807160868,0.2824841904307362,4898.0,107.91464406065644
123,Original_H2_trackb,0.9731476494575672,0.9953568899032028,0.984126984126984,0.9982322807160868,0.1457463309867557,4898.0,107.91464406065644
123,HostNormalized_H3_trackb,0.9525288661339733,0.9997863944507528,0.975585675027837,0.9982010688982196,0.2644075885932466,4914.0,67.3709970433265
123,HostNormalized_H4_trackb,0.9753823775730596,0.9951095571619692,0.9851472200426272,0.9982010688982196,0.1332776518315236,4914.0,67.3709970433265
123,Original_H1_temporal,0.8638924184667514,0.4894768418526518,0.624892769607843,0.8941110124831768,0.0833463014835563,4754.0,177.76286508888006
123,Original_H2_temporal,0.8656249403773872,0.5443964482841372,0.6684198507583625,0.8941110124831768,0.0913346820209565,4754.0,177.76286508888006
123,HostNormalized_H3_temporal,0.9707861234086193,0.4657187425005999,0.6294629462946294,0.9040170695942658,0.0151467994605249,4770.0,274.94579483754933
123,HostNormalized_H4_temporal,0.9383895053834412,0.5458963282937365,0.6902489720987391,0.9040170695942658,0.0387358647162568,4770.0,274.94579483754933
1,MLP_trackb,0.9748384753392844,0.994408578004828,0.9845262841961337,0.9983051874715804,0.13733028955905321,18434.0,11.905364436097443
1,Tree_trackb,0.9775175592383094,0.9953853926907315,0.9863705648705481,0.9987974375723723,0.12249188994352998,,10.516750905662775
1,GraphSAGE_trackb,0.9729013609538721,0.9976758547128501,0.9851328728699874,0.9983635415087534,0.14868436861708517,35458.0,66.00426379591227
1,ContentOnly_trackb,0.9748384753392844,0.994408578004828,0.9845262841961337,0.9983051874715804,0.13733028955905321,18434.0,18.068927596323192
1,RandomTopology_trackb,0.9757209896671,0.9944871722899007,0.9850147072724543,0.9980903075288435,0.13240418118466898,35458.0,59.88930601160973
1,DegreePreservedTopology_trackb,0.9773993842215037,0.9944310335148487,0.9858416535880056,0.998676747006743,0.12303256037486483,12610.0,50.582639896310866
1,TopologyOnly_trackb,0.9749988903191442,0.9865042384775164,0.980717821644036,0.9739277862490825,0.13534783131082542,21442.0,47.152539691887796
1,NoMessagePassing_trackb,0.9754102859652012,0.997642171447819,0.9864009769094139,0.9985678106707649,0.1345668629100084,437122.0,51.85413886792958
1,GraphSAGE_strict_temporal,0.9736694173993208,0.5195824334053276,0.6775836573744456,0.9005435206063868,0.0151857039111941,,
1,MatchedGraphSAGE_trackb,0.9997015259485879,0.9025430865098524,0.9486410894886531,0.9987046629544128,0.0014417878168929473,,
1,Original_H1_trackb,0.9508767433416628,0.9997417616347613,0.9746971927731284,0.998427909628168,0.2763426649044815,5026.0,131.148898974061
1,Original_H2_trackb,0.9744573703076552,0.9950373322854096,0.9846398275660933,0.998427909628168,0.1395530457767632,5026.0,131.148898974061
1,HostNormalized_H3_trackb,0.9528161553032328,0.999651939594678,0.9756722992964691,0.9982833195904408,0.2648684368617085,5042.0,71.72552682459354
1,HostNormalized_H4_trackb,0.974667427668262,0.9970246449222478,0.9857192809133444,0.9982833195904408,0.1386519283912051,5042.0,71.72552682459354
1,Original_H1_temporal,0.9743259138617444,0.5168346532277418,0.675400633487001,0.9331840246572344,0.0147188505031642,4738.0,192.4692951142788
1,Original_H2_temporal,0.9646391708788176,0.5450083993280538,0.6965022311502308,0.9331840246572344,0.0215919701213818,4738.0,192.4692951142788
1,HostNormalized_H3_temporal,0.9738051686131044,0.4982601391888649,0.6592211585782095,0.950592015003232,0.0144854237991492,4754.0,136.82917621918023
1,HostNormalized_H4_temporal,0.9558978022439804,0.5458963282937365,0.6949302702124733,0.950592015003232,0.0272201473181865,4754.0,136.82917621918023
2024,MLP_trackb,0.972765779081824,0.9939700644695911,0.9832536151899299,0.9982358838205189,0.14534644139636194,18434.0,12.045504106208682
2024,Tree_trackb,0.9761512339192283,0.9946237771065326,0.9853009317411668,0.9987087910486576,0.1269205863307235,,12.128290138207376
2024,GraphSAGE_trackb,0.9715412328105092,0.9969455840584284,0.9840794802189489,0.9983412411169176,0.1525284040737034,12610.0,65.621377248317
2024,ContentOnly_trackb,0.972765779081824,0.9939700644695911,0.9832536151899299,0.9982358838205189,0.14534644139636194,18434.0,25.861703394912183
2024,RandomTopology_trackb,0.974993096592478,0.9948942788873361,0.9848431598971321,0.9984309075043446,0.13327838935656677,12610.0,40.1402632240206
2024,DegreePreservedTopology_trackb,0.9754821728744582,0.9941729408051936,0.9847388751200125,0.9985471481998625,0.13051156766939423,12610.0,35.07183019537479
2024,TopologyOnly_trackb,0.9734727046041499,0.9856295928948199,0.9795134299603485,0.9723146314463352,0.14028374639430152,5602.0,12.408555927686393
2024,NoMessagePassing_trackb,0.9737896126760563,0.9974527748974348,0.9854791652747155,0.9983723618754273,0.14022487784776594,215490.0,51.81678847875446
2024,GraphSAGE_strict_temporal,0.9492915734526473,0.4582433405327574,0.6181111920369021,0.873359315427054,0.0264550264550264,,
2024,MatchedGraphSAGE_trackb,0.999637943519189,0.9024502952977774,0.9485612064778287,0.9986146283531433,0.001707187849531995,,
2024,Original_H1_trackb,0.949008741052992,0.99974076912673,0.973714398625618,0.998241724241826,0.280567492788603,5026.0,101.37270484119654
2024,Original_H2_trackb,0.9727099383879464,0.9946914025517336,0.9835778727577694,0.998241724241826,0.145758521222111,5026.0,101.37270484119654
2024,HostNormalized_H3_trackb,0.9512736633238592,0.9996393309589288,0.9748569732741992,0.99833256677489,0.2674398069111673,5042.0,57.96684813685715
2024,HostNormalized_H4_trackb,0.972981000891099,0.9968328749830936,0.9847625304109162,0.99833256677489,0.1445811502913993,5042.0,57.96684813685715
2024,Original_H1_temporal,0.9715070119462788,0.4713102951763859,0.6347044137964466,0.884121842217694,0.0149393090569561,4754.0,185.18900056369603
2024,Original_H2_temporal,0.9287902929280548,0.5455723542116631,0.6873781123860492,0.884121842217694,0.0452069716775599,4754.0,185.18900056369603
2024,HostNormalized_H3_temporal,0.96058888076079,0.5041996640268779,0.661294891567782,0.8602076847651081,0.0223570909845419,4770.0,223.56389579363167
2024,HostNormalized_H4_temporal,0.7423294899355091,0.5469402447804176,0.6298292157187863,0.8602076847651081,0.2051820728291316,4770.0,223.56389579363167
13,MLP_trackb,0.9742378467453996,0.9942818701648167,0.9841578115029271,0.9981175415321486,0.14194056049875917,18434.0,9.955143602564931
13,Tree_trackb,0.9775978853461094,0.9951900437268753,0.9863155262938578,0.9987652675494699,0.12311603413836934,,9.486574679613113
13,GraphSAGE_trackb,0.9726394263352354,0.9976342639309339,0.9849783032235211,0.9982636473650671,0.15150414623812117,12610.0,41.64131397847086
13,ContentOnly_trackb,0.9742378467453996,0.9942818701648167,0.9841578115029271,0.9981175415321486,0.14194056049875917,18434.0,17.63102961704135
13,RandomTopology_trackb,0.9768855509916418,0.9946182307433569,0.9856721426230145,0.9986015592384874,0.1270504206767145,35458.0,59.4455756014213
13,DegreePreservedTopology_trackb,0.9769938988128015,0.9946518668012109,0.9857438108360372,0.9986789655072562,0.126445130440046,12610.0,50.781662529334426
13,TopologyOnly_trackb,0.9749243742174255,0.9864783047426842,0.9806673094177902,0.9738600601356762,0.1369771805580776,21442.0,47.171637089923024
13,NoMessagePassing_trackb,0.9750923216849119,0.9976903240273574,0.9862618940741603,0.9982511222829002,0.1375824707947461,215490.0,52.74453777819872
13,GraphSAGE_strict_temporal,0.9608725218392008,0.4408207343412527,0.6043726454669583,0.8508695346549777,0.019400352733686,,
13,MatchedGraphSAGE_trackb,0.9994666931253023,0.903531786074672,0.9490810804444731,0.9987120547663041,0.002602748017674475,,
13,Original_H1_trackb,0.9502611105190236,0.999697275479314,0.9743525297781662,0.9982982178173752,0.2824889534531808,5026.0,75.85318107157946
13,Original_H2_trackb,0.9739534168989968,0.9948761071869044,0.9843035896525713,0.9982982178173752,0.1436353731614309,5026.0,75.85318107157946
13,HostNormalized_H3_trackb,0.952530529824674,0.9995963673057516,0.9754960691952927,0.9984269362721656,0.2689304521518068,5042.0,58.533923933282495
13,HostNormalized_H4_trackb,0.9765573409641206,0.9948424711290504,0.985615106914746,0.9984269362721656,0.1289268204103867,5042.0,58.533923933282495
13,Original_H1_temporal,0.9640278783942444,0.4630549556035517,0.6256089356493827,0.8534752986566221,0.0186741363211951,4786.0,263.2449069060385
13,Original_H2_temporal,0.9411691645276145,0.5455483561315094,0.6907207097715119,0.8534752986566221,0.0368554829339143,4786.0,263.2449069060385
13,HostNormalized_H3_temporal,0.9501506751627522,0.4956083513318934,0.6514261381110472,0.8493621550249573,0.028101981533354,4802.0,188.7517711147666
13,HostNormalized_H4_temporal,0.7410650348284616,0.5463642908567314,0.6289921538291524,0.8493621550249573,0.2063232700487602,4802.0,188.7517711147666
21,MLP_trackb,0.9740294039968307,0.994114740105126,0.9839695844542766,0.996810798558931,0.14152923538230885,8130.0,8.464114740490913
21,Tree_trackb,0.9774041219824352,0.994968327418123,0.9861080190569483,0.9988021482434382,0.12281859070464768,,9.370390931144357
21,GraphSAGE_trackb,0.9723082987506433,0.9973269239408779,0.9846587160337764,0.9981956312628699,0.15166416791604198,35330.0,73.52034554351121
21,ContentOnly_trackb,0.9740294039968307,0.994114740105126,0.9839695844542766,0.996810798558931,0.14152923538230885,8130.0,10.01418400555849
21,RandomTopology_trackb,0.9743192967438186,0.9971135271126286,0.9855846354528045,0.9983450691456643,0.14032983508245878,12546.0,47.50311207026243
21,DegreePreservedTopology_trackb,0.9771156690879386,0.9941259715171391,0.9855474273752658,0.99868185208302,0.12431784107946027,35330.0,48.88793851714581
21,TopologyOnly_trackb,0.974738617949344,0.9863650658160744,0.9805173780521843,0.9731458790787748,0.13649175412293854,5602.0,10.463538975454867
21,NoMessagePassing_trackb,0.9750612213522506,0.9972595354687991,0.9860354582757261,0.9984690907164564,0.13619190404797601,436994.0,54.7618396114558
21,GraphSAGE_strict_temporal,0.9673388100572566,0.4662586993040556,0.6292284025584973,0.8623812333600553,0.0170142130926444,,
21,MatchedGraphSAGE_trackb,0.999540606647546,0.9041735927040747,0.9494683830944054,0.9986926821533987,0.0022188905547226388,,
21,Original_H1_trackb,0.9506542056074766,0.9996518262275932,0.9745375312737804,0.998395416585436,0.2770614692653673,4994.0,110.12001102790236
21,Original_H2_trackb,0.9724354692102988,0.9973044611168516,0.9847129731797792,0.998395416585436,0.1509445277361319,4994.0,110.12001102790236
21,HostNormalized_H3_trackb,0.952226573366716,0.9995619749314884,0.975320277482493,0.9976645403043448,0.2677661169415292,5010.0,47.37208806909621
21,HostNormalized_H4_trackb,0.9748544435900252,0.99668673345613,0.985649706218831,0.9976645403043448,0.137271364317841,5010.0,47.37208806909621
21,Original_H1_temporal,0.9686873047718212,0.4576913846892249,0.6216579609996985,0.9039422498844606,0.0159897292250233,4754.0,237.72873263806105
21,Original_H2_temporal,0.9266317099545018,0.5449604031677466,0.6863010283106541,0.9039422498844606,0.0466334682020956,4754.0,237.72873263806105
21,HostNormalized_H3_temporal,0.9642892013278656,0.4740220782337413,0.6355986742607074,0.8637276751998778,0.0189724037763253,4770.0,157.1896937675774
21,HostNormalized_H4_temporal,0.9348545585363348,0.5456683465322775,0.689108610826988,0.8637276751998778,0.0410960680568523,4770.0,157.1896937675774
99,MLP_trackb,0.9769108456085334,0.9944807895505946,0.9856175218912233,0.9984074493836388,0.12484327422532689,18114.0,12.737291608937085
99,Tree_trackb,0.9774273345701917,0.9948966974663339,0.9860846507793264,0.9987786220447197,0.1220371365454654,,9.219543216750026
99,GraphSAGE_trackb,0.9748580341157475,0.9976619230682764,0.9861281631065804,0.9987383218937146,0.13666487551495612,35138.0,41.55714390799403
99,ContentOnly_trackb,0.9769108456085334,0.9944807895505946,0.9856175218912233,0.9984074493836388,0.12484327422532689,18114.0,17.958227056078613
99,RandomTopology_trackb,0.9768614556207794,0.9951552348193611,0.9859234923993541,0.9987097859417937,0.12520150456743687,35138.0,70.93158629722893
99,DegreePreservedTopology_trackb,0.9768628447104819,0.9942672152154852,0.985488192792562,0.9986497095645965,0.1250820944534002,12450.0,48.37868786416948
99,TopologyOnly_trackb,0.9746738381526016,0.985892853128302,0.9802512461720724,0.9730253036676849,0.13606782494477282,5602.0,23.407671134918928
99,NoMessagePassing_trackb,0.9749461562129137,0.9973247004338931,0.986008468266228,0.9983851682613557,0.13612753000179115,215330.0,49.35791122261435
99,GraphSAGE_strict_temporal,0.972996372996373,0.4989320854331653,0.6596232401348403,0.8696771534844441,0.0149652453574022,,
99,MatchedGraphSAGE_trackb,0.9993285920326255,0.9034644005305636,0.9489816400023614,0.9986691529251794,0.0032240730789897904,,
99,Original_H1_trackb,0.950516213154351,0.9997077403835344,0.9744915848527348,0.998539851941278,0.2764344139948653,4946.0,83.56295712292194
99,Original_H2_trackb,0.9745152293739158,0.9976506823137968,0.9859472549934456,0.998539851941278,0.1385754373395426,4946.0,83.56295712292194
99,HostNormalized_H3_trackb,0.9531204784412076,0.9996290551021784,0.9758209200888815,0.9982738671262498,0.261149919398173,4962.0,35.33804905600846
99,HostNormalized_H4_trackb,0.974820025278892,0.99698747779951,0.985779146081902,0.9982738671262498,0.1367842856289927,4962.0,35.33804905600846
99,Original_H1_temporal,0.9752272677003384,0.5290496760259179,0.6859689928510864,0.9067198296333264,0.0145243282498184,4722.0,225.06964416243136
99,Original_H2_temporal,0.8821785631248547,0.546328293736501,0.6747732527120753,0.9067198296333264,0.0788593215063803,4722.0,225.06964416243136
99,HostNormalized_H3_temporal,0.9626210768569332,0.4567194624430045,0.6195099323735972,0.8565125830220173,0.0191669260296711,4738.0,490.6936683692038
99,HostNormalized_H4_temporal,0.9391996691138456,0.544936405087593,0.6896996848779376,0.8565125830220173,0.0381263616557734,4738.0,490.6936683692038
2025,MLP_trackb,0.9744151483459019,0.9942263409154731,0.9842210608250862,0.9979653834621844,0.13927843701306483,18242.0,12.838251725770533
2025,Tree_trackb,0.9771191019661032,0.9953608536927829,0.9861556267806267,0.9987870419185878,0.12435574733309361,,9.889700263738632
2025,GraphSAGE_trackb,0.9727056658744154,0.9975737152485257,0.9849827534576268,0.9983850434712637,0.14934675776099723,35266.0,66.55865230131894
2025,ContentOnly_trackb,0.9744151483459019,0.9942263409154731,0.9842210608250862,0.9979653834621844,0.13927843701306483,18242.0,14.19225709978491
2025,RandomTopology_trackb,0.9761209489911734,0.9950238696995226,0.9854817715576224,0.998088692657325,0.12986935155219945,35266.0,58.773335511796176
2025,DegreePreservedTopology_trackb,0.9766967152519558,0.994316203313676,0.9854277062831189,0.9986560765238701,0.12657317511686444,35266.0,58.7240498745814
2025,TopologyOnly_trackb,0.9746250416620376,0.9854085930918282,0.9799871533499037,0.9729364860518092,0.13688121778736664,5602.0,12.491225334815681
2025,NoMessagePassing_trackb,0.9750414511754565,0.9974501544509969,0.9861185145700071,0.9983913999862216,0.13622198250029965,436930.0,65.61042303219438
2025,GraphSAGE_strict_temporal,0.965377256037648,0.4479841612670986,0.6119789532348747,0.8438389569337965,0.0173643531486668,,
2025,MatchedGraphSAGE_trackb,0.9996152366294728,0.9046672283066555,0.9497741665389106,0.9986922521778318,0.0018578448999160974,,
2025,Original_H1_trackb,0.950878692377544,0.999797809604044,0.9747248535289932,0.998225676907154,0.2755603499940069,4978.0,111.68320197612049
2025,Original_H2_trackb,0.9739136170259544,0.9951586632968268,0.984421529845771,0.998225676907154,0.1422150305645451,4978.0,111.68320197612049
2025,HostNormalized_H3_trackb,0.953125,0.9997079472058412,0.9758608779557127,0.997904481077418,0.2623157137720244,4994.0,49.46216405369341
2025,HostNormalized_H4_trackb,0.9748956273346516,0.9967424880651502,0.9856980199394596,0.997904481077418,0.1369411482680091,4994.0,49.46216405369341
2025,Original_H1_temporal,0.9725063235455844,0.5305375569954404,0.6865416715189628,0.897953429178298,0.0162101877788152,4770.0,249.51468757353723
2025,Original_H2_temporal,0.9499290957624292,0.5465682745380369,0.6938884318922706,0.897953429178298,0.0311365286855482,4770.0,249.51468757353723
2025,HostNormalized_H3_temporal,0.9670501823411576,0.4518238540916726,0.615891656716662,0.8726348887737521,0.0166381367361759,4786.0,172.16432536952198
2025,HostNormalized_H4_temporal,0.939457719450291,0.5462922966162707,0.6908544635134519,0.8726348887737521,0.0380485527544351,4786.0,172.16432536952198
314,MLP_trackb,0.9742377662446421,0.9937619422277172,0.9839030062930176,0.9980818791446711,0.13965712920375126,18050.0,11.040784930810332
314,Tree_trackb,0.9777085198324548,0.9943351691581432,0.9859517533838944,0.9986379792779146,0.12048264739262887,,9.139444353058934
314,GraphSAGE_trackb,0.9742359376203735,0.9949645948072384,0.9844911668047577,0.9982583869359163,0.1398363299683412,35074.0,66.27824273891747
314,ContentOnly_trackb,0.9742377662446421,0.9937619422277172,0.9839030062930176,0.9980818791446711,0.13965712920375126,18050.0,16.811453504487872
314,RandomTopology_trackb,0.975243984288182,0.9962571653366303,0.985638590658134,0.9980455500938794,0.13440057344244669,35074.0,56.500293081626296
314,DegreePreservedTopology_trackb,0.9770165745856354,0.9938181409463864,0.9853457402351369,0.9983919940133642,0.12424586344901738,35074.0,73.03006229922175
314,TopologyOnly_trackb,0.9751512724684107,0.9853883331460043,0.9802430761318023,0.9739394701532613,0.1334448360313004,5602.0,23.492560465820134
314,NoMessagePassing_trackb,0.9771369903845092,0.9948521973698999,0.9859150223053916,0.9986654224539596,0.12370826115524759,436738.0,52.621430228464305
314,GraphSAGE_strict_temporal,0.9708956423862356,0.5071514278857692,0.6662725717843829,0.9276827765601467,0.0164306463326071,,
314,MatchedGraphSAGE_trackb,0.9995889694342724,0.9020231538720918,0.948303162074018,0.9986836016390175,0.001971208410489218,,
314,Original_H1_trackb,0.95112769893807,0.9996515679442508,0.974786139774988,0.9983239098712116,0.2729824980586584,4930.0,131.7399120889604
314,Original_H2_trackb,0.9745047486833696,0.994132853770934,0.984220951194,0.9983239098712116,0.1382235230870318,4930.0,131.7399120889604
314,HostNormalized_H3_trackb,0.9528855838673038,0.9995391705069124,0.9756549787159344,0.997865139865474,0.2626485873006391,4946.0,51.77668202668429
314,HostNormalized_H4_trackb,0.976120588819492,0.9942452512082725,0.9850995590004008,0.997865139865474,0.1292634848575354,4946.0,51.77668202668429
314,Original_H1_temporal,0.9737772931570968,0.439344852411807,0.6055018562770276,0.9023651928042528,0.0127865961199294,4754.0,244.14972006343305
314,Original_H2_temporal,0.941751797592159,0.5453323734101272,0.6907043366590931,0.9023651928042528,0.0364534702769996,4754.0,244.14972006343305
314,HostNormalized_H3_temporal,0.9726845924029024,0.5195704343652507,0.6773348350109888,0.8800058795050348,0.0157692706712314,4770.0,143.9949490595609
314,HostNormalized_H4_temporal,0.9423447304657568,0.5459923206143509,0.6913931032386973,0.8800058795050348,0.0361033302209772,4770.0,143.9949490595609
