model,n_seeds,seeds,auprc,auprc_std,auprc_median,auprc_ci_95_low,auprc_ci_95_high,auprc_n,fpr,fpr_std,fpr_median,fpr_ci_95_low,fpr_ci_95_high,fpr_n,precision,precision_std,precision_median,precision_ci_95_low,precision_ci_95_high,precision_n,recall,recall_std,recall_median,recall_ci_95_low,recall_ci_95_high,recall_n,f1,f1_std,f1_median,f1_ci_95_low,f1_ci_95_high,f1_n,n_trainable_params,n_trainable_params_std,n_trainable_params_median,n_trainable_params_ci_95_low,n_trainable_params_ci_95_high,n_trainable_params_n,ece,ece_std,ece_median,ece_ci_95_low,ece_ci_95_high,ece_n,brier_score,brier_score_std,brier_score_median,brier_score_ci_95_low,brier_score_ci_95_high,brier_score_n,model_size_bytes,model_size_bytes_std,model_size_bytes_median,model_size_bytes_ci_95_low,model_size_bytes_ci_95_high,model_size_bytes_n,false_alarms_per_hour,event_recall,time_to_detect_mean_s,time_to_detect_median_s,inference_latency_ms,inference_latency_ms_std,inference_latency_ms_median,inference_latency_ms_ci_95_low,inference_latency_ms_ci_95_high,inference_latency_ms_n,accuracy,auroc,threshold,total_fp,top_1_fp_share,top_2_fp_share,top_5_fp_share,false_alarms_per_hour_note,event_metrics_note,accuracy_std,accuracy_median,accuracy_ci_95_low,accuracy_ci_95_high,accuracy_n,auroc_std,auroc_median,auroc_ci_95_low,auroc_ci_95_high,auroc_n,model_size_definition,threshold_std,threshold_median,threshold_ci_95_low,threshold_ci_95_high,threshold_n,total_fp_std,total_fp_median,total_fp_ci_95_low,total_fp_ci_95_high,total_fp_n,top_1_fp_share_std,top_1_fp_share_median,top_1_fp_share_ci_95_low,top_1_fp_share_ci_95_high,top_1_fp_share_n,top_2_fp_share_std,top_2_fp_share_median,top_2_fp_share_ci_95_low,top_2_fp_share_ci_95_high,top_2_fp_share_n,top_5_fp_share_std,top_5_fp_share_median,top_5_fp_share_ci_95_low,top_5_fp_share_ci_95_high,top_5_fp_share_n,condition,note,inference_latency_note,config_id,protocol
graphsage_trackb_final,10,"[1, 7, 13, 21, 42, 99, 123, 314, 2024, 2025]",0.9983429629470473,0.000117032311183443,0.9983462190577252,0.9982592430750205,0.9984266828190741,10,0.1470173379858682,0.006690116950796239,0.1496351930480499,0.1422315166233647,0.15180315934837169,10,0.9729978860561712,0.0011865839952708308,0.9726875059331679,0.97214905500064,0.9738467171117025,10,0.9969040064769489,0.001000743792892412,0.9973424802843042,0.996188117493596,0.9976198954603017,10,0.9848050260232071,0.0005198165688151734,0.9847296251474974,0.9844331716508672,0.985176880395547,10,21614.8,11694.881965106691,12610.0,13248.78542174915,29980.81457825085,10.0,0.031225457024881165,0.0024339723279678056,0.0311677343775809,0.0294842981111279,0.03296661593863443,10,0.0335021074109117,0.0017561347318045262,0.03354206155189755,0.03224584430270039,0.034758370519123005,10,86459.2,46779.527860426766,50440.0,52995.1416869966,119923.2583130034,10.0,,,,,93.71092924848199,11.845650522248462,94.50434267055243,85.23706134167654,102.18479715528744,10,,,,,,,,N/A: Track-B random sample has no continuous exposure denominator,N/A: sampled flows and no verified event IDs; event reconstruction would be heuristic,,,,,,,,,,,,,,,,,,,,,,,,,,,,,,,,,,,,,,,,,
mlp_trackb_final,10,"[1, 7, 13, 21, 42, 99, 123, 314, 2024, 2025]",0.9979074053412645,0.00047970683757590744,0.9980626551478187,0.9975642437421632,0.9982505669403658,10,0.1392901189858477,0.005624311703772376,0.1403596219750382,0.13526672876722248,0.14331350920447292,10,0.974308774327571,0.0010809222544477342,0.9742378064950208,0.9735355291280344,0.9750820195271076,10,0.9941618150196939,0.00021141745034074905,0.9941773900688584,0.99401057608655,0.9943130539528379,10,0.9841349688391062,0.0006258386990196547,0.9840636979786019,0.9836872708037389,0.9845826668744736,10,16232.4,4274.254586084768,18178.0,13174.782463967476,19290.017536032523,10.0,0.033960380062938035,0.0019050064889674357,0.034268846772403605,0.032597620515136254,0.035323139610739816,10,0.03505922481450066,0.0012222097102692557,0.0351689006430877,0.034184908657715146,0.035933540971286176,10,64929.6,17097.01834433907,72712.0,52699.129855869905,77160.07014413009,10.0,,,,,24.073410984128714,4.974210201121611,21.663683641236275,20.51507536500664,27.631746603250786,10,,,,,,,,N/A: Track-B random sample has no continuous exposure denominator,N/A: sampled flows and no verified event IDs; event reconstruction would be heuristic,,,,,,,,,,,,,,,,,,,,,,,,,,,,,,,,,,,,,,,,,
tree_trackb_final,10,"[1, 7, 13, 21, 42, 99, 123, 314, 2024, 2025]",0.9987524522396546,4.901795617924606e-05,0.998759800231747,0.9987173869061852,0.998787517573124,10,0.12338466255582556,0.0018688665418151312,0.12296731242150845,0.12204775596880059,0.12472156914285053,10,0.977192366764983,0.0004854834390328856,0.9773745745775738,0.9768450728341365,0.9775396606958295,10,0.9949574931796279,0.0003259764151090239,0.9949458640883995,0.9947243036998961,0.9951906826593597,10,0.9859948517288654,0.00032026372350603237,0.9860963349181374,0.9857657488625234,0.9862239545952073,10,,,,,,,0.028216396312319002,0.0004852090436121899,0.0281339656105298,0.0278692986721316,0.028563493952506402,10,0.03064985636741352,0.0004223206620298033,0.030532612741444948,0.030347746365296396,0.030951966369530643,10,,,,,,,,,,,21.8367820372805,4.328022433473376,20.67907655145973,18.74070130029936,24.93286277426164,10,,,,,,,,N/A: Track-B random sample has no continuous exposure denominator,N/A: sampled flows and no verified event IDs; event reconstruction would be heuristic,,,,,,,,,,,,,,,,,,,,,,,,,,,,,,,,,,,,,,,,,
graphsage_strict_temporal,10,"[1, 7, 13, 21, 42, 99, 123, 314, 2024, 2025]",0.8806965642491583,0.030329946810502533,0.871518234455749,0.8589998273405424,0.9023933011577743,10,0.017513486876231932,0.003409389201732825,0.016644620811287453,0.015074556765630544,0.01995241698683332,10,0.9662418906017006,0.00727639980632104,0.9663580330474524,0.9610366677496452,0.971447113453756,10,0.46800815934725215,0.0456101588512,0.4622510199184065,0.4353806172306272,0.5006357014638771,10,0.629477981846906,0.04280163229647099,0.6236697972976997,0.5988595385968084,0.6600964250970035,10,4786.0,0.0,4786.0,4786.0,4786.0,10.0,0.2696687544631744,0.011834556226306702,0.2682365572267329,0.2612028229375878,0.278134685988761,10,0.25867741317022686,0.010918946353906854,0.25753720756974785,0.2508664694900364,0.26648835685041733,10,19144.0,0.0,19144.0,19144.0,19144.0,10.0,,,,,150.07993592880666,61.473675694555624,139.52359789982438,106.1043174853053,194.05555437230802,10,0.715262508392334,0.8960958851660994,,,,,,N/A: continuous exposure and timestamp units not explicitly validated,N/A: verified event IDs/onsets not supplied; heuristic grouping is not ground truth,0.023981106868042494,0.7102435529232025,0.6981074579814592,0.7324175588032087,10.0,0.034370540779693315,0.877376874236927,0.8715086814573995,0.9206830888747993,10.0,parameters and buffers; excludes framework/runtime overhead,,,,,,,,,,,,,,,,,,,,,,,,,,,,,,
H1_original_default_threshold_trackb,10,"[1, 7, 13, 21, 42, 99, 123, 314, 2024, 2025]",0.9983266066782613,0.00010660096855639832,0.9983110638442934,0.9982503489392214,0.9984028644173013,10,0.277092312942524,0.003611790896680088,0.2763885394496734,0.27450859338166195,0.2796760325033861,10,0.9504245260591132,0.0006895126753533767,0.9505852093809137,0.9499312784050449,0.9509177737131815,10,0.9997246326295539,4.823767458397632e-05,0.999735308752066,0.9996901254759123,0.9997591397831955,10,0.9744513017634475,0.0003570845472363263,0.9745145580632576,0.9741958588665666,0.9747067446603285,10,4984.4,46.0028984594087,4994.0,4951.491508892394,5017.308491107605,10.0,0.03184344867730625,0.0015274539712790034,0.03185321775921365,0.030750773930399496,0.032936123424213,10,0.03381711920068878,0.001058783023384316,0.03371512867229385,0.03305971145298631,0.03457452694839125,10,19937.6,184.0115938376348,19976.0,19805.966035569578,20069.23396443042,10.0,,,,,109.88311453256756,21.213408785015904,109.0173275442794,94.70795605902767,125.05827300610746,10,,,0.5,4639.4,0.4992619740628498,0.9450737770641705,0.9988576593203111,N/A: exposure/timestamp units not validated,N/A: no verified event IDs/onsets,,,,,,,,,,,,0.0,0.5,0.5,0.5,10.0,65.0131610607507,4623.5,4592.892386256209,4685.9076137437905,10.0,0.007329473027459874,0.49783416021803073,0.49401878491553064,0.5045051632101689,10.0,0.004340804779736723,0.9446549487958713,0.9419685523875154,0.9481790017408256,10.0,0.0004988989118133481,0.9991329718758516,0.9985007685383642,0.999214550102258,10.0,H1_original_default_threshold,reference,total forward time for the test flows; host conditions reuse their model's predictions,f490e5bedc8744546fce5e02159f21b4724a1c563e699b0ffd149dd8df37bbd4,track_b
H2_original_calibrated_threshold_trackb,10,"[1, 7, 13, 21, 42, 99, 123, 314, 2024, 2025]",0.9983266066782613,0.00010660096855639832,0.9983110638442934,0.9982503489392214,0.9984028644173013,10,0.14377373214659783,0.004627900260694321,0.14292520186298802,0.14046313173496672,0.14708433255822895,10,0.973542658638028,0.000904656025204241,0.9738277297495097,0.9728955067028702,0.9741898105731859,10,0.9956693412561582,0.001270870313414825,0.9951332027177372,0.9947602154008639,0.9965784671114526,10,0.9844809243697986,0.0006061585933578389,0.9843651955420207,0.9840473046339266,0.9849145441056706,10,4984.4,46.0028984594087,4994.0,4951.491508892394,5017.308491107605,10.0,0.03184344867730625,0.0015274539712790034,0.03185321775921365,0.030750773930399496,0.032936123424213,10,0.03381711920068878,0.001058783023384316,0.03371512867229385,0.03305971145298631,0.03457452694839125,10,19937.6,184.0115938376348,19976.0,19805.966035569578,20069.23396443042,10.0,,,,,109.88311453256756,21.213408785015904,109.0173275442794,94.70795605902767,125.05827300610746,10,,,0.835,2407.4,0.9076945355556771,0.9572154425085504,0.9990081277354038,N/A: exposure/timestamp units not validated,N/A: no verified event IDs/onsets,,,,,,,,,,,,0.04116363011742826,0.8250000000000001,0.8055533129206757,0.8644466870793243,10.0,84.25516799184092,2379.5,2347.1274837133183,2467.672516286682,10.0,0.025694311375884592,0.9030991662394724,0.8893139324687774,0.9260751386425768,10.0,0.012916257938762193,0.9517829241967486,0.9479757081927584,0.9664551768243423,10.0,0.0008305374807004162,0.998989895481678,0.9984139970129173,0.9996022584578903,10.0,H2_original_calibrated_threshold,existing mitigation (threshold only),total forward time for the test flows; host conditions reuse their model's predictions,f490e5bedc8744546fce5e02159f21b4724a1c563e699b0ffd149dd8df37bbd4,track_b
H3_host_normalized_default_threshold_trackb,10,"[1, 7, 13, 21, 42, 99, 123, 314, 2024, 2025]",0.9981231714933342,0.000300146792782063,0.9982374680122347,0.9979084594123125,0.9983378835743558,10,0.2644111810995827,0.003664562793266237,0.26463801272747756,0.2617897107980566,0.2670326514011089,10,0.9525814764256507,0.0007159385284254664,0.9526733425639534,0.9520693248550911,0.9530936279962103,10,0.9996347052641342,7.265466154498052e-05,0.9996341930305536,0.9995827312502471,0.9996866792780214,10,0.975540920943937,0.0003837431422673334,0.9756203268718857,0.9752664076369971,0.9758154342508768,10,5000.4,46.0028984594087,5010.0,4967.491508892394,5033.308491107605,10.0,0.03026948974106261,0.001240433291678634,0.030425101662821898,0.029382137219464376,0.031156842262660845,10,0.0324859242276493,0.0007378056142184062,0.03266568727903095,0.03195812988625424,0.033013718569044365,10,20001.6,184.0115938376348,20040.0,19869.966035569578,20133.23396443042,10.0,,,,,57.8954708063975,13.47752506447258,57.25627962965518,48.254230176134314,67.53671143666068,10,,,0.5,4427.1,0.5233818068020037,0.9876785387615422,0.9995059609981393,N/A: exposure/timestamp units not validated,N/A: no verified event IDs/onsets,,,,,,,,,,,,0.0,0.5,0.5,0.5,10.0,67.16720429892355,4420.5,4379.051476550023,4475.148523449978,10.0,0.006476259492247784,0.5261007987235988,0.5187489698493662,0.5280146437546412,10.0,0.008049729571931731,0.9839867674061568,0.9819201091210645,0.9934369684020199,10.0,0.0004418579217098698,0.999550962685493,0.9991898748823863,0.9998220471138922,10.0,H3_host_normalized_default_threshold,feature-level fix alone,total forward time for the test flows; host conditions reuse their model's predictions,f490e5bedc8744546fce5e02159f21b4724a1c563e699b0ffd149dd8df37bbd4,track_b
H4_host_normalized_calibrated_threshold_trackb,10,"[1, 7, 13, 21, 42, 99, 123, 314, 2024, 2025]",0.9981231714933342,0.000300146792782063,0.9982374680122347,0.9979084594123125,0.9983378835743558,10,0.13525793541155917,0.005400493746236163,0.13686271694850088,0.13139465491453775,0.1391212159085806,10,0.9750772591310632,0.0010837720346232919,0.9748750354623383,0.9743019753215976,0.9758525429405289,10,0.9960056149922056,0.0010779340305956773,0.9966605472456305,0.9952345074392382,0.996776722545173,10,0.9854293692568122,0.0003400253692513515,0.9855885433975488,0.9851861297607131,0.9856726087529114,10,5000.4,46.0028984594087,5010.0,4967.491508892394,5033.308491107605,10.0,0.03026948974106261,0.001240433291678634,0.030425101662821898,0.029382137219464376,0.031156842262660845,10,0.0324859242276493,0.0007378056142184062,0.03266568727903095,0.03195812988625424,0.033013718569044365,10,20001.6,184.0115938376348,20040.0,19869.966035569578,20133.23396443042,10.0,,,,,57.8954708063975,13.47752506447258,57.25627962965518,48.254230176134314,67.53671143666068,10,,,0.825,2265.0,0.9845403705089838,0.9955602850814855,0.9996983218597922,N/A: exposure/timestamp units not validated,N/A: no verified event IDs/onsets,,,,,,,,,,,,0.026352313834736518,0.8250000000000001,0.8061486903100149,0.843851309689985,10.0,100.81776739356125,2287.0,2192.879313850472,2337.120686149528,10.0,0.012092037983178927,0.991600877201552,0.9758902476304572,0.9931904933875104,10.0,0.00186892815644499,0.9960163104909407,0.9942233344180096,0.9968972357449615,10.0,0.0004052681781668074,0.9997964169381108,0.9994084104697705,0.999988233249814,10.0,H4_host_normalized_calibrated_threshold,combined mitigation,total forward time for the test flows; host conditions reuse their model's predictions,f490e5bedc8744546fce5e02159f21b4724a1c563e699b0ffd149dd8df37bbd4,track_b
H1_original_default_threshold_temporal,10,"[1, 7, 13, 21, 42, 99, 123, 314, 2024, 2025]",0.8956680309650846,0.02324876077948442,0.9001593109912753,0.8790368693862205,0.9122991925439488,10,0.02251400560224086,0.021436445545878095,0.01609995850191925,0.0071792962415328735,0.03784871496294885,10,0.9599640629861946,0.03394505882893629,0.9703127227719675,0.9356812307293346,0.9842468952430546,10,0.48449124070074384,0.033620809379816666,0.48039356851451886,0.46044036252656867,0.508542118874919,10,0.6431804360588795,0.030919627866298958,0.6301566747229146,0.6210618667346796,0.6652990053830795,10,4755.6,17.60807895383379,4754.0,4743.003939119499,4768.196060880502,10.0,0.26689264398772083,0.010293398090854498,0.26859584793685753,0.25952919057752283,0.27425609739791884,10,0.25721846033999785,0.010892927739400168,0.2592635367011928,0.24942612925537852,0.2650107914246172,10,19022.4,70.43231581533516,19016.0,18972.015756477995,19072.78424352201,10.0,,,,,226.01000608410686,29.941445655185912,239.93743024766445,204.59118615992426,247.42882600828946,10,,,0.5,1736.1,0.8186682919190382,0.8643965480913505,0.9452666367712037,N/A: exposure/timestamp units not validated,N/A: no verified event IDs/onsets,,,,,,,,,,,,0.0,0.5,0.5,0.5,10.0,1653.0071889337523,1241.5,553.6098917770851,2918.5901082229148,10.0,0.22225582921489034,0.8649298611111111,0.6596760495979298,0.9776605342401467,10.0,0.1777739513560883,0.89281875,0.7372247242870797,0.9915683718956212,10.0,0.06553674418026104,0.9477625000000001,0.8983844742270212,0.9921487993153862,10.0,H1_original_default_threshold,reference,total forward time for the test flows; host conditions reuse their model's predictions,6d522118c96cbaefbf4c1d60158b782016a5c5366c328b97932f25faabc65d95,temporal_causal
H2_original_calibrated_threshold_temporal,10,"[1, 7, 13, 21, 42, 99, 123, 314, 2024, 2025]",0.8956680309650846,0.02324876077948442,0.9001593109912753,0.8790368693862205,0.9122991925439488,10,0.04580610021786487,0.022056765250968845,0.036998132586367846,0.030027640872210524,0.061584559563519214,10,0.9288789320240675,0.031102454274896583,0.9409831269967326,0.9066295765658834,0.9511282874822515,10,0.5455903527717783,0.0006862511540846596,0.5455603551715862,0.5450994382694735,0.546081267274083,10,0.6872544185908891,0.008882436792371287,0.6907125232153025,0.6809003060896184,0.6936085310921598,10,4755.6,17.60807895383379,4754.0,4743.003939119499,4768.196060880502,10.0,0.26689264398772083,0.010293398090854498,0.26859584793685753,0.25952919057752283,0.27425609739791884,10,0.25721846033999785,0.010892927739400168,0.2592635367011928,0.24942612925537852,0.2650107914246172,10,19022.4,70.43231581533516,19016.0,18972.015756477995,19072.78424352201,10.0,,,,,226.01000608410686,29.941445655185912,239.93743024766445,204.59118615992426,247.42882600828946,10,,,0.05500000000000001,3532.2,0.6306819203929483,0.7417299139474464,0.9018990829692811,N/A: exposure/timestamp units not validated,N/A: no verified event IDs/onsets,,,,,,,,,,,,0.015811388300841896,0.05,0.04368921418600898,0.06631078581399102,10.0,1700.8412820327082,2853.0,2315.4914429379032,4748.908557062096,10.0,0.24936270734301635,0.6757762496119082,0.45229858560357983,0.8090652551823169,10.0,0.1912891460939572,0.7924162940046828,0.6048899022519028,0.87856992564299,10.0,0.0774375025789036,0.9317020328759924,0.8465036307183412,0.957294535220221,10.0,H2_original_calibrated_threshold,existing mitigation (threshold only),total forward time for the test flows; host conditions reuse their model's predictions,6d522118c96cbaefbf4c1d60158b782016a5c5366c328b97932f25faabc65d95,temporal_causal
H3_host_normalized_default_threshold_temporal,10,"[1, 7, 13, 21, 42, 99, 123, 314, 2024, 2025]",0.8730964057701593,0.032442827532634784,0.8619676799824929,0.8498882050454738,0.8963046064948449,10,0.01876102292768954,0.0041739363598813015,0.017805270256250602,0.01577516872756639,0.021746877127812685,10,0.9656071615641226,0.00708781345043169,0.9656696918345116,0.9605368452641245,0.9706774778641207,10,0.4867770578353731,0.023149347070859725,0.49468442524598033,0.47021701253952186,0.5033371031312244,10,0.6469606810551294,0.02067331836510664,0.6529991003445454,0.6321718799933201,0.6617494821169386,10,4771.6,17.60807895383379,4770.0,4759.003939119499,4784.196060880502,10.0,0.25880568785073027,0.010102852095030755,0.25915987666579315,0.25157854283454983,0.2660328328669107,10,0.2528877814429557,0.007004180210812797,0.2517143508242594,0.24787729275848772,0.2578982701274237,10,19086.4,70.43231581533516,19080.0,19036.015756477995,19136.78424352201,10.0,,,,,235.17757051158696,110.39874029155146,203.38821306359023,156.20306923356378,314.15207178961015,10,,,0.5,1446.7,0.848875508582938,0.8854313563948477,0.9449095618540737,N/A: exposure/timestamp units not validated,N/A: no verified event IDs/onsets,,,,,,,,,,,,0.0,0.5,0.5,0.5,10.0,321.860580583167,1373.0,1216.454810920104,1676.9451890798962,10.0,0.08579379374049884,0.8623749712706829,0.7875023257412495,0.9102486914246266,10.0,0.07727233902613183,0.8968273122559357,0.8301540550319978,0.9407086577576976,10.0,0.0494796929533932,0.951475565615691,0.9095139217945558,0.9803052019135916,10.0,H3_host_normalized_default_threshold,feature-level fix alone,total forward time for the test flows; host conditions reuse their model's predictions,6d522118c96cbaefbf4c1d60158b782016a5c5366c328b97932f25faabc65d95,temporal_causal
H4_host_normalized_calibrated_threshold_temporal,10,"[1, 7, 13, 21, 42, 99, 123, 314, 2024, 2025]",0.8730964057701593,0.032442827532634784,0.8619676799824929,0.8498882050454738,0.8963046064948449,10,0.07167107583774245,0.07082376495504322,0.03924810665006735,0.021006806470309135,0.12233534520517575,10,0.8997747153442456,0.08361523389721631,0.9375551918892769,0.8399599803315195,0.9595894503569716,10,0.5458339332853371,0.0006780088831944835,0.5458963282937365,0.5453489149484345,0.5463189516222398,10,0.6780981736138327,0.02574105861773175,0.6894041478524628,0.6596841295646426,0.6965122176630228,10,4771.6,17.60807895383379,4770.0,4759.003939119499,4784.196060880502,10.0,0.25880568785073027,0.010102852095030755,0.25915987666579315,0.25157854283454983,0.2660328328669107,10,0.2528877814429557,0.007004180210812797,0.2517143508242594,0.24787729275848772,0.2578982701274237,10,19086.4,70.43231581533516,19080.0,19036.015756477995,19136.78424352201,10.0,,,,,235.17757051158696,110.39874029155146,203.38821306359023,156.20306923356378,314.15207178961015,10,,,0.05,5526.7,0.7744874468800977,0.8924808056016398,0.945865343238995,N/A: exposure/timestamp units not validated,N/A: no verified event IDs/onsets,,,,,,,,,,,,0.0,0.05,0.05,0.05,10.0,5461.362163213293,3026.5,1619.876860538483,9433.523139461517,10.0,0.13485129226118067,0.8293508169872581,0.6780206436819937,0.8709542500782018,10.0,0.07601207064100378,0.9058675984937228,0.8381050459314677,0.9468565652718118,10.0,0.05254752599773848,0.9596364979898124,0.9082751076248397,0.9834555788531503,10.0,H4_host_normalized_calibrated_threshold,combined mitigation,total forward time for the test flows; host conditions reuse their model's predictions,6d522118c96cbaefbf4c1d60158b782016a5c5366c328b97932f25faabc65d95,temporal_causal
