Model / condition,n seeds,F1 mean ± std,95% CI (F1),AUPRC mean ± std,FPR mean ± std
ContentOnly_trackb,10,0.9841 ± 0.0006,"[0.9837, 0.9846]",0.9979 ± 0.0005,0.1393 ± 0.0056
DegreePreservedTopology_trackb,10,0.9854 ± 0.0003,"[0.9852, 0.9856]",0.9986 ± 0.0001,0.1261 ± 0.0022
GraphSAGE_strict_temporal,10,0.6295 ± 0.0428,"[0.5989, 0.6601]",0.8807 ± 0.0303,0.0175 ± 0.0034
GraphSAGE_trackb,10,0.9848 ± 0.0006,"[0.9844, 0.9852]",0.9983 ± 0.0002,0.1477 ± 0.0061
HostNormalized_H3_temporal,10,0.6470 ± 0.0207,"[0.6322, 0.6617]",0.8731 ± 0.0324,0.0188 ± 0.0042
HostNormalized_H3_trackb,10,0.9755 ± 0.0004,"[0.9753, 0.9758]",0.9981 ± 0.0003,0.2644 ± 0.0037
HostNormalized_H4_temporal,10,0.6781 ± 0.0257,"[0.6597, 0.6965]",0.8731 ± 0.0324,0.0717 ± 0.0708
HostNormalized_H4_trackb,10,0.9854 ± 0.0003,"[0.9852, 0.9857]",0.9981 ± 0.0003,0.1353 ± 0.0054
MLP_trackb,10,0.9841 ± 0.0006,"[0.9837, 0.9846]",0.9979 ± 0.0005,0.1393 ± 0.0056
MatchedGraphSAGE_trackb,10,0.9489 ± 0.0005,"[0.9486, 0.9492]",0.9987 ± 0.0000,0.0019 ± 0.0006
NoMessagePassing_trackb,10,0.9860 ± 0.0003,"[0.9858, 0.9862]",0.9984 ± 0.0003,0.1346 ± 0.0048
Original_H1_temporal,10,0.6432 ± 0.0309,"[0.6211, 0.6653]",0.8957 ± 0.0232,0.0225 ± 0.0214
Original_H1_trackb,10,0.9745 ± 0.0004,"[0.9742, 0.9747]",0.9983 ± 0.0001,0.2771 ± 0.0036
Original_H2_temporal,10,0.6873 ± 0.0089,"[0.6809, 0.6936]",0.8957 ± 0.0232,0.0458 ± 0.0221
Original_H2_trackb,10,0.9845 ± 0.0006,"[0.9840, 0.9849]",0.9983 ± 0.0001,0.1438 ± 0.0046
RandomTopology_trackb,10,0.9854 ± 0.0003,"[0.9852, 0.9857]",0.9983 ± 0.0003,0.1321 ± 0.0055
TopologyOnly_trackb,10,0.9802 ± 0.0004,"[0.9799, 0.9805]",0.9731 ± 0.0006,0.1368 ± 0.0019
Tree_trackb,10,0.9860 ± 0.0003,"[0.9858, 0.9862]",0.9988 ± 0.0000,0.1234 ± 0.0019
