Model,AUPRC,FPR,False alarms/hour,Event recall,Time-to-detect (s),ECE,Brier,Inference latency,n_seeds,Parameters,Model storage bytes,auprc_std,auprc_ci_95_low,auprc_ci_95_high,fpr_std,fpr_ci_95_low,fpr_ci_95_high,precision_std,precision_ci_95_low,precision_ci_95_high,recall_std,recall_ci_95_low,recall_ci_95_high,f1_std,f1_ci_95_low,f1_ci_95_high,n_trainable_params_std,n_trainable_params_ci_95_low,n_trainable_params_ci_95_high,ece_std,ece_ci_95_low,ece_ci_95_high,brier_score_std,brier_score_ci_95_low,brier_score_ci_95_high,model_size_bytes_std,model_size_bytes_ci_95_low,model_size_bytes_ci_95_high,inference_latency_ms_std,inference_latency_ms_ci_95_low,inference_latency_ms_ci_95_high,accuracy_std,accuracy_ci_95_low,accuracy_ci_95_high,auroc_std,auroc_ci_95_low,auroc_ci_95_high,threshold_std,threshold_ci_95_low,threshold_ci_95_high,total_fp_std,total_fp_ci_95_low,total_fp_ci_95_high,top_1_fp_share_std,top_1_fp_share_ci_95_low,top_1_fp_share_ci_95_high,top_2_fp_share_std,top_2_fp_share_ci_95_low,top_2_fp_share_ci_95_high,top_5_fp_share_std,top_5_fp_share_ci_95_low,top_5_fp_share_ci_95_high
graphsage_trackb_final,0.9983429629470472,0.1470173379858682,N/A — N/A: Track-B random sample has no continuous exposure denominator,N/A: sampled flows and no verified event IDs; event reconstruction would be heuristic,,0.0312254570248811,0.0335021074109117,93.710929248482,10,21614.8,86459.2,0.0001170323111834,0.9982592430750205,0.998426682819074,0.0066901169507962,0.1422315166233647,0.1518031593483716,0.0011865839952708,0.97214905500064,0.9738467171117025,0.0010007437928924,0.996188117493596,0.9976198954603016,0.0005198165688151,0.9844331716508672,0.985176880395547,11694.881965106691,13248.78542174915,29980.81457825085,0.0024339723279678,0.0294842981111279,0.0329666159386344,0.0017561347318045,0.0322458443027003,0.034758370519123,46779.527860426766,52995.1416869966,119923.2583130034,11.845650522248462,85.23706134167654,102.18479715528744,,,,,,,,,,,,,,,,,,,,,
mlp_trackb_final,0.9979074053412644,0.1392901189858477,N/A — N/A: Track-B random sample has no continuous exposure denominator,N/A: sampled flows and no verified event IDs; event reconstruction would be heuristic,,0.033960380062938,0.0350592248145006,24.073410984128717,10,16232.4,64929.6,0.0004797068375759,0.9975642437421632,0.9982505669403658,0.0056243117037723,0.1352667287672224,0.1433135092044729,0.0010809222544477,0.9735355291280344,0.9750820195271076,0.0002114174503407,0.99401057608655,0.994313053952838,0.0006258386990196,0.9836872708037387,0.9845826668744736,4274.254586084768,13174.782463967476,19290.017536032523,0.0019050064889674,0.0325976205151362,0.0353231396107398,0.0012222097102692,0.0341849086577151,0.0359335409712861,17097.01834433907,52699.12985586991,77160.07014413009,4.974210201121611,20.51507536500664,27.631746603250782,,,,,,,,,,,,,,,,,,,,,
tree_trackb_final,0.9987524522396546,0.1233846625558255,N/A — N/A: Track-B random sample has no continuous exposure denominator,N/A: sampled flows and no verified event IDs; event reconstruction would be heuristic,,0.028216396312319,0.0306498563674135,21.8367820372805,10,,,4.901795617924606e-05,0.9987173869061852,0.998787517573124,0.0018688665418151,0.1220477559688005,0.1247215691428505,0.0004854834390328,0.9768450728341364,0.9775396606958296,0.000325976415109,0.994724303699896,0.9951906826593596,0.000320263723506,0.9857657488625234,0.9862239545952072,,,,0.0004852090436121,0.0278692986721316,0.0285634939525064,0.0004223206620298,0.0303477463652963,0.0309519663695306,,,,4.328022433473376,18.74070130029936,24.93286277426164,,,,,,,,,,,,,,,,,,,,,
graphsage_strict_temporal,0.8806965642491583,0.0175134868762319,N/A — N/A: continuous exposure and timestamp units not explicitly validated,N/A: verified event IDs/onsets not supplied; heuristic grouping is not ground truth,,0.2696687544631744,0.2586774131702268,150.07993592880666,10,4786.0,19144.0,0.0303299468105025,0.8589998273405424,0.9023933011577744,0.0034093892017328,0.0150745567656305,0.0199524169868333,0.007276399806321,0.9610366677496452,0.971447113453756,0.0456101588512,0.4353806172306272,0.5006357014638771,0.0428016322964709,0.5988595385968084,0.6600964250970035,0.0,4786.0,4786.0,0.0118345562263067,0.2612028229375878,0.278134685988761,0.0109189463539068,0.2508664694900364,0.2664883568504173,0.0,19144.0,19144.0,61.47367569455562,106.1043174853053,194.055554372308,0.0239811068680424,0.6981074579814592,0.7324175588032087,0.0343705407796933,0.8715086814573995,0.9206830888747992,,,,,,,,,,,,,,,
H1_original_default_threshold_trackb,0.9983266066782612,0.277092312942524,N/A — N/A: exposure/timestamp units not validated,N/A: no verified event IDs/onsets,,0.0318434486773062,0.0338171192006887,109.88311453256756,10,4984.4,19937.6,0.0001066009685563,0.9982503489392214,0.9984028644173012,0.00361179089668,0.2745085933816619,0.2796760325033861,0.0006895126753533,0.9499312784050448,0.9509177737131816,4.823767458397632e-05,0.9996901254759124,0.9997591397831956,0.0003570845472363,0.9741958588665666,0.9747067446603284,46.0028984594087,4951.491508892394,5017.308491107605,0.001527453971279,0.0307507739303994,0.032936123424213,0.0010587830233843,0.0330597114529863,0.0345745269483912,184.0115938376348,19805.966035569578,20069.23396443042,21.213408785015904,94.70795605902768,125.05827300610746,,,,,,,0.0,0.5,0.5,65.0131610607507,4592.892386256209,4685.907613743791,0.0073294730274598,0.4940187849155306,0.5045051632101689,0.0043408047797367,0.9419685523875154,0.9481790017408256,0.0004988989118133,0.9985007685383642,0.999214550102258
H2_original_calibrated_threshold_trackb,0.9983266066782612,0.1437737321465978,N/A — N/A: exposure/timestamp units not validated,N/A: no verified event IDs/onsets,,0.0318434486773062,0.0338171192006887,109.88311453256756,10,4984.4,19937.6,0.0001066009685563,0.9982503489392214,0.9984028644173012,0.0046279002606943,0.1404631317349667,0.1470843325582289,0.0009046560252042,0.9728955067028702,0.974189810573186,0.0012708703134148,0.994760215400864,0.9965784671114526,0.0006061585933578,0.9840473046339266,0.9849145441056706,46.0028984594087,4951.491508892394,5017.308491107605,0.001527453971279,0.0307507739303994,0.032936123424213,0.0010587830233843,0.0330597114529863,0.0345745269483912,184.0115938376348,19805.966035569578,20069.23396443042,21.213408785015904,94.70795605902768,125.05827300610746,,,,,,,0.0411636301174282,0.8055533129206757,0.8644466870793243,84.25516799184092,2347.1274837133183,2467.672516286682,0.0256943113758845,0.8893139324687774,0.9260751386425768,0.0129162579387621,0.9479757081927584,0.9664551768243425,0.0008305374807004,0.9984139970129172,0.9996022584578904
H3_host_normalized_default_threshold_trackb,0.9981231714933342,0.2644111810995827,N/A — N/A: exposure/timestamp units not validated,N/A: no verified event IDs/onsets,,0.0302694897410626,0.0324859242276493,57.8954708063975,10,5000.4,20001.6,0.000300146792782,0.9979084594123124,0.9983378835743558,0.0036645627932662,0.2617897107980566,0.2670326514011089,0.0007159385284254,0.9520693248550912,0.9530936279962104,7.265466154498052e-05,0.9995827312502472,0.9996866792780214,0.0003837431422673,0.9752664076369972,0.9758154342508768,46.0028984594087,4967.491508892394,5033.308491107605,0.0012404332916786,0.0293821372194643,0.0311568422626608,0.0007378056142184,0.0319581298862542,0.0330137185690443,184.0115938376348,19869.966035569578,20133.23396443042,13.47752506447258,48.25423017613432,67.53671143666068,,,,,,,0.0,0.5,0.5,67.16720429892355,4379.051476550023,4475.148523449978,0.0064762594922477,0.5187489698493662,0.5280146437546412,0.0080497295719317,0.9819201091210644,0.99343696840202,0.0004418579217098,0.9991898748823864,0.9998220471138922
H4_host_normalized_calibrated_threshold_trackb,0.9981231714933342,0.1352579354115591,N/A — N/A: exposure/timestamp units not validated,N/A: no verified event IDs/onsets,,0.0302694897410626,0.0324859242276493,57.8954708063975,10,5000.4,20001.6,0.000300146792782,0.9979084594123124,0.9983378835743558,0.0054004937462361,0.1313946549145377,0.1391212159085806,0.0010837720346232,0.9743019753215976,0.9758525429405288,0.0010779340305956,0.9952345074392382,0.996776722545173,0.0003400253692513,0.9851861297607132,0.9856726087529114,46.0028984594087,4967.491508892394,5033.308491107605,0.0012404332916786,0.0293821372194643,0.0311568422626608,0.0007378056142184,0.0319581298862542,0.0330137185690443,184.0115938376348,19869.966035569578,20133.23396443042,13.47752506447258,48.25423017613432,67.53671143666068,,,,,,,0.0263523138347365,0.8061486903100149,0.843851309689985,100.81776739356124,2192.879313850472,2337.120686149528,0.0120920379831789,0.9758902476304572,0.9931904933875104,0.0018689281564449,0.9942233344180096,0.9968972357449616,0.0004052681781668,0.9994084104697704,0.999988233249814
H1_original_default_threshold_temporal,0.8956680309650846,0.0225140056022408,N/A — N/A: exposure/timestamp units not validated,N/A: no verified event IDs/onsets,,0.2668926439877208,0.2572184603399978,226.0100060841069,10,4755.6,19022.4,0.0232487607794844,0.8790368693862205,0.9122991925439488,0.021436445545878,0.0071792962415328,0.0378487149629488,0.0339450588289362,0.9356812307293346,0.9842468952430546,0.0336208093798166,0.4604403625265686,0.508542118874919,0.0309196278662989,0.6210618667346796,0.6652990053830795,17.60807895383379,4743.003939119499,4768.196060880502,0.0102933980908544,0.2595291905775228,0.2742560973979188,0.0108929277394001,0.2494261292553785,0.2650107914246172,70.43231581533516,18972.015756477995,19072.78424352201,29.941445655185912,204.59118615992423,247.42882600828943,,,,,,,0.0,0.5,0.5,1653.0071889337523,553.6098917770851,2918.5901082229148,0.2222558292148903,0.6596760495979298,0.9776605342401468,0.1777739513560883,0.7372247242870797,0.9915683718956212,0.065536744180261,0.8983844742270212,0.9921487993153862
H2_original_calibrated_threshold_temporal,0.8956680309650846,0.0458061002178648,N/A — N/A: exposure/timestamp units not validated,N/A: no verified event IDs/onsets,,0.2668926439877208,0.2572184603399978,226.0100060841069,10,4755.6,19022.4,0.0232487607794844,0.8790368693862205,0.9122991925439488,0.0220567652509688,0.0300276408722105,0.0615845595635192,0.0311024542748965,0.9066295765658834,0.9511282874822516,0.0006862511540846,0.5450994382694735,0.546081267274083,0.0088824367923712,0.6809003060896184,0.6936085310921598,17.60807895383379,4743.003939119499,4768.196060880502,0.0102933980908544,0.2595291905775228,0.2742560973979188,0.0108929277394001,0.2494261292553785,0.2650107914246172,70.43231581533516,18972.015756477995,19072.78424352201,29.941445655185912,204.59118615992423,247.42882600828943,,,,,,,0.0158113883008418,0.0436892141860089,0.066310785813991,1700.8412820327082,2315.4914429379032,4748.908557062096,0.2493627073430163,0.4522985856035798,0.8090652551823169,0.1912891460939572,0.6048899022519028,0.87856992564299,0.0774375025789036,0.8465036307183412,0.957294535220221
H3_host_normalized_default_threshold_temporal,0.8730964057701593,0.0187610229276895,N/A — N/A: exposure/timestamp units not validated,N/A: no verified event IDs/onsets,,0.2588056878507302,0.2528877814429557,235.17757051158696,10,4771.6,19086.4,0.0324428275326347,0.8498882050454738,0.8963046064948449,0.0041739363598813,0.0157751687275663,0.0217468771278126,0.0070878134504316,0.9605368452641244,0.9706774778641208,0.0231493470708597,0.4702170125395218,0.5033371031312244,0.0206733183651066,0.6321718799933201,0.6617494821169386,17.60807895383379,4759.003939119499,4784.196060880502,0.0101028520950307,0.2515785428345498,0.2660328328669107,0.0070041802108127,0.2478772927584877,0.2578982701274237,70.43231581533516,19036.015756477995,19136.78424352201,110.39874029155146,156.20306923356378,314.15207178961015,,,,,,,0.0,0.5,0.5,321.860580583167,1216.454810920104,1676.9451890798962,0.0857937937404988,0.7875023257412495,0.9102486914246266,0.0772723390261318,0.8301540550319978,0.9407086577576976,0.0494796929533932,0.9095139217945558,0.9803052019135916
H4_host_normalized_calibrated_threshold_temporal,0.8730964057701593,0.0716710758377424,N/A — N/A: exposure/timestamp units not validated,N/A: no verified event IDs/onsets,,0.2588056878507302,0.2528877814429557,235.17757051158696,10,4771.6,19086.4,0.0324428275326347,0.8498882050454738,0.8963046064948449,0.0708237649550432,0.0210068064703091,0.1223353452051757,0.0836152338972163,0.8399599803315195,0.9595894503569716,0.0006780088831944,0.5453489149484345,0.5463189516222398,0.0257410586177317,0.6596841295646426,0.6965122176630228,17.60807895383379,4759.003939119499,4784.196060880502,0.0101028520950307,0.2515785428345498,0.2660328328669107,0.0070041802108127,0.2478772927584877,0.2578982701274237,70.43231581533516,19036.015756477995,19136.78424352201,110.39874029155146,156.20306923356378,314.15207178961015,,,,,,,0.0,0.05,0.05,5461.362163213293,1619.876860538483,9433.523139461517,0.1348512922611806,0.6780206436819937,0.8709542500782018,0.0760120706410037,0.8381050459314677,0.9468565652718118,0.0525475259977384,0.9082751076248397,0.9834555788531504
