condition,n_seeds,f1_mean,f1_std,f1_median,f1_ci_95_low,f1_ci_95_high,auprc_mean,auprc_std,auprc_median,auprc_ci_95_low,auprc_ci_95_high,fpr_mean,fpr_std,fpr_median,fpr_ci_95_low,fpr_ci_95_high,precision_mean,precision_std,precision_median,precision_ci_95_low,precision_ci_95_high,recall_mean,recall_std,recall_median,recall_ci_95_low,recall_ci_95_high
ContentOnly_trackb,10,0.9841349688391062,0.0006258386990197242,0.9840636979786019,0.9836872708037387,0.9845826668744737,0.9979074053412645,0.000479706837575908,0.9980626551478184,0.9975642437421632,0.9982505669403658,0.13929011898584778,0.005624311703772364,0.14035962197503826,0.1352667287672226,0.14331350920447297,0.974308774327571,0.0010809222544477292,0.9742378064950208,0.9735355291280344,0.9750820195271076,0.9941618150196939,0.0002114174503407489,0.9941773900688585,0.99401057608655,0.9943130539528379
DegreePreservedTopology_trackb,10,0.9854163112398762,0.00030939647505982403,0.9854579495378404,0.9851949823347591,0.9856376401449932,0.9986082171415761,9.330024540603153e-05,0.9986528930442333,0.9985414741666961,0.9986749601164561,0.1260935212099617,0.0022307258270005247,0.1257636124467231,0.12449775608428976,0.12768928633563364,0.9766878704380921,0.0005615461488183746,0.976832416555738,0.9762861645225137,0.9770895763536706,0.9943023455758107,0.00024708062545394346,0.9942917092645807,0.9941255947440606,0.9944790964075607
GraphSAGE_strict_temporal,10,0.6294779818469058,0.04280163229647099,0.6236697972976997,0.5988595385968083,0.6600964250970034,0.8806965642491583,0.03032994681050253,0.871518234455749,0.8589998273405424,0.9023933011577743,0.017513486876231932,0.003409389201732825,0.016644620811287453,0.015074556765630544,0.01995241698683332,0.9662418906017006,0.007276399806321039,0.9663580330474524,0.9610366677496452,0.971447113453756,0.4680081593472522,0.04561015885119999,0.4622510199184065,0.43538061723062726,0.5006357014638771
GraphSAGE_trackb,10,0.9848074888620607,0.0005644259063762194,0.9847050289966992,0.9844037228920257,0.9852112548320957,0.9983269520923728,0.00017448508352487982,0.9983024442409923,0.9982021329828844,0.9984517712018611,0.14769814926621228,0.00610820969994128,0.1500231853705254,0.14332859927424227,0.15206769925818228,0.972879193890656,0.0010871578304670992,0.9726725461048253,0.9721014880287513,0.9736568997525608,0.9970332929769267,0.0009558452938273418,0.9974643887758743,0.9963495224449477,0.9977170635089057
HostNormalized_H3_temporal,10,0.6469606810551292,0.02067331836510664,0.6529991003445454,0.6321718799933199,0.6617494821169384,0.8730964057701593,0.03244282753263479,0.8619676799824929,0.8498882050454738,0.8963046064948449,0.01876102292768954,0.0041739363598813015,0.017805270256250602,0.01577516872756639,0.021746877127812685,0.9656071615641226,0.007087813450431691,0.9656696918345116,0.9605368452641245,0.9706774778641207,0.4867770578353731,0.023149347070859725,0.49468442524598033,0.47021701253952186,0.5033371031312244
HostNormalized_H3_trackb,10,0.975540920943937,0.0003837431422673334,0.9756203268718857,0.9752664076369971,0.9758154342508768,0.9981231714933342,0.000300146792782063,0.9982374680122347,0.9979084594123125,0.9983378835743558,0.2644111810995827,0.003664562793266237,0.26463801272747756,0.2617897107980566,0.2670326514011089,0.9525814764256507,0.0007159385284254664,0.9526733425639534,0.9520693248550911,0.9530936279962103,0.9996347052641343,7.265466154498052e-05,0.9996341930305536,0.9995827312502472,0.9996866792780215
HostNormalized_H4_temporal,10,0.6780981736138326,0.025741058617731752,0.6894041478524628,0.6596841295646425,0.6965122176630227,0.8730964057701593,0.03244282753263479,0.8619676799824929,0.8498882050454738,0.8963046064948449,0.07167107583774245,0.07082376495504322,0.03924810665006735,0.021006806470309135,0.12233534520517575,0.8997747153442456,0.08361523389721631,0.9375551918892769,0.8399599803315195,0.9595894503569716,0.5458339332853372,0.0006780088831944835,0.5458963282937365,0.5453489149484346,0.5463189516222399
HostNormalized_H4_trackb,10,0.9854293692568122,0.00034002536925135154,0.9855885433975488,0.9851861297607131,0.9856726087529114,0.9981231714933342,0.000300146792782063,0.9982374680122347,0.9979084594123125,0.9983378835743558,0.1352579354115592,0.005400493746236163,0.13686271694850088,0.13139465491453778,0.13912121590858062,0.9750772591310634,0.001083772034623292,0.9748750354623383,0.9743019753215977,0.975852542940529,0.9960056149922056,0.0010779340305956773,0.9966605472456305,0.9952345074392382,0.996776722545173
MLP_trackb,10,0.9841349688391062,0.0006258386990197242,0.9840636979786019,0.9836872708037387,0.9845826668744737,0.9979074053412645,0.000479706837575908,0.9980626551478184,0.9975642437421632,0.9982505669403658,0.13929011898584778,0.005624311703772364,0.14035962197503826,0.1352667287672226,0.14331350920447297,0.974308774327571,0.0010809222544477292,0.9742378064950208,0.9735355291280344,0.9750820195271076,0.9941618150196939,0.0002114174503407489,0.9941773900688585,0.99401057608655,0.9943130539528379
MatchedGraphSAGE_trackb,10,0.9488866126815308,0.0004609738930476906,0.9488048547311361,0.948556851823667,0.9492163735393947,0.9986750580116859,3.1745376248157604e-05,0.9986879269084246,0.9986523487375542,0.9986977672858176,0.001942879096721391,0.000629342083377419,0.0019132918569500544,0.0014926748911593885,0.0023930833022833935,0.9995957730947171,0.00012942046195845415,0.9996021132705217,0.9995031912734812,0.9996883549159531,0.9030743622952524,0.0008641929425639599,0.9028044986194113,0.9024561559056982,0.9036925686848066
NoMessagePassing_trackb,10,0.9859762269786752,0.0002890311581414133,0.986021963270977,0.985769466543658,0.9861829874136923,0.9983718996833227,0.00032989949241768717,0.998430245351339,0.9981359038031455,0.9986078955634999,0.1346386782760947,0.004802150188769549,0.13615971702488358,0.13120342697505005,0.13807392957713932,0.9752157776293965,0.0008709994018187368,0.9750513362638535,0.9745927021922092,0.9758388530665838,0.9969783027786857,0.0010208060922611878,0.9973928531420349,0.9962480620909298,0.9977085434664417
Original_H1_temporal,10,0.6431804360588795,0.03091962786629896,0.6301566747229146,0.6210618667346796,0.6652990053830795,0.8956680309650844,0.02324876077948442,0.9001593109912753,0.8790368693862203,0.9122991925439485,0.02251400560224086,0.02143644554587809,0.01609995850191925,0.007179296241532875,0.03784871496294885,0.9599640629861946,0.03394505882893629,0.9703127227719675,0.9356812307293346,0.9842468952430546,0.4844912407007439,0.033620809379816666,0.48039356851451886,0.4604403625265687,0.5085421188749191
Original_H1_trackb,10,0.9744513017634475,0.0003570845472363263,0.9745145580632576,0.9741958588665666,0.9747067446603285,0.9983266066782613,0.00010660096855639832,0.9983110638442934,0.9982503489392214,0.9984028644173013,0.277092312942524,0.003611790896680088,0.2763885394496734,0.27450859338166195,0.2796760325033861,0.9504245260591132,0.0006895126753533767,0.9505852093809137,0.9499312784050449,0.9509177737131815,0.9997246326295535,4.823767458397632e-05,0.999735308752066,0.9996901254759119,0.9997591397831951
Original_H2_temporal,10,0.6872544185908889,0.008882436792371287,0.6907125232153025,0.6809003060896182,0.6936085310921596,0.8956680309650844,0.02324876077948442,0.9001593109912753,0.8790368693862203,0.9122991925439485,0.04580610021786487,0.022056765250968845,0.036998132586367846,0.030027640872210524,0.061584559563519214,0.9288789320240678,0.03110245427489658,0.9409831269967326,0.9066295765658837,0.9511282874822519,0.5455903527717783,0.0006862511540846597,0.5455603551715862,0.5450994382694735,0.546081267274083
Original_H2_trackb,10,0.9844809243697984,0.000606158593357839,0.9843651955420207,0.9840473046339264,0.9849145441056704,0.9983266066782613,0.00010660096855639832,0.9983110638442934,0.9982503489392214,0.9984028644173013,0.14377373214659783,0.004627900260694321,0.14292520186298802,0.14046313173496672,0.14708433255822895,0.973542658638028,0.000904656025204241,0.9738277297495097,0.9728955067028702,0.9741898105731859,0.9956693412561582,0.001270870313414825,0.9951332027177372,0.9947602154008639,0.9965784671114526
RandomTopology_trackb,10,0.9854169519178141,0.00032668502800425013,0.9854784090381774,0.9851832555269541,0.9856506483086741,0.9983028562612528,0.0002913232134926797,0.9983281109304176,0.9980944561886113,0.9985112563338944,0.13213857259636816,0.005501989315293598,0.13113676636843422,0.12820268654309608,0.13607445864964024,0.9756269546308394,0.001006012870472108,0.9758004597136675,0.9749072963764518,0.976346612885227,0.9954072445534049,0.001080057492158022,0.9949590742934293,0.9946346179675443,0.9961798711392655
TopologyOnly_trackb,10,0.980201563253708,0.00036493471334326247,0.980186801129689,0.9799405046862895,0.9804626218211265,0.9731109115814489,0.0006116216628940908,0.972980894859747,0.9726733838010564,0.9735484393618414,0.1367753558527404,0.0018646249005930193,0.1366864859551526,0.13544148355305632,0.13810922815242446,0.9745543192940008,0.0005013159639152223,0.9746510242785744,0.9741956994571407,0.974912939130861,0.985914801731416,0.00043753166811079386,0.9859506251706189,0.9856018104310521,0.9862277930317799
Tree_trackb,10,0.9859948517288654,0.00032026372350601816,0.9860963349181373,0.9857657488625234,0.9862239545952073,0.9987524522396546,4.9017956179239595e-05,0.998759800231747,0.9987173869061852,0.998787517573124,0.12338466255582561,0.0018688665418151152,0.12296731242150852,0.12204775596880066,0.12472156914285057,0.977192366764983,0.000485483439032918,0.9773745745775738,0.9768450728341365,0.9775396606958295,0.9949574931796279,0.000325976415109031,0.9949458640883995,0.9947243036998961,0.9951906826593597
