dataset,split_protocol,seed,conv_type,removed_or_permuted_feature,columns_found,precision,recall,f1,auprc,fpr,delta_f1,delta_auprc,delta_fpr
scadanet,track_b,1,graphsage,top-3 jointly,"['frame_len', 'Protocol_TCP', 'Tcp_flags_reset_Set']",0.9713289635755764,0.9916465502722732,0.981382609323696,0.996949636360187,0.1566142016099964,-0.0037448026907831,-0.0014148617815851,0.0078697585005406
scadanet,track_b,1,graphsage,frame_len,['frame_len'],0.988959629921072,0.9313198226014708,0.9592746575382072,0.9979581984640908,0.0556289799351195,-0.0258527544762718,-0.0004062996776813,-0.0931154631743361
scadanet,track_b,1,graphsage,Tcp_flags_reset_Set,['Tcp_flags_reset_Set'],0.9728803538582816,0.9976870824678604,0.9851275768981324,0.9983089798442116,0.1488045176018262,1.648836533973963e-07,-5.55182975604529e-05,6.007449237052653e-05
scadanet,track_b,1,graphsage,Protocol_TCP,['Protocol_TCP'],0.9561219551540572,0.9982035591983384,0.976709695138698,0.9933547508529288,0.245103928871801,-0.0084177168757809,-0.0050097472888432,0.0963594857623453
scadanet,track_b,1,graphsage,none,,0.9728907088269428,0.99767585471285,0.9851274120144792,0.9983629278717556,0.1487444431094557,0.0,-1.570270016348907e-06,0.0
scadanet,track_b,1,graphsage,all content shuffled,,0.9481334808689068,0.9139617133554144,0.9307340498513604,0.9618382801397634,0.2675117145260122,-0.0543933621631185,-0.0365262180020087,0.1187672714165565
scadanet,track_b,7,graphsage,none,,0.972342501342863,0.9975707409240182,0.9847950749143716,0.998139642948914,0.1502232807383149,0.0,4.085597415937059e-09,0.0
scadanet,track_b,7,graphsage,top-3 jointly,"['frame_len', 'Protocol_TCP', 'Tcp_flags_reset_Set']",0.9705236197436548,0.9886971973548068,0.9795261202137084,0.9966172343051548,0.1589758856802619,-0.0052689547006633,-0.0015224045581619,0.0087526049419469
scadanet,track_b,7,graphsage,frame_len,['frame_len'],0.9883904068726882,0.9316321022088264,0.9591723307434896,0.9979830593394629,0.0579339089014587,-0.025622744170882,-0.0001565795238538,-0.0922893718368562
scadanet,track_b,7,graphsage,all content shuffled,,0.8678770679480151,0.9080030590669844,0.8874867403527478,0.9575319697694272,0.731824947901161,-0.0973083345616239,-0.0406076690938895,0.5816016671628461
scadanet,track_b,7,graphsage,Protocol_TCP,['Protocol_TCP'],0.954720512930849,0.9980993297044402,0.9759281252749186,0.9898334491554752,0.2506103006847276,-0.0088669496394531,-0.0083061897078413,0.1003870199464126
scadanet,track_b,7,graphsage,Tcp_flags_reset_Set,['Tcp_flags_reset_Set'],0.972342501342863,0.9975707409240182,0.9847950749143716,0.9981729034964736,0.1502232807383149,0.0,3.3264633156782075e-05,0.0
scadanet,track_b,13,graphsage,none,,0.9724477863146044,0.9976230519116492,0.9848745634764706,0.998305919746758,0.1525936686641244,0.0,1.1165976244731368e-06,0.0
scadanet,track_b,13,graphsage,all content shuffled,,0.871471293134531,0.9213813207758718,0.8957316009766306,0.9614583138980312,0.7336117668422009,-0.08914296249984,-0.0368464892511023,0.5810180981780764
scadanet,track_b,13,graphsage,frame_len,['frame_len'],0.982810896807738,0.9558246440183876,0.9691299429890128,0.9983183452793628,0.0902487742872707,-0.0157446204874578,1.354213022941586e-05,-0.0623448943768536
scadanet,track_b,13,graphsage,Tcp_flags_reset_Set,['Tcp_flags_reset_Set'],0.9724052763297378,0.9976230519116492,0.984852761313388,0.998295338269868,0.1528357847587918,-2.1802163082673687e-05,-9.464879265452808e-06,0.0002421160946673
scadanet,track_b,13,graphsage,Protocol_TCP,['Protocol_TCP'],0.955899394823812,0.998833949994394,0.9768951564264802,0.9934378875262728,0.2487742872707463,-0.0079794070499904,-0.0048669156228605,0.0961806186066218
scadanet,track_b,13,graphsage,top-3 jointly,"['frame_len', 'Protocol_TCP', 'Tcp_flags_reset_Set']",0.9706346596514304,0.9928355196770938,0.981609577652145,0.9974603985447448,0.1621572544034864,-0.0032649858243256,-0.0008444046043886,0.009563585739362
scadanet,track_b,21,graphsage,none,,0.9723189453167772,0.997326923940878,0.9846641753806232,0.9983195480692412,0.1516041979010494,0.0,0.0,0.0
scadanet,track_b,21,graphsage,Protocol_TCP,['Protocol_TCP'],0.9545093493055108,0.9987420818545308,0.9761248751358412,0.989755663941526,0.2541529235382309,-0.0085393002447821,-0.0085638841277151,0.1025487256371814
scadanet,track_b,21,graphsage,Tcp_flags_reset_Set,['Tcp_flags_reset_Set'],0.9722976524176594,0.997326923940878,0.9846532567474662,0.9983343123536228,0.1517241379310344,-1.0918633157164235e-05,1.47642843816298e-05,0.0001199400299849
scadanet,track_b,21,graphsage,frame_len,['frame_len'],0.9887056079215464,0.933049552989802,0.960071651450364,0.9982184537312068,0.056911544227886,-0.0245925239302593,-0.0001010943380342,-0.0946926536731634
scadanet,track_b,21,graphsage,top-3 jointly,"['frame_len', 'Protocol_TCP', 'Tcp_flags_reset_Set']",0.9567278039279338,0.9930365245518666,0.9745440917933768,0.9967614943652664,0.2398200899550225,-0.0101200835872465,-0.0015580537039747,0.088215892053973
scadanet,track_b,21,graphsage,all content shuffled,,0.9474370618784788,0.9138326070353564,0.9303314771830729,0.9609938267687091,0.2707046476761619,-0.0543326981975504,-0.0373257213005318,0.1191004497751124
scadanet,track_b,42,graphsage,none,,0.9720695518622128,0.9974110469501009,0.9845772636865672,0.9982843970117304,0.1509009009009009,0.0,0.0,0.0
scadanet,track_b,42,graphsage,Protocol_TCP,['Protocol_TCP'],0.9553530064535593,0.9981314512770292,0.9762738362619456,0.9928090080099964,0.2456140350877192,-0.0083034274246216,-0.005475389001734,0.0947131341868183
scadanet,track_b,42,graphsage,Tcp_flags_reset_Set,['Tcp_flags_reset_Set'],0.9720695518622128,0.9974110469501009,0.9845772636865672,0.998268848968598,0.1509009009009009,0.0,-1.554804313241842e-05,0.0
scadanet,track_b,42,graphsage,frame_len,['frame_len'],0.98858357515614,0.9318317405643918,0.959369096872139,0.9981293153044116,0.0566619250829777,-0.0252081668144282,-0.0001550817073187,-0.0942389758179232
scadanet,track_b,42,graphsage,top-3 jointly,"['frame_len', 'Protocol_TCP', 'Tcp_flags_reset_Set']",0.9706889904719944,0.9919517329100958,0.9812051841624728,0.996691098735345,0.1577169274537695,-0.0033720795240945,-0.0015932982763854,0.0068160265528686
scadanet,track_b,42,graphsage,all content shuffled,,0.9465829944374328,0.9117729825864768,0.9288519646123238,0.959894030311625,0.2709222380275012,-0.0557252990742435,-0.0383903667001054,0.1200213371266002
scadanet,track_b,99,graphsage,frame_len,['frame_len'],0.9795370567953368,0.980384883433376,0.9799607867371533,0.9985662318259886,0.1087826138873962,-0.0061673763694272,-0.0001728126766793,-0.0278822616275598
scadanet,track_b,99,graphsage,Protocol_TCP,['Protocol_TCP'],0.956309686588215,0.9984375351273578,0.9769196504677112,0.9932227819823616,0.2422831213803809,-0.0092085126388691,-0.0055162625203062,0.1056182458654247
scadanet,track_b,99,graphsage,none,,0.9748580341157476,0.9976619230682764,0.9861281631065804,0.9987389717927956,0.1366648755149561,0.0,-7.270987223417792e-08,0.0
scadanet,track_b,99,graphsage,all content shuffled,,0.9532547580398524,0.9109507430138712,0.931622752563572,0.961075045271443,0.2372678965908412,-0.0545054105430083,-0.0376639992312248,0.1006030210758851
scadanet,track_b,99,graphsage,top-3 jointly,"['frame_len', 'Protocol_TCP', 'Tcp_flags_reset_Set']",0.9570166681135516,0.9913333782963512,0.9738728093907706,0.996299934638838,0.2364917308496029,-0.0122553537158097,-0.0024391098638297,0.0998268553346468
scadanet,track_b,99,graphsage,Tcp_flags_reset_Set,['Tcp_flags_reset_Set'],0.9748687418993432,0.9976619230682764,0.986133641474634,0.9987436063178372,0.1366051704579378,5.4783680535352985e-06,4.561815169279448e-06,-5.970505701832773e-05
scadanet,track_b,123,graphsage,Protocol_TCP,['Protocol_TCP'],0.955143926681296,0.998257428414035,0.97622489871532,0.993099940826048,0.2487769955852523,-0.0080972245107941,-0.0050840300653526,0.0942011693115379
scadanet,track_b,123,graphsage,Tcp_flags_reset_Set,['Tcp_flags_reset_Set'],0.9716119422600924,0.9973580366277304,0.9843166625058944,0.9981490714910114,0.1546354850256532,-5.4607202197853866e-06,-3.4899400389365454e-05,5.965875193891801e-05
scadanet,track_b,123,graphsage,frame_len,['frame_len'],0.9880423886581698,0.9308030444411968,0.9585689889721845,0.997889198747551,0.0597780694427872,-0.0257531342539297,-0.0002947721438497,-0.0947977568309271
scadanet,track_b,123,graphsage,top-3 jointly,"['frame_len', 'Protocol_TCP', 'Tcp_flags_reset_Set']",0.9700665432751632,0.989904327198732,0.9798850414818854,0.9966799822839856,0.1620928290180169,-0.0044370817442288,-0.0015039886074151,0.0075170027443025
scadanet,track_b,123,graphsage,all content shuffled,,0.946311066199911,0.8843719434732262,0.9142936841860572,0.9605233441325086,0.2662570099033528,-0.0700284390400569,-0.0376606267588921,0.1116811836296384
scadanet,track_b,123,graphsage,none,,0.971622583648212,0.9973580366277304,0.9843221232261142,0.9981840378998466,0.1545758262737143,0.0,6.700844579210496e-08,0.0
scadanet,track_b,314,graphsage,frame_len,['frame_len'],0.9743123512298334,0.9937394627402496,0.9839300221462992,0.9983658524854458,0.1392389940863747,-0.0005715687867707,-3.119837492093769e-05,-0.0081237679947434
scadanet,track_b,314,graphsage,none,,0.9729237320689692,0.9963583230302347,0.98450159093307,0.9983970508603668,0.1473627620811182,0.0,0.0,0.0
scadanet,track_b,314,graphsage,Protocol_TCP,['Protocol_TCP'],0.95604348294048,0.9983814769023266,0.9767539036727514,0.9897417815792308,0.2439519741950899,-0.0077476872603184,-0.008655269281136,0.0965892121139717
scadanet,track_b,314,graphsage,Tcp_flags_reset_Set,['Tcp_flags_reset_Set'],0.9730302298522536,0.9963470832865012,0.9845506241947664,0.9984113602195406,0.1467654261991517,4.903326169658495e-05,1.4309359173791948e-05,-0.0005973358819664
scadanet,track_b,314,graphsage,all content shuffled,,0.9530862164292352,0.9106327975722154,0.9313759864809716,0.9628857927893668,0.2382175497282121,-0.0531256044520982,-0.0355112580709998,0.0908547876470939
scadanet,track_b,314,graphsage,top-3 jointly,"['frame_len', 'Protocol_TCP', 'Tcp_flags_reset_Set']",0.9564719976687208,0.996066089693155,0.9758675938620108,0.9941863056304168,0.2409055611970611,-0.008633997071059,-0.0042107452299499,0.0935427991159429
scadanet,track_b,2024,graphsage,top-3 jointly,"['frame_len', 'Protocol_TCP', 'Tcp_flags_reset_Set']",0.9557870320189036,0.9938573553942563,0.974450497839564,0.996908016666723,0.2401248013186554,-0.0098298862817889,-0.0013631320593439,0.0865367634073114
scadanet,track_b,2024,graphsage,frame_len,['frame_len'],0.9811429493533738,0.9594021910644244,0.9701507846958662,0.9981240662298756,0.0963089421322187,-0.0141295994254867,-0.0001470824961912,-0.0572790957791252
scadanet,track_b,2024,graphsage,Tcp_flags_reset_Set,['Tcp_flags_reset_Set'],0.9713548811940954,0.9975316712501692,0.9842692630630732,0.9982786022425448,0.1536469064578795,-1.1121058279828231e-05,7.453516477795574e-06,5.886854653561202e-05
scadanet,track_b,2024,graphsage,Protocol_TCP,['Protocol_TCP'],0.954386380522683,0.9989518055993868,0.976160712810657,0.9929409821361356,0.2493671631247424,-0.008119671310696,-0.0053301665899313,0.0957791252133984
scadanet,track_b,2024,graphsage,none,,0.9713658563354004,0.9975429421577026,0.984280384121353,0.998270597683568,0.1535880379113439,0.0,-5.510424988530715e-07,0.0
scadanet,track_b,2024,graphsage,all content shuffled,,0.9398816893658,0.9240340832243812,0.9318905155951624,0.9598793501967366,0.3087066580326131,-0.0523898685261906,-0.0383917985293302,0.1551186201212692
scadanet,track_b,2025,graphsage,none,,0.9727675050389974,0.9974950856500984,0.984976124849567,0.9984265136115372,0.1489871748771425,0.0,1.600933718926001e-07,0.0
scadanet,track_b,2025,graphsage,Protocol_TCP,['Protocol_TCP'],0.9545576594670648,0.9983263128334736,0.9759515076977135,0.9894929435086852,0.2535658635982261,-0.0090246171518533,-0.0089334100094802,0.1045786887210835
scadanet,track_b,2025,graphsage,Tcp_flags_reset_Set,['Tcp_flags_reset_Set'],0.9727568491274962,0.9974950856500984,0.984970662289118,0.9984364629813668,0.1490471053577849,-5.462560449087661e-06,1.0109463201457558e-05,5.9930480642456097e-05
scadanet,track_b,2025,graphsage,frame_len,['frame_len'],0.974726609963548,0.9912047177759056,0.9828966054969228,0.9983869448289772,0.1371209397099364,-0.002079519352644,-3.940868918816953e-05,-0.011866235167206
scadanet,track_b,2025,graphsage,top-3 jointly,"['frame_len', 'Protocol_TCP', 'Tcp_flags_reset_Set']",0.9555380362002678,0.993866891322662,0.9743256561741208,0.9932858853772616,0.2467337888049862,-0.0106504686754461,-0.0051404681409039,0.0977466139278437
scadanet,track_b,2025,graphsage,all content shuffled,,0.9527281693613724,0.911440606571188,0.9316271700192892,0.9605962563595454,0.2412801150665228,-0.0533489548302779,-0.03783009715862,0.0922929401893803
