condition,attack_type,n_seeds,seeds,recall,recall_std,recall_median,recall_ci_95_low,recall_ci_95_high,recall_n
A_content_only,apt_exfil,10,"[1, 7, 13, 21, 42, 99, 123, 314, 2024, 2025]",1.0,0.0,1.0,1.0,1.0,10
A_content_only,http_flood,10,"[1, 7, 13, 21, 42, 99, 123, 314, 2024, 2025]",1.0,0.0,1.0,1.0,1.0,10
A_content_only,icmp_flood,10,"[1, 7, 13, 21, 42, 99, 123, 314, 2024, 2025]",1.0,0.0,1.0,1.0,1.0,10
A_content_only,insider_threat,10,"[1, 7, 13, 21, 42, 99, 123, 314, 2024, 2025]",0.9943647837156819,0.005645583163189603,0.9967273580078457,0.9903261768116626,0.9984033906197013,10
A_content_only,modbus_abuse,10,"[1, 7, 13, 21, 42, 99, 123, 314, 2024, 2025]",1.0,0.0,1.0,1.0,1.0,10
A_content_only,modbus_fdi,10,"[1, 7, 13, 21, 42, 99, 123, 314, 2024, 2025]",1.0,0.0,1.0,1.0,1.0,10
A_content_only,os_scan,10,"[1, 7, 13, 21, 42, 99, 123, 314, 2024, 2025]",0.4889458279104577,0.022657310645553746,0.49317632850241544,0.4727377642694382,0.5051538915514773,10
A_content_only,port_scan,10,"[1, 7, 13, 21, 42, 99, 123, 314, 2024, 2025]",0.9746048732479945,0.012813903269393252,0.9736373507057546,0.965438359051794,0.983771387444195,10
A_content_only,sql_injection,10,"[1, 7, 13, 21, 42, 99, 123, 314, 2024, 2025]",1.0,0.0,1.0,1.0,1.0,10
A_content_only,tcp_ack_flood,10,"[1, 7, 13, 21, 42, 99, 123, 314, 2024, 2025]",0.999193374554439,0.00175063231483889,1.0,0.9979410476382036,1.0004457014706745,10
A_content_only,udp_flood,10,"[1, 7, 13, 21, 42, 99, 123, 314, 2024, 2025]",0.9999823011863981,2.9330388508687934e-05,1.0,0.9999613194904236,1.0000032828823726,10
A_content_only,vuln_scan,10,"[1, 7, 13, 21, 42, 99, 123, 314, 2024, 2025]",0.9625591162472891,0.0010658406021404135,0.9628519039003054,0.961796659811884,0.9633215726826941,10
C_full_model,apt_exfil,10,"[1, 7, 13, 21, 42, 99, 123, 314, 2024, 2025]",1.0,0.0,1.0,1.0,1.0,10
C_full_model,http_flood,10,"[1, 7, 13, 21, 42, 99, 123, 314, 2024, 2025]",1.0,0.0,1.0,1.0,1.0,10
C_full_model,icmp_flood,10,"[1, 7, 13, 21, 42, 99, 123, 314, 2024, 2025]",1.0,0.0,1.0,1.0,1.0,10
C_full_model,insider_threat,10,"[1, 7, 13, 21, 42, 99, 123, 314, 2024, 2025]",0.9963426949260157,0.0045705475882825775,0.9969558529171918,0.9930731221446701,0.9996122677073612,10
C_full_model,modbus_abuse,10,"[1, 7, 13, 21, 42, 99, 123, 314, 2024, 2025]",1.0,0.0,1.0,1.0,1.0,10
C_full_model,modbus_fdi,10,"[1, 7, 13, 21, 42, 99, 123, 314, 2024, 2025]",1.0,0.0,1.0,1.0,1.0,10
C_full_model,os_scan,10,"[1, 7, 13, 21, 42, 99, 123, 314, 2024, 2025]",0.4977900346447991,0.023957904977948887,0.5033890247215431,0.4806515818662344,0.5149284874233638,10
C_full_model,port_scan,10,"[1, 7, 13, 21, 42, 99, 123, 314, 2024, 2025]",0.9987841945288753,0.0038447144804478785,1.0,0.9960338514738015,1.001534537583949,10
C_full_model,sql_injection,10,"[1, 7, 13, 21, 42, 99, 123, 314, 2024, 2025]",1.0,0.0,1.0,1.0,1.0,10
C_full_model,tcp_ack_flood,10,"[1, 7, 13, 21, 42, 99, 123, 314, 2024, 2025]",1.0,0.0,1.0,1.0,1.0,10
C_full_model,udp_flood,10,"[1, 7, 13, 21, 42, 99, 123, 314, 2024, 2025]",0.9999646518951074,5.7326287501207824e-05,1.0,0.9999236431394498,1.000005660650765,10
C_full_model,vuln_scan,10,"[1, 7, 13, 21, 42, 99, 123, 314, 2024, 2025]",0.9913740629359529,0.010944902798511737,0.9970733308965738,0.9835445511338599,0.9992035747380459,10
D_random_topology,apt_exfil,10,"[1, 7, 13, 21, 42, 99, 123, 314, 2024, 2025]",1.0,0.0,1.0,1.0,1.0,10
D_random_topology,http_flood,10,"[1, 7, 13, 21, 42, 99, 123, 314, 2024, 2025]",1.0,0.0,1.0,1.0,1.0,10
D_random_topology,icmp_flood,10,"[1, 7, 13, 21, 42, 99, 123, 314, 2024, 2025]",1.0,0.0,1.0,1.0,1.0,10
D_random_topology,insider_threat,10,"[1, 7, 13, 21, 42, 99, 123, 314, 2024, 2025]",0.99761531491028,0.003325294476008572,0.9984802431610942,0.9952365425424812,0.9999940872780788,10
D_random_topology,modbus_abuse,10,"[1, 7, 13, 21, 42, 99, 123, 314, 2024, 2025]",1.0,0.0,1.0,1.0,1.0,10
D_random_topology,modbus_fdi,10,"[1, 7, 13, 21, 42, 99, 123, 314, 2024, 2025]",1.0,0.0,1.0,1.0,1.0,10
D_random_topology,os_scan,10,"[1, 7, 13, 21, 42, 99, 123, 314, 2024, 2025]",0.4965108143151899,0.02450007239983918,0.5,0.47898451832718364,0.5140371103031961,10
D_random_topology,port_scan,10,"[1, 7, 13, 21, 42, 99, 123, 314, 2024, 2025]",0.9726457223002054,0.013445244390460557,0.9682826747720364,0.9630275738730261,0.9822638707273847,10
D_random_topology,sql_injection,10,"[1, 7, 13, 21, 42, 99, 123, 314, 2024, 2025]",1.0,0.0,1.0,1.0,1.0,10
D_random_topology,tcp_ack_flood,10,"[1, 7, 13, 21, 42, 99, 123, 314, 2024, 2025]",1.0,0.0,1.0,1.0,1.0,10
D_random_topology,udp_flood,10,"[1, 7, 13, 21, 42, 99, 123, 314, 2024, 2025]",0.9999026281359921,5.9873436539143064e-05,0.99990398315393,0.9998597972596796,0.9999454590123046,10
D_random_topology,vuln_scan,10,"[1, 7, 13, 21, 42, 99, 123, 314, 2024, 2025]",0.9762499591081404,0.013164046312860972,0.9702901463758118,0.9668329676677176,0.9856669505485631,10
