dataset,split_protocol,condition,conv_type,seed,precision,recall,f1,auprc,auroc,fpr,delta_f1_vs_full,delta_auprc_vs_full,delta_fpr_vs_full,n_trainable_params,train_runtime_s,threshold
scadanet,track_b,A_content_only,graphsage,1,0.9748384753392844,0.994408578004828,0.9845262841961336,0.9983051874715804,0.9913155395832358,0.1373302895590532,,,,18434,779.1448096348904,0.8500000000000001
scadanet,track_b,B_topology_only,graphsage,1,0.9749988903191442,0.9865042384775164,0.980717821644036,0.9739277862490824,0.9273089071137596,0.1353478313108254,,,,21442,9137.637103856076,0.95
scadanet,track_b,C_full_model,graphsage,1,0.9733350861625092,0.997552349407736,0.9852949330730928,0.9984180066399932,0.9921058535421176,0.146221314429893,,,,35458,8969.901221189182,0.8
scadanet,track_b,D_random_topology,graphsage,1,0.9757209896671,0.9944871722899008,0.9850147072724544,0.9980903075288436,0.9917562586454676,0.1324041811846689,,,,35458,7097.645186553942,0.8
scadanet,track_b,E_degree_preserving_rewiring,graphsage,1,0.9773993842215036,0.9944310335148488,0.9858416535880056,0.998676747006743,0.993127359360514,0.1230325603748648,,,,12610,5162.035529802088,0.9000000000000001
scadanet,track_b,F_no_message_passing,graphsage,1,0.9754102859652012,0.997642171447819,0.986400976909414,0.9985678106707648,0.9932435905022312,0.1345668629100084,,,,437122,5085.419563771924,0.8
scadanet,track_b,A_content_only,graphsage,7,0.9744041976234044,0.9941517837059696,0.98417894162575,0.9975030845812316,0.9909529820258052,0.1382554331646323,,,,18434,746.4117462600116,0.8500000000000001
scadanet,track_b,B_topology_only,graphsage,7,0.9746282104045472,0.9854469386837016,0.9800077173007344,0.9729212581097184,0.9230079974461616,0.1358142304257219,,,,5602,9024.411921304883,0.95
scadanet,track_b,C_full_model,graphsage,7,0.9722572371233462,0.9975707409240182,0.984751341959622,0.9981138155197724,0.9913718670300944,0.1506996129800535,,,,12610,9469.947448099032,0.8
scadanet,track_b,D_random_topology,graphsage,7,0.9763295317795908,0.9945679067884295,0.9853643317566702,0.998311152715171,0.9924380679626564,0.1276570407859482,,,,35458,5281.45465018414,0.8500000000000001
scadanet,track_b,E_degree_preserving_rewiring,graphsage,7,0.9768019884009942,0.9944779342300598,0.9855607135493004,0.9986570654492632,0.9930513127107428,0.1250372134563858,,,,12610,5280.751145099988,0.8500000000000001
scadanet,track_b,F_no_message_passing,graphsage,7,0.9749912056987072,0.9974920149354448,0.9861132729981544,0.9975001730295332,0.9916664926723994,0.135456981244418,,,,215490,4813.919152258895,0.8500000000000001
scadanet,track_b,A_content_only,graphsage,13,0.9742378467453996,0.9942818701648168,0.9841578115029272,0.9981175415321486,0.9910486111446196,0.1419405604987591,,,,18434,766.2403436119203,0.9000000000000001
scadanet,track_b,B_topology_only,graphsage,13,0.9749243742174256,0.9864783047426842,0.9806673094177902,0.9738600601356762,0.9264984067035836,0.1369771805580776,,,,21442,9329.183914770838,0.95
scadanet,track_b,C_full_model,graphsage,13,0.972448087431694,0.997634263930934,0.984880181526371,0.9983067890856804,0.9916607496644791,0.1525936686641244,,,,35458,9107.349083324894,0.9000000000000001
scadanet,track_b,D_random_topology,graphsage,13,0.9768855509916418,0.9946182307433568,0.9856721426230144,0.9986015592384874,0.992857249114747,0.1270504206767145,,,,35458,7000.091140338918,0.9000000000000001
scadanet,track_b,E_degree_preserving_rewiring,graphsage,13,0.9769938988128016,0.9946518668012108,0.9857438108360372,0.9986789655072562,0.9930500991039756,0.126445130440046,,,,12610,5278.973452226026,0.8
scadanet,track_b,F_no_message_passing,graphsage,13,0.975092321684912,0.9976903240273574,0.9862618940741604,0.9982511222829002,0.9928573522699392,0.1375824707947461,,,,215490,5094.166809981922,0.8250000000000001
scadanet,track_b,A_content_only,graphsage,21,0.9740294039968308,0.994114740105126,0.9839695844542766,0.996810798558931,0.9900272739770104,0.1415292353823088,,,,8130,854.3043756089173,0.9000000000000001
scadanet,track_b,B_topology_only,graphsage,21,0.974738617949344,0.9863650658160744,0.9805173780521844,0.9731458790787748,0.9231580097008416,0.1364917541229385,,,,5602,5232.743780137971,0.95
scadanet,track_b,C_full_model,graphsage,21,0.9723189453167772,0.997326923940878,0.9846641753806232,0.998309634363166,0.9917308481524544,0.1516041979010494,,,,12546,5282.56364347483,0.8500000000000001
scadanet,track_b,D_random_topology,graphsage,21,0.9743192967438186,0.9971135271126286,0.9855846354528044,0.9983450691456645,0.9924253798120032,0.1403298350824587,,,,12546,5253.777617715066,0.8500000000000001
scadanet,track_b,E_degree_preserving_rewiring,graphsage,21,0.9771156690879386,0.9941259715171392,0.9855474273752658,0.99868185208302,0.9931232755067724,0.1243178410794602,,,,35330,5256.27531873202,0.9000000000000001
scadanet,track_b,F_no_message_passing,graphsage,21,0.9750612213522506,0.9972595354687992,0.986035458275726,0.9984690907164564,0.9930329998754608,0.136191904047976,,,,436994,5160.761380481068,0.8
scadanet,track_b,A_content_only,graphsage,42,0.9737608043746692,0.9942029964317474,0.983875728934016,0.998043431150966,0.9911395310847588,0.1410621147463252,,,,8130,853.7129586338997,0.9000000000000001
scadanet,track_b,B_topology_only,graphsage,42,0.974024818751946,0.9860083972129358,0.9799799743806322,0.9723737368625152,0.921947283662422,0.1384542437174016,,,,5602,5193.711667978903,0.95
scadanet,track_b,C_full_model,graphsage,42,0.9721554816838364,0.9974335595853172,0.984632308820588,0.9984041143862123,0.9920603721866992,0.1504267425320057,,,,35330,5248.812878092052,0.8
scadanet,track_b,D_random_topology,graphsage,42,0.975879929760235,0.9946419928184692,0.9851716410422218,0.9985986700051016,0.9928599146576848,0.1294452347083926,,,,35330,5221.459476741031,0.8500000000000001
scadanet,track_b,E_degree_preserving_rewiring,graphsage,42,0.976061861364264,0.994585711230428,0.9852367253183468,0.998528787700846,0.9927415188383656,0.1284376481744902,,,,12546,5209.016626815079,0.8
scadanet,track_b,F_no_message_passing,graphsage,42,0.975992052541531,0.99528360292214,0.9855434310108452,0.9985809816379696,0.9928610821870716,0.1289118065433855,,,,436994,5164.540363830049,0.8
scadanet,track_b,A_content_only,graphsage,99,0.9769108456085334,0.9944807895505946,0.9856175218912232,0.9984074493836388,0.9927078449227528,0.1248432742253268,,,,18114,745.9994758439716,0.8500000000000001
scadanet,track_b,B_topology_only,graphsage,99,0.9746738381526016,0.985892853128302,0.9802512461720724,0.9730253036676848,0.9217755103842458,0.1360678249447728,,,,5602,9196.19330020505,0.95
scadanet,track_b,C_full_model,graphsage,99,0.9771385046749606,0.9950091050111284,0.9859928376895702,0.9986798938445588,0.9931793113195028,0.1236491730849602,,,,12450,8933.303131640889,0.9000000000000001
scadanet,track_b,D_random_topology,graphsage,99,0.9768614556207794,0.9951552348193612,0.985923492399354,0.9987097859417936,0.9933150110981596,0.1252015045674368,,,,35138,6640.570154390065,0.8500000000000001
scadanet,track_b,E_degree_preserving_rewiring,graphsage,99,0.976862844710482,0.9942672152154852,0.985488192792562,0.9986497095645964,0.9930003196363468,0.1250820944534002,,,,12450,5203.087914102944,0.9000000000000001
scadanet,track_b,F_no_message_passing,graphsage,99,0.9749461562129136,0.9973247004338932,0.986008468266228,0.9983851682613556,0.9929024662142846,0.1361275300017911,,,,215330,4989.450699959183,0.8
scadanet,track_b,A_content_only,graphsage,123,0.9734874759152216,0.994019044621075,0.9836461334787012,0.9976034143067758,0.9901749301329812,0.1436582746688939,,,,17922,853.4783474600408,0.8500000000000001
scadanet,track_b,B_topology_only,graphsage,123,0.9743054244104022,0.9860257001202936,0.980130526127576,0.97266450405963,0.92389437129062,0.1379906932346975,,,,5602,5303.308507582871,0.95
scadanet,track_b,C_full_model,graphsage,123,0.9716344679546152,0.9974030062170456,0.9843501223253468,0.9983376107538844,0.9915360496323684,0.1545161675217754,,,,34946,5353.278278362006,0.8
scadanet,track_b,D_random_topology,graphsage,123,0.9739147618733944,0.9973130670384152,0.9854750465187324,0.9978068677819172,0.9923052416873368,0.1417491946068488,,,,34946,5308.720974548953,0.8
scadanet,track_b,E_degree_preserving_rewiring,graphsage,123,0.9764475950708892,0.9941764381836784,0.9852322673009754,0.9986138253669402,0.9928131536408248,0.1272521178856938,,,,12354,5348.533774902113,0.8500000000000001
scadanet,track_b,F_no_message_passing,graphsage,123,0.974696478602428,0.9973355518330728,0.9858860661021092,0.9985354659186396,0.9929323242597832,0.1373941057153084,,,,436610,5117.083950800123,0.8
scadanet,track_b,A_content_only,graphsage,314,0.974237766244642,0.9937619422277172,0.9839030062930176,0.9980818791446712,0.9910784156455622,0.1396571292037512,,,,18050,620.1925403841306,0.8500000000000001
scadanet,track_b,B_topology_only,graphsage,314,0.9751512724684108,0.9853883331460044,0.9802430761318024,0.9739394701532612,0.9260980890911596,0.1334448360313004,,,,5602,8981.45991931716,0.95
scadanet,track_b,C_full_model,graphsage,314,0.9741716096798688,0.9949645948072384,0.9844583210538316,0.9983232253758012,0.9915462158476466,0.140194731497521,,,,35074,8931.36684418912,0.8
scadanet,track_b,D_random_topology,graphsage,314,0.975243984288182,0.9962571653366304,0.985638590658134,0.9980455500938794,0.9919774622090052,0.1344005734424466,,,,35074,8781.208828552859,0.9000000000000001
scadanet,track_b,E_degree_preserving_rewiring,graphsage,314,0.9770165745856354,0.9938181409463864,0.9853457402351368,0.9983919940133642,0.9924570100615278,0.1242458634490173,,,,35074,5127.830960477935,0.8
scadanet,track_b,F_no_message_passing,graphsage,314,0.9771369903845092,0.9948521973699,0.9859150223053916,0.9986654224539596,0.993277240448143,0.1237082611552475,,,,436738,5186.671877468936,0.8500000000000001
scadanet,track_b,A_content_only,graphsage,2024,0.972765779081824,0.9939700644695912,0.98325361518993,0.9982358838205188,0.9909552572718572,0.1453464413963619,,,,18434,852.188870463986,0.9000000000000001
scadanet,track_b,B_topology_only,graphsage,2024,0.97347270460415,0.98562959289482,0.9795134299603484,0.9723146314463352,0.9245068973641344,0.1402837463943015,,,,5602,5311.8816618449055,0.95
scadanet,track_b,C_full_model,graphsage,2024,0.9715412328105092,0.9969455840584284,0.9840794802189488,0.9983672592242596,0.9916892161562394,0.1525284040737034,,,,12610,5366.167379315011,0.8500000000000001
scadanet,track_b,D_random_topology,graphsage,2024,0.974993096592478,0.994894278887336,0.984843159897132,0.9984309075043446,0.9924769468969696,0.1332783893565667,,,,12610,5314.787865144899,0.8500000000000001
scadanet,track_b,E_degree_preserving_rewiring,graphsage,2024,0.9754821728744582,0.9941729408051936,0.9847388751200123,0.9985471481998625,0.9925934840467738,0.1305115676693942,,,,12610,5361.253690034151,0.8500000000000001
scadanet,track_b,F_no_message_passing,graphsage,2024,0.9737896126760563,0.9974527748974348,0.9854791652747156,0.9983723618754272,0.992587670110984,0.1402248778477659,,,,215490,5116.928741277196,0.8500000000000001
scadanet,track_b,A_content_only,graphsage,2025,0.974415148345902,0.9942263409154732,0.9842210608250862,0.9979653834621844,0.9910038643295092,0.1392784370130648,,,,18242,857.3096341970377,0.9000000000000001
scadanet,track_b,B_topology_only,graphsage,2025,0.9746250416620376,0.9854085930918282,0.9799871533499036,0.9729364860518092,0.9217901737775251,0.1368812177873666,,,,5602,5104.05484637199,0.95
scadanet,track_b,C_full_model,graphsage,2025,0.9727660133869396,0.9974389216512216,0.9849479779044746,0.9982595277369496,0.9917598369379304,0.1489871748771425,,,,12514,5154.833503546892,0.9000000000000001
scadanet,track_b,D_random_topology,graphsage,2025,0.9761209489911734,0.9950238696995226,0.9854817715576224,0.998088692657325,0.9924490465533442,0.1298693515521994,,,,35266,5136.01763252099,0.9000000000000001
scadanet,track_b,E_degree_preserving_rewiring,graphsage,2025,0.9766967152519558,0.994316203313676,0.9854277062831188,0.99865607652387,0.9930047197483438,0.1265731751168644,,,,35266,5105.210184975062,0.8500000000000001
scadanet,track_b,F_no_message_passing,graphsage,2025,0.9750414511754564,0.9974501544509968,0.9861185145700072,0.9983913999862216,0.9929215868648812,0.1362219825002996,,,,436930,5144.325719326036,0.8
