dataset,split_protocol,model,model_family,seed,precision,recall,f1,auprc,auroc,fpr,n_trainable_params,inference_latency_ms_mean,train_runtime_s,threshold,per_attack_recall
batadal,temporal_purged,mlp_flattened_window,mlp,42,0.0,0.0,0.0,0.0557807025964407,0.0150103519668737,0.0760869565217391,6658,1.6748905880376697,1.948122306028381,0.2,"{""n/a"": null}"
batadal,temporal_purged,graphsage_window_classifier,graphsage,42,0.5121951219512195,1.0,0.6774193548387097,0.6633182068244949,0.9751552795031057,0.108695652173913,2434,11.293897312134504,167.71366216801107,0.5750000000000001,"{""n/a"": null}"
batadal,temporal_purged,gcn_window_classifier,gcn,42,0.4565217391304347,1.0,0.626865671641791,0.7569758719107313,0.979684265010352,0.1358695652173913,1282,61.71461753547192,148.54044063482434,0.275,"{""n/a"": null}"
batadal,temporal_purged,mlp_flattened_window,mlp,7,0.0,0.0,0.0,0.0557971079146998,0.0144927536231884,0.092391304347826,6658,1.5343463979661465,1.8917692441027607,0.25,"{""n/a"": null}"
batadal,temporal_purged,graphsage_window_classifier,graphsage,7,0.5121951219512195,1.0,0.6774193548387097,0.649863936227367,0.9741200828157348,0.108695652173913,2434,96.83008671272546,326.7864368229639,0.3,"{""n/a"": null}"
batadal,temporal_purged,gcn_window_classifier,gcn,7,0.5,1.0,0.6666666666666666,0.74242778771979,0.9794254658385092,0.1141304347826086,1282,87.91811149567366,418.5253100208938,0.35,"{""n/a"": null}"
batadal,temporal_purged,mlp_flattened_window,mlp,123,0.0,0.0,0.0,0.0559442983980501,0.0263975155279503,0.0380434782608695,6658,1.3263236498460174,1.704418220790103,0.3,"{""n/a"": null}"
batadal,temporal_purged,graphsage_window_classifier,graphsage,123,0.525,1.0,0.6885245901639345,0.6198526025014004,0.9686853002070394,0.1032608695652173,2434,113.3464419748634,347.01966819516383,0.475,"{""n/a"": null}"
batadal,temporal_purged,gcn_window_classifier,gcn,123,0.4666666666666667,1.0,0.6363636363636364,0.7506885084805109,0.9787784679089028,0.1304347826086956,1282,59.01934059802443,432.0406590290368,0.3,"{""n/a"": null}"
batadal,temporal_purged,mlp_flattened_window,mlp,1,0.0,0.0,0.0,0.0559414718739018,0.0269151138716356,0.0434782608695652,6658,1.3342756545171142,1.7076525001320988,0.25,"{""n/a"": null}"
batadal,temporal_purged,graphsage_window_classifier,graphsage,1,0.525,1.0,0.6885245901639345,0.6385325450714145,0.9730848861283644,0.1032608695652173,2434,14.844415988773108,251.71153792995028,0.5750000000000001,"{""n/a"": null}"
batadal,temporal_purged,gcn_window_classifier,gcn,1,0.4468085106382978,1.0,0.6176470588235294,0.759484931174449,0.9795548654244306,0.1413043478260869,1282,6.968588079325855,345.3121750710998,0.375,"{""n/a"": null}"
batadal,temporal_purged,mlp_flattened_window,mlp,2024,0.0,0.0,0.0,0.0559974945623625,0.0318322981366459,0.0489130434782608,6658,1.488490286283195,1.6916067549027505,0.3,"{""n/a"": null}"
batadal,temporal_purged,graphsage_window_classifier,graphsage,2024,0.525,1.0,0.6885245901639345,0.6744220500711954,0.9759316770186336,0.1032608695652173,2434,19.64806290343404,214.76057637808844,0.525,"{""n/a"": null}"
batadal,temporal_purged,gcn_window_classifier,gcn,2024,0.4468085106382978,1.0,0.6176470588235294,0.7269923633557943,0.9794254658385092,0.1413043478260869,1282,110.35384642891586,259.182918703882,0.25,"{""n/a"": null}"
batadal,temporal_purged,mlp_flattened_window,mlp,13,0.0,0.0,0.0,0.0557997071992806,0.0173395445134575,0.0652173913043478,6658,1.2370772426947951,1.7214011440519243,0.25,"{""n/a"": null}"
batadal,temporal_purged,graphsage_window_classifier,graphsage,13,0.525,1.0,0.6885245901639345,0.6488599814890768,0.9730848861283644,0.1032608695652173,2434,119.60030868649484,382.5199515148997,0.55,"{""n/a"": null}"
batadal,temporal_purged,gcn_window_classifier,gcn,13,0.5,1.0,0.6666666666666666,0.7562486310802754,0.9805900621118012,0.1141304347826086,1282,7.325042109005153,324.1926165721379,0.425,"{""n/a"": null}"
batadal,temporal_purged,mlp_flattened_window,mlp,21,0.0,0.0,0.0,0.0558716948954411,0.0183747412008281,0.0597826086956521,6658,1.3974505010992289,1.680102857062593,0.3,"{""n/a"": null}"
batadal,temporal_purged,graphsage_window_classifier,graphsage,21,0.5121951219512195,1.0,0.6774193548387097,0.6578004441638751,0.9743788819875776,0.108695652173913,2434,5.916244187392294,108.71678594616242,0.4,"{""n/a"": null}"
batadal,temporal_purged,gcn_window_classifier,gcn,21,0.4565217391304347,1.0,0.626865671641791,0.7623287201207225,0.9799430641821946,0.1358695652173913,1282,50.83798698615283,237.08920308412053,0.4,"{""n/a"": null}"
batadal,temporal_purged,mlp_flattened_window,mlp,99,0.0,0.0,0.0,0.0558340024546193,0.0168219461697722,0.0380434782608695,6658,1.3680208241567016,1.7377103669568896,0.35,"{""n/a"": null}"
batadal,temporal_purged,graphsage_window_classifier,graphsage,99,0.5,1.0,0.6666666666666666,0.657365825872114,0.9747670807453416,0.1141304347826086,2434,75.50833460409194,321.4043407300487,0.675,"{""n/a"": null}"
batadal,temporal_purged,gcn_window_classifier,gcn,99,0.4666666666666667,1.0,0.6363636363636364,0.7662004378899558,0.9802018633540373,0.1304347826086956,1282,134.61109122727066,362.4093191809952,0.275,"{""n/a"": null}"
batadal,temporal_purged,mlp_flattened_window,mlp,2025,0.0,0.0,0.0,0.0558974519191979,0.0232919254658385,0.0434782608695652,6658,1.3454043539240956,1.734577576862648,0.3,"{""n/a"": null}"
batadal,temporal_purged,graphsage_window_classifier,graphsage,2025,0.525,1.0,0.6885245901639345,0.6690932518852544,0.9756728778467908,0.1032608695652173,2434,121.34568167384714,327.9422706090845,0.5,"{""n/a"": null}"
batadal,temporal_purged,gcn_window_classifier,gcn,2025,0.4565217391304347,1.0,0.626865671641791,0.7337689201323512,0.9787784679089028,0.1358695652173913,1282,11.01597910746932,369.76908153807744,0.325,"{""n/a"": null}"
batadal,temporal_purged,mlp_flattened_window,mlp,314,0.0,0.0,0.0,0.0558226731848396,0.0181159420289855,0.0326086956521739,6658,1.3561151688918471,1.8451306570786985,0.3,"{""n/a"": null}"
batadal,temporal_purged,graphsage_window_classifier,graphsage,314,0.5675675675675675,1.0,0.7241379310344828,0.6703687620893359,0.9763198757763976,0.0869565217391304,2434,120.16186334658414,248.00609554490077,0.525,"{""n/a"": null}"
batadal,temporal_purged,gcn_window_classifier,gcn,314,0.5,1.0,0.6666666666666666,0.7660424259672379,0.9805900621118012,0.11413043478260869,1282,10.87551445234567,284.42240564804524,0.45,"{""n/a"": null}"
