model,attack_type,n_seeds,seeds,recall,recall_std,recall_median,recall_ci_95_low,recall_ci_95_high,recall_n
gat_edge_attr,apt_exfil,10,"[1, 7, 13, 21, 42, 99, 123, 314, 2024, 2025]",1.0,0.0,1.0,1.0,1.0,10
gat_edge_attr,http_flood,10,"[1, 7, 13, 21, 42, 99, 123, 314, 2024, 2025]",1.0,0.0,1.0,1.0,1.0,10
gat_edge_attr,icmp_flood,10,"[1, 7, 13, 21, 42, 99, 123, 314, 2024, 2025]",1.0,0.0,1.0,1.0,1.0,10
gat_edge_attr,insider_threat,10,"[1, 7, 13, 21, 42, 99, 123, 314, 2024, 2025]",0.9947006369968554,0.005158451431865001,0.9965095879730026,0.9910105031409565,0.9983907708527543,10
gat_edge_attr,modbus_abuse,10,"[1, 7, 13, 21, 42, 99, 123, 314, 2024, 2025]",1.0,0.0,1.0,1.0,1.0,10
gat_edge_attr,modbus_fdi,10,"[1, 7, 13, 21, 42, 99, 123, 314, 2024, 2025]",1.0,0.0,1.0,1.0,1.0,10
gat_edge_attr,os_scan,10,"[1, 7, 13, 21, 42, 99, 123, 314, 2024, 2025]",0.48940657299926854,0.022155297257566042,0.49694376528117357,0.47355762810223573,0.5052555178963013,10
gat_edge_attr,port_scan,10,"[1, 7, 13, 21, 42, 99, 123, 314, 2024, 2025]",0.973280171877424,0.013028241052360456,0.9736373507057546,0.9639603296679674,0.9826000140868806,10
gat_edge_attr,sql_injection,10,"[1, 7, 13, 21, 42, 99, 123, 314, 2024, 2025]",1.0,0.0,1.0,1.0,1.0,10
gat_edge_attr,tcp_ack_flood,10,"[1, 7, 13, 21, 42, 99, 123, 314, 2024, 2025]",0.9985447379571916,0.0026680009071741065,1.0,0.9966361650831086,1.0004533108312745,10
gat_edge_attr,udp_flood,10,"[1, 7, 13, 21, 42, 99, 123, 314, 2024, 2025]",0.9999882086211151,2.1759710154510944e-05,1.0,0.9999726426621842,1.000003774580046,10
gat_edge_attr,vuln_scan,10,"[1, 7, 13, 21, 42, 99, 123, 314, 2024, 2025]",0.9624127868695815,0.0016080504050826345,0.9629824542304606,0.9612624569071567,0.9635631168320063,10
gcn_edge_attr,apt_exfil,10,"[1, 7, 13, 21, 42, 99, 123, 314, 2024, 2025]",1.0,0.0,1.0,1.0,1.0,10
gcn_edge_attr,http_flood,10,"[1, 7, 13, 21, 42, 99, 123, 314, 2024, 2025]",1.0,0.0,1.0,1.0,1.0,10
gcn_edge_attr,icmp_flood,10,"[1, 7, 13, 21, 42, 99, 123, 314, 2024, 2025]",1.0,0.0,1.0,1.0,1.0,10
gcn_edge_attr,insider_threat,10,"[1, 7, 13, 21, 42, 99, 123, 314, 2024, 2025]",0.998675385581658,0.0017147874353690214,1.0,0.9974487005474951,0.9999020706158209,10
gcn_edge_attr,modbus_abuse,10,"[1, 7, 13, 21, 42, 99, 123, 314, 2024, 2025]",1.0,0.0,1.0,1.0,1.0,10
gcn_edge_attr,modbus_fdi,10,"[1, 7, 13, 21, 42, 99, 123, 314, 2024, 2025]",1.0,0.0,1.0,1.0,1.0,10
gcn_edge_attr,os_scan,10,"[1, 7, 13, 21, 42, 99, 123, 314, 2024, 2025]",0.49523033792444204,0.024827637469223195,0.4967773702798153,0.4774697160018972,0.5129909598469868,10
gcn_edge_attr,port_scan,10,"[1, 7, 13, 21, 42, 99, 123, 314, 2024, 2025]",1.0,0.0,1.0,1.0,1.0,10
gcn_edge_attr,sql_injection,10,"[1, 7, 13, 21, 42, 99, 123, 314, 2024, 2025]",1.0,0.0,1.0,1.0,1.0,10
gcn_edge_attr,tcp_ack_flood,10,"[1, 7, 13, 21, 42, 99, 123, 314, 2024, 2025]",1.0,0.0,1.0,1.0,1.0,10
gcn_edge_attr,udp_flood,10,"[1, 7, 13, 21, 42, 99, 123, 314, 2024, 2025]",0.9998878243256858,5.99431780321989e-05,0.9998967284971743,0.9998449435593146,0.999930705092057,10
gcn_edge_attr,vuln_scan,10,"[1, 7, 13, 21, 42, 99, 123, 314, 2024, 2025]",0.9934025389344884,0.0074545233004132795,0.9965925054093846,0.9880698942108185,0.9987351836581583,10
graphsage_edge_attr,apt_exfil,10,"[1, 7, 13, 21, 42, 99, 123, 314, 2024, 2025]",1.0,0.0,1.0,1.0,1.0,10
graphsage_edge_attr,http_flood,10,"[1, 7, 13, 21, 42, 99, 123, 314, 2024, 2025]",1.0,0.0,1.0,1.0,1.0,10
graphsage_edge_attr,icmp_flood,10,"[1, 7, 13, 21, 42, 99, 123, 314, 2024, 2025]",1.0,0.0,1.0,1.0,1.0,10
graphsage_edge_attr,insider_threat,10,"[1, 7, 13, 21, 42, 99, 123, 314, 2024, 2025]",0.9959991877049766,0.0046713825352282905,0.9969558529171918,0.9926574819479703,0.999340893461983,10
graphsage_edge_attr,modbus_abuse,10,"[1, 7, 13, 21, 42, 99, 123, 314, 2024, 2025]",1.0,0.0,1.0,1.0,1.0,10
graphsage_edge_attr,modbus_fdi,10,"[1, 7, 13, 21, 42, 99, 123, 314, 2024, 2025]",1.0,0.0,1.0,1.0,1.0,10
graphsage_edge_attr,os_scan,10,"[1, 7, 13, 21, 42, 99, 123, 314, 2024, 2025]",0.4978433484554728,0.024366117929427573,0.5041364734299516,0.48041287772296115,0.5152738191879844,10
graphsage_edge_attr,port_scan,10,"[1, 7, 13, 21, 42, 99, 123, 314, 2024, 2025]",0.9996742671009772,0.0010300578697616876,1.0,0.9989374080902937,1.0004111261116606,10
graphsage_edge_attr,sql_injection,10,"[1, 7, 13, 21, 42, 99, 123, 314, 2024, 2025]",1.0,0.0,1.0,1.0,1.0,10
graphsage_edge_attr,tcp_ack_flood,10,"[1, 7, 13, 21, 42, 99, 123, 314, 2024, 2025]",1.0,0.0,1.0,1.0,1.0,10
graphsage_edge_attr,udp_flood,10,"[1, 7, 13, 21, 42, 99, 123, 314, 2024, 2025]",0.9999719981322679,5.91446430792673e-05,1.0,0.9999296886033899,1.0000143076611459,10
graphsage_edge_attr,vuln_scan,10,"[1, 7, 13, 21, 42, 99, 123, 314, 2024, 2025]",0.9924308117365959,0.008760912661826912,0.9970015199544193,0.9861636323613522,0.9986979911118395,10
logistic_regression,apt_exfil,10,"[1, 7, 13, 21, 42, 99, 123, 314, 2024, 2025]",1.0,0.0,1.0,1.0,1.0,10
logistic_regression,http_flood,10,"[1, 7, 13, 21, 42, 99, 123, 314, 2024, 2025]",1.0,0.0,1.0,1.0,1.0,10
logistic_regression,icmp_flood,10,"[1, 7, 13, 21, 42, 99, 123, 314, 2024, 2025]",1.0,0.0,1.0,1.0,1.0,10
logistic_regression,insider_threat,10,"[1, 7, 13, 21, 42, 99, 123, 314, 2024, 2025]",1.0,0.0,1.0,1.0,1.0,10
logistic_regression,modbus_abuse,10,"[1, 7, 13, 21, 42, 99, 123, 314, 2024, 2025]",1.0,0.0,1.0,1.0,1.0,10
logistic_regression,modbus_fdi,10,"[1, 7, 13, 21, 42, 99, 123, 314, 2024, 2025]",1.0,0.0,1.0,1.0,1.0,10
logistic_regression,os_scan,10,"[1, 7, 13, 21, 42, 99, 123, 314, 2024, 2025]",0.4273659567339627,0.03291165733746544,0.41400850611376927,0.40382237537066673,0.4509095380972587,10
logistic_regression,port_scan,10,"[1, 7, 13, 21, 42, 99, 123, 314, 2024, 2025]",0.9250500072828591,0.028389378103964427,0.9143253157697278,0.9047414695999758,0.9453585449657425,10
logistic_regression,sql_injection,10,"[1, 7, 13, 21, 42, 99, 123, 314, 2024, 2025]",1.0,0.0,1.0,1.0,1.0,10
logistic_regression,tcp_ack_flood,10,"[1, 7, 13, 21, 42, 99, 123, 314, 2024, 2025]",1.0,0.0,1.0,1.0,1.0,10
logistic_regression,udp_flood,10,"[1, 7, 13, 21, 42, 99, 123, 314, 2024, 2025]",0.9989802690854788,0.0015922871811383064,0.9999631179214796,0.9978412154541629,1.0001193227167946,10
logistic_regression,vuln_scan,10,"[1, 7, 13, 21, 42, 99, 123, 314, 2024, 2025]",0.8463188095926638,0.0639756580566063,0.8006644578367736,0.8005533807878527,0.892084238397475,10
mlp,apt_exfil,10,"[1, 7, 13, 21, 42, 99, 123, 314, 2024, 2025]",1.0,0.0,1.0,1.0,1.0,10
mlp,http_flood,10,"[1, 7, 13, 21, 42, 99, 123, 314, 2024, 2025]",1.0,0.0,1.0,1.0,1.0,10
mlp,icmp_flood,10,"[1, 7, 13, 21, 42, 99, 123, 314, 2024, 2025]",1.0,0.0,1.0,1.0,1.0,10
mlp,insider_threat,10,"[1, 7, 13, 21, 42, 99, 123, 314, 2024, 2025]",0.9943647837156819,0.005645583163189603,0.9967273580078457,0.9903261768116626,0.9984033906197013,10
mlp,modbus_abuse,10,"[1, 7, 13, 21, 42, 99, 123, 314, 2024, 2025]",1.0,0.0,1.0,1.0,1.0,10
mlp,modbus_fdi,10,"[1, 7, 13, 21, 42, 99, 123, 314, 2024, 2025]",1.0,0.0,1.0,1.0,1.0,10
mlp,os_scan,10,"[1, 7, 13, 21, 42, 99, 123, 314, 2024, 2025]",0.4889458279104577,0.022657310645553746,0.49317632850241544,0.4727377642694382,0.5051538915514773,10
mlp,port_scan,10,"[1, 7, 13, 21, 42, 99, 123, 314, 2024, 2025]",0.9746048732479945,0.012813903269393252,0.9736373507057546,0.965438359051794,0.983771387444195,10
mlp,sql_injection,10,"[1, 7, 13, 21, 42, 99, 123, 314, 2024, 2025]",1.0,0.0,1.0,1.0,1.0,10
mlp,tcp_ack_flood,10,"[1, 7, 13, 21, 42, 99, 123, 314, 2024, 2025]",0.999193374554439,0.00175063231483889,1.0,0.9979410476382036,1.0004457014706745,10
mlp,udp_flood,10,"[1, 7, 13, 21, 42, 99, 123, 314, 2024, 2025]",0.9999823011863981,2.9330388508687934e-05,1.0,0.9999613194904236,1.0000032828823726,10
mlp,vuln_scan,10,"[1, 7, 13, 21, 42, 99, 123, 314, 2024, 2025]",0.9625591162472891,0.0010658406021404135,0.9628519039003054,0.961796659811884,0.9633215726826941,10
tree_xgboost,apt_exfil,10,"[1, 7, 13, 21, 42, 99, 123, 314, 2024, 2025]",1.0,0.0,1.0,1.0,1.0,10
tree_xgboost,http_flood,10,"[1, 7, 13, 21, 42, 99, 123, 314, 2024, 2025]",1.0,0.0,1.0,1.0,1.0,10
tree_xgboost,icmp_flood,10,"[1, 7, 13, 21, 42, 99, 123, 314, 2024, 2025]",1.0,0.0,1.0,1.0,1.0,10
tree_xgboost,insider_threat,10,"[1, 7, 13, 21, 42, 99, 123, 314, 2024, 2025]",1.0,0.0,1.0,1.0,1.0,10
tree_xgboost,modbus_abuse,10,"[1, 7, 13, 21, 42, 99, 123, 314, 2024, 2025]",1.0,0.0,1.0,1.0,1.0,10
tree_xgboost,modbus_fdi,10,"[1, 7, 13, 21, 42, 99, 123, 314, 2024, 2025]",1.0,0.0,1.0,1.0,1.0,10
tree_xgboost,os_scan,10,"[1, 7, 13, 21, 42, 99, 123, 314, 2024, 2025]",0.49655035403677117,0.024271590772607148,0.5020001358326542,0.4791875039586928,0.5139132041148495,10
tree_xgboost,port_scan,10,"[1, 7, 13, 21, 42, 99, 123, 314, 2024, 2025]",1.0,0.0,1.0,1.0,1.0,10
tree_xgboost,sql_injection,10,"[1, 7, 13, 21, 42, 99, 123, 314, 2024, 2025]",1.0,0.0,1.0,1.0,1.0,10
tree_xgboost,tcp_ack_flood,10,"[1, 7, 13, 21, 42, 99, 123, 314, 2024, 2025]",1.0,0.0,1.0,1.0,1.0,10
tree_xgboost,udp_flood,10,"[1, 7, 13, 21, 42, 99, 123, 314, 2024, 2025]",1.0,0.0,1.0,1.0,1.0,10
tree_xgboost,vuln_scan,10,"[1, 7, 13, 21, 42, 99, 123, 314, 2024, 2025]",0.9694550950145293,0.002400514558961504,0.969677964797655,0.9677378703468931,0.9711723196821656,10
