stage,group,bin_left,bin_right,count,n_group
Host normalized,Attack,-12.0,-11.75,0.0,451099.0
Host normalized,Attack,-11.75,-11.5,0.0,451099.0
Host normalized,Attack,-11.5,-11.25,0.0,451099.0
Host normalized,Attack,-11.25,-11.0,0.0,451099.0
Host normalized,Attack,-11.0,-10.75,0.0,451099.0
Host normalized,Attack,-10.75,-10.5,0.0,451099.0
Host normalized,Attack,-10.5,-10.25,0.0,451099.0
Host normalized,Attack,-10.25,-10.0,0.0,451099.0
Host normalized,Attack,-10.0,-9.75,0.0,451099.0
Host normalized,Attack,-9.75,-9.5,0.0,451099.0
Host normalized,Attack,-9.5,-9.25,0.0,451099.0
Host normalized,Attack,-9.25,-9.0,0.0,451099.0
Host normalized,Attack,-9.0,-8.75,0.0,451099.0
Host normalized,Attack,-8.75,-8.5,0.0,451099.0
Host normalized,Attack,-8.5,-8.25,0.0,451099.0
Host normalized,Attack,-8.25,-8.0,0.0,451099.0
Host normalized,Attack,-8.0,-7.75,0.0,451099.0
Host normalized,Attack,-7.75,-7.5,0.0,451099.0
Host normalized,Attack,-7.5,-7.25,0.0,451099.0
Host normalized,Attack,-7.25,-7.0,0.0,451099.0
Host normalized,Attack,-7.0,-6.75,0.0,451099.0
Host normalized,Attack,-6.75,-6.5,0.0,451099.0
Host normalized,Attack,-6.5,-6.25,0.0,451099.0
Host normalized,Attack,-6.25,-6.0,0.0,451099.0
Host normalized,Attack,-6.0,-5.75,0.0,451099.0
Host normalized,Attack,-5.75,-5.5,0.0,451099.0
Host normalized,Attack,-5.5,-5.25,0.0,451099.0
Host normalized,Attack,-5.25,-5.0,0.0,451099.0
Host normalized,Attack,-5.0,-4.75,0.0,451099.0
Host normalized,Attack,-4.75,-4.5,0.0,451099.0
Host normalized,Attack,-4.5,-4.25,0.0,451099.0
Host normalized,Attack,-4.25,-4.0,0.0,451099.0
Host normalized,Attack,-4.0,-3.75,0.0,451099.0
Host normalized,Attack,-3.75,-3.5,0.0,451099.0
Host normalized,Attack,-3.5,-3.25,0.0,451099.0
Host normalized,Attack,-3.25,-3.0,0.0,451099.0
Host normalized,Attack,-3.0,-2.75,0.0,451099.0
Host normalized,Attack,-2.75,-2.5,0.0,451099.0
Host normalized,Attack,-2.5,-2.25,0.0,451099.0
Host normalized,Attack,-2.25,-2.0,0.0,451099.0
Host normalized,Attack,-2.0,-1.75,0.0,451099.0
Host normalized,Attack,-1.75,-1.5,0.0,451099.0
Host normalized,Attack,-1.5,-1.25,0.0,451099.0
Host normalized,Attack,-1.25,-1.0,0.0,451099.0
Host normalized,Attack,-1.0,-0.75,0.0,451099.0
Host normalized,Attack,-0.75,-0.5,0.0,451099.0
Host normalized,Attack,-0.5,-0.25,111350.0,451099.0
Host normalized,Attack,-0.25,0.0,1083.0,451099.0
Host normalized,Attack,0.0,0.25,338620.0,451099.0
Host normalized,Attack,0.25,0.5,1.0,451099.0
Host normalized,Attack,0.5,0.75,1.0,451099.0
Host normalized,Attack,0.75,1.0,1.0,451099.0
Host normalized,Attack,1.0,1.25,43.0,451099.0
Host normalized,Attack,1.25,1.5,0.0,451099.0
Host normalized,Attack,1.5,1.75,0.0,451099.0
Host normalized,Attack,1.75,2.0,0.0,451099.0
Host normalized,Attack,2.0,2.25,0.0,451099.0
Host normalized,Attack,2.25,2.5,0.0,451099.0
Host normalized,Attack,2.5,2.75,0.0,451099.0
Host normalized,Attack,2.75,3.0,0.0,451099.0
Host normalized,Attack,3.0,3.25,0.0,451099.0
Host normalized,Attack,3.25,3.5,0.0,451099.0
Host normalized,Attack,3.5,3.75,0.0,451099.0
Host normalized,Attack,3.75,4.0,0.0,451099.0
Host normalized,Attack,4.0,4.25,0.0,451099.0
Host normalized,Attack,4.25,4.5,0.0,451099.0
Host normalized,Attack,4.5,4.75,0.0,451099.0
Host normalized,Attack,4.75,5.0,0.0,451099.0
Host normalized,Attack,5.0,5.25,0.0,451099.0
Host normalized,Attack,5.25,5.5,0.0,451099.0
Host normalized,Attack,5.5,5.75,0.0,451099.0
Host normalized,Attack,5.75,6.0,0.0,451099.0
Host normalized,Attack,6.0,6.25,0.0,451099.0
Host normalized,Attack,6.25,6.5,0.0,451099.0
Host normalized,Attack,6.5,6.75,0.0,451099.0
Host normalized,Attack,6.75,7.0,0.0,451099.0
Host normalized,Attack,7.0,7.25,0.0,451099.0
Host normalized,Attack,7.25,7.5,0.0,451099.0
Host normalized,Attack,7.5,7.75,0.0,451099.0
Host normalized,Attack,7.75,8.0,0.0,451099.0
Host normalized,Attack,8.0,8.25,0.0,451099.0
Host normalized,Attack,8.25,8.5,0.0,451099.0
Host normalized,Attack,8.5,8.75,0.0,451099.0
Host normalized,Attack,8.75,9.0,0.0,451099.0
Host normalized,Attack,9.0,9.25,0.0,451099.0
Host normalized,Attack,9.25,9.5,0.0,451099.0
Host normalized,Attack,9.5,9.75,0.0,451099.0
Host normalized,Attack,9.75,10.0,0.0,451099.0
Host normalized,Attack,10.0,10.25,0.0,451099.0
Host normalized,Attack,10.25,10.5,0.0,451099.0
Host normalized,Attack,10.5,10.75,0.0,451099.0
Host normalized,Attack,10.75,11.0,0.0,451099.0
Host normalized,Attack,11.0,11.25,0.0,451099.0
Host normalized,Attack,11.25,11.5,0.0,451099.0
Host normalized,Attack,11.5,11.75,0.0,451099.0
Host normalized,Attack,11.75,12.0,0.0,451099.0
Host normalized,Normal: other hosts,-12.0,-11.75,0.0,45528.0
Host normalized,Normal: other hosts,-11.75,-11.5,0.0,45528.0
Host normalized,Normal: other hosts,-11.5,-11.25,0.0,45528.0
Host normalized,Normal: other hosts,-11.25,-11.0,0.0,45528.0
Host normalized,Normal: other hosts,-11.0,-10.75,0.0,45528.0
Host normalized,Normal: other hosts,-10.75,-10.5,0.0,45528.0
Host normalized,Normal: other hosts,-10.5,-10.25,0.0,45528.0
Host normalized,Normal: other hosts,-10.25,-10.0,0.0,45528.0
Host normalized,Normal: other hosts,-10.0,-9.75,0.0,45528.0
Host normalized,Normal: other hosts,-9.75,-9.5,0.0,45528.0
Host normalized,Normal: other hosts,-9.5,-9.25,0.0,45528.0
Host normalized,Normal: other hosts,-9.25,-9.0,0.0,45528.0
Host normalized,Normal: other hosts,-9.0,-8.75,0.0,45528.0
Host normalized,Normal: other hosts,-8.75,-8.5,0.0,45528.0
Host normalized,Normal: other hosts,-8.5,-8.25,0.0,45528.0
Host normalized,Normal: other hosts,-8.25,-8.0,0.0,45528.0
Host normalized,Normal: other hosts,-8.0,-7.75,0.0,45528.0
Host normalized,Normal: other hosts,-7.75,-7.5,0.0,45528.0
Host normalized,Normal: other hosts,-7.5,-7.25,0.0,45528.0
Host normalized,Normal: other hosts,-7.25,-7.0,0.0,45528.0
Host normalized,Normal: other hosts,-7.0,-6.75,0.0,45528.0
Host normalized,Normal: other hosts,-6.75,-6.5,0.0,45528.0
Host normalized,Normal: other hosts,-6.5,-6.25,0.0,45528.0
Host normalized,Normal: other hosts,-6.25,-6.0,0.0,45528.0
Host normalized,Normal: other hosts,-6.0,-5.75,0.0,45528.0
Host normalized,Normal: other hosts,-5.75,-5.5,0.0,45528.0
Host normalized,Normal: other hosts,-5.5,-5.25,0.0,45528.0
Host normalized,Normal: other hosts,-5.25,-5.0,0.0,45528.0
Host normalized,Normal: other hosts,-5.0,-4.75,0.0,45528.0
Host normalized,Normal: other hosts,-4.75,-4.5,0.0,45528.0
Host normalized,Normal: other hosts,-4.5,-4.25,0.0,45528.0
Host normalized,Normal: other hosts,-4.25,-4.0,0.0,45528.0
Host normalized,Normal: other hosts,-4.0,-3.75,0.0,45528.0
Host normalized,Normal: other hosts,-3.75,-3.5,0.0,45528.0
Host normalized,Normal: other hosts,-3.5,-3.25,0.0,45528.0
Host normalized,Normal: other hosts,-3.25,-3.0,0.0,45528.0
Host normalized,Normal: other hosts,-3.0,-2.75,0.0,45528.0
Host normalized,Normal: other hosts,-2.75,-2.5,0.0,45528.0
Host normalized,Normal: other hosts,-2.5,-2.25,0.0,45528.0
Host normalized,Normal: other hosts,-2.25,-2.0,0.0,45528.0
Host normalized,Normal: other hosts,-2.0,-1.75,0.0,45528.0
Host normalized,Normal: other hosts,-1.75,-1.5,0.0,45528.0
Host normalized,Normal: other hosts,-1.5,-1.25,0.0,45528.0
Host normalized,Normal: other hosts,-1.25,-1.0,0.0,45528.0
Host normalized,Normal: other hosts,-1.0,-0.75,0.0,45528.0
Host normalized,Normal: other hosts,-0.75,-0.5,93.7,45528.0
Host normalized,Normal: other hosts,-0.5,-0.25,2659.5,45528.0
Host normalized,Normal: other hosts,-0.25,0.0,31620.8,45528.0
Host normalized,Normal: other hosts,0.0,0.25,8373.7,45528.0
Host normalized,Normal: other hosts,0.25,0.5,2079.3,45528.0
Host normalized,Normal: other hosts,0.5,0.75,504.0,45528.0
Host normalized,Normal: other hosts,0.75,1.0,111.4,45528.0
Host normalized,Normal: other hosts,1.0,1.25,63.3,45528.0
Host normalized,Normal: other hosts,1.25,1.5,19.0,45528.0
Host normalized,Normal: other hosts,1.5,1.75,1.7,45528.0
Host normalized,Normal: other hosts,1.75,2.0,1.4,45528.0
Host normalized,Normal: other hosts,2.0,2.25,0.2,45528.0
Host normalized,Normal: other hosts,2.25,2.5,0.0,45528.0
Host normalized,Normal: other hosts,2.5,2.75,0.0,45528.0
Host normalized,Normal: other hosts,2.75,3.0,0.0,45528.0
Host normalized,Normal: other hosts,3.0,3.25,0.0,45528.0
Host normalized,Normal: other hosts,3.25,3.5,0.0,45528.0
Host normalized,Normal: other hosts,3.5,3.75,0.0,45528.0
Host normalized,Normal: other hosts,3.75,4.0,0.0,45528.0
Host normalized,Normal: other hosts,4.0,4.25,0.0,45528.0
Host normalized,Normal: other hosts,4.25,4.5,0.0,45528.0
Host normalized,Normal: other hosts,4.5,4.75,0.0,45528.0
Host normalized,Normal: other hosts,4.75,5.0,0.0,45528.0
Host normalized,Normal: other hosts,5.0,5.25,0.0,45528.0
Host normalized,Normal: other hosts,5.25,5.5,0.0,45528.0
Host normalized,Normal: other hosts,5.5,5.75,0.0,45528.0
Host normalized,Normal: other hosts,5.75,6.0,0.0,45528.0
Host normalized,Normal: other hosts,6.0,6.25,0.0,45528.0
Host normalized,Normal: other hosts,6.25,6.5,0.0,45528.0
Host normalized,Normal: other hosts,6.5,6.75,0.0,45528.0
Host normalized,Normal: other hosts,6.75,7.0,0.0,45528.0
Host normalized,Normal: other hosts,7.0,7.25,0.0,45528.0
Host normalized,Normal: other hosts,7.25,7.5,0.0,45528.0
Host normalized,Normal: other hosts,7.5,7.75,0.0,45528.0
Host normalized,Normal: other hosts,7.75,8.0,0.0,45528.0
Host normalized,Normal: other hosts,8.0,8.25,0.0,45528.0
Host normalized,Normal: other hosts,8.25,8.5,0.0,45528.0
Host normalized,Normal: other hosts,8.5,8.75,0.0,45528.0
Host normalized,Normal: other hosts,8.75,9.0,0.0,45528.0
Host normalized,Normal: other hosts,9.0,9.25,0.0,45528.0
Host normalized,Normal: other hosts,9.25,9.5,0.0,45528.0
Host normalized,Normal: other hosts,9.5,9.75,0.0,45528.0
Host normalized,Normal: other hosts,9.75,10.0,0.0,45528.0
Host normalized,Normal: other hosts,10.0,10.25,0.0,45528.0
Host normalized,Normal: other hosts,10.25,10.5,0.0,45528.0
Host normalized,Normal: other hosts,10.5,10.75,0.0,45528.0
Host normalized,Normal: other hosts,10.75,11.0,0.0,45528.0
Host normalized,Normal: other hosts,11.0,11.25,0.0,45528.0
Host normalized,Normal: other hosts,11.25,11.5,0.0,45528.0
Host normalized,Normal: other hosts,11.5,11.75,0.0,45528.0
Host normalized,Normal: other hosts,11.75,12.0,0.0,45528.0
Host normalized,Normal: problematic hosts,-12.0,-11.75,0.0,38214.0
Host normalized,Normal: problematic hosts,-11.75,-11.5,0.0,38214.0
Host normalized,Normal: problematic hosts,-11.5,-11.25,0.0,38214.0
Host normalized,Normal: problematic hosts,-11.25,-11.0,0.0,38214.0
Host normalized,Normal: problematic hosts,-11.0,-10.75,0.0,38214.0
Host normalized,Normal: problematic hosts,-10.75,-10.5,0.0,38214.0
Host normalized,Normal: problematic hosts,-10.5,-10.25,0.0,38214.0
Host normalized,Normal: problematic hosts,-10.25,-10.0,0.0,38214.0
Host normalized,Normal: problematic hosts,-10.0,-9.75,0.0,38214.0
Host normalized,Normal: problematic hosts,-9.75,-9.5,0.0,38214.0
Host normalized,Normal: problematic hosts,-9.5,-9.25,0.0,38214.0
Host normalized,Normal: problematic hosts,-9.25,-9.0,0.0,38214.0
Host normalized,Normal: problematic hosts,-9.0,-8.75,0.0,38214.0
Host normalized,Normal: problematic hosts,-8.75,-8.5,0.0,38214.0
Host normalized,Normal: problematic hosts,-8.5,-8.25,0.0,38214.0
Host normalized,Normal: problematic hosts,-8.25,-8.0,0.0,38214.0
Host normalized,Normal: problematic hosts,-8.0,-7.75,0.0,38214.0
Host normalized,Normal: problematic hosts,-7.75,-7.5,0.0,38214.0
Host normalized,Normal: problematic hosts,-7.5,-7.25,0.0,38214.0
Host normalized,Normal: problematic hosts,-7.25,-7.0,0.0,38214.0
Host normalized,Normal: problematic hosts,-7.0,-6.75,0.0,38214.0
Host normalized,Normal: problematic hosts,-6.75,-6.5,0.0,38214.0
Host normalized,Normal: problematic hosts,-6.5,-6.25,0.0,38214.0
Host normalized,Normal: problematic hosts,-6.25,-6.0,0.0,38214.0
Host normalized,Normal: problematic hosts,-6.0,-5.75,0.0,38214.0
Host normalized,Normal: problematic hosts,-5.75,-5.5,0.0,38214.0
Host normalized,Normal: problematic hosts,-5.5,-5.25,0.0,38214.0
Host normalized,Normal: problematic hosts,-5.25,-5.0,0.0,38214.0
Host normalized,Normal: problematic hosts,-5.0,-4.75,0.0,38214.0
Host normalized,Normal: problematic hosts,-4.75,-4.5,0.0,38214.0
Host normalized,Normal: problematic hosts,-4.5,-4.25,0.0,38214.0
Host normalized,Normal: problematic hosts,-4.25,-4.0,0.0,38214.0
Host normalized,Normal: problematic hosts,-4.0,-3.75,0.0,38214.0
Host normalized,Normal: problematic hosts,-3.75,-3.5,0.0,38214.0
Host normalized,Normal: problematic hosts,-3.5,-3.25,0.0,38214.0
Host normalized,Normal: problematic hosts,-3.25,-3.0,0.0,38214.0
Host normalized,Normal: problematic hosts,-3.0,-2.75,0.0,38214.0
Host normalized,Normal: problematic hosts,-2.75,-2.5,0.0,38214.0
Host normalized,Normal: problematic hosts,-2.5,-2.25,0.0,38214.0
Host normalized,Normal: problematic hosts,-2.25,-2.0,0.0,38214.0
Host normalized,Normal: problematic hosts,-2.0,-1.75,0.0,38214.0
Host normalized,Normal: problematic hosts,-1.75,-1.5,0.0,38214.0
Host normalized,Normal: problematic hosts,-1.5,-1.25,0.0,38214.0
Host normalized,Normal: problematic hosts,-1.25,-1.0,0.0,38214.0
Host normalized,Normal: problematic hosts,-1.0,-0.75,0.0,38214.0
Host normalized,Normal: problematic hosts,-0.75,-0.5,0.0,38214.0
Host normalized,Normal: problematic hosts,-0.5,-0.25,26057.0,38214.0
Host normalized,Normal: problematic hosts,-0.25,0.0,11106.9,38214.0
Host normalized,Normal: problematic hosts,0.0,0.25,315.1,38214.0
Host normalized,Normal: problematic hosts,0.25,0.5,348.0,38214.0
Host normalized,Normal: problematic hosts,0.5,0.75,341.0,38214.0
Host normalized,Normal: problematic hosts,0.75,1.0,46.0,38214.0
Host normalized,Normal: problematic hosts,1.0,1.25,0.0,38214.0
Host normalized,Normal: problematic hosts,1.25,1.5,0.0,38214.0
Host normalized,Normal: problematic hosts,1.5,1.75,0.0,38214.0
Host normalized,Normal: problematic hosts,1.75,2.0,0.0,38214.0
Host normalized,Normal: problematic hosts,2.0,2.25,0.0,38214.0
Host normalized,Normal: problematic hosts,2.25,2.5,0.0,38214.0
Host normalized,Normal: problematic hosts,2.5,2.75,0.0,38214.0
Host normalized,Normal: problematic hosts,2.75,3.0,0.0,38214.0
Host normalized,Normal: problematic hosts,3.0,3.25,0.0,38214.0
Host normalized,Normal: problematic hosts,3.25,3.5,0.0,38214.0
Host normalized,Normal: problematic hosts,3.5,3.75,0.0,38214.0
Host normalized,Normal: problematic hosts,3.75,4.0,0.0,38214.0
Host normalized,Normal: problematic hosts,4.0,4.25,0.0,38214.0
Host normalized,Normal: problematic hosts,4.25,4.5,0.0,38214.0
Host normalized,Normal: problematic hosts,4.5,4.75,0.0,38214.0
Host normalized,Normal: problematic hosts,4.75,5.0,0.0,38214.0
Host normalized,Normal: problematic hosts,5.0,5.25,0.0,38214.0
Host normalized,Normal: problematic hosts,5.25,5.5,0.0,38214.0
Host normalized,Normal: problematic hosts,5.5,5.75,0.0,38214.0
Host normalized,Normal: problematic hosts,5.75,6.0,0.0,38214.0
Host normalized,Normal: problematic hosts,6.0,6.25,0.0,38214.0
Host normalized,Normal: problematic hosts,6.25,6.5,0.0,38214.0
Host normalized,Normal: problematic hosts,6.5,6.75,0.0,38214.0
Host normalized,Normal: problematic hosts,6.75,7.0,0.0,38214.0
Host normalized,Normal: problematic hosts,7.0,7.25,0.0,38214.0
Host normalized,Normal: problematic hosts,7.25,7.5,0.0,38214.0
Host normalized,Normal: problematic hosts,7.5,7.75,0.0,38214.0
Host normalized,Normal: problematic hosts,7.75,8.0,0.0,38214.0
Host normalized,Normal: problematic hosts,8.0,8.25,0.0,38214.0
Host normalized,Normal: problematic hosts,8.25,8.5,0.0,38214.0
Host normalized,Normal: problematic hosts,8.5,8.75,0.0,38214.0
Host normalized,Normal: problematic hosts,8.75,9.0,0.0,38214.0
Host normalized,Normal: problematic hosts,9.0,9.25,0.0,38214.0
Host normalized,Normal: problematic hosts,9.25,9.5,0.0,38214.0
Host normalized,Normal: problematic hosts,9.5,9.75,0.0,38214.0
Host normalized,Normal: problematic hosts,9.75,10.0,0.0,38214.0
Host normalized,Normal: problematic hosts,10.0,10.25,0.0,38214.0
Host normalized,Normal: problematic hosts,10.25,10.5,0.0,38214.0
Host normalized,Normal: problematic hosts,10.5,10.75,0.0,38214.0
Host normalized,Normal: problematic hosts,10.75,11.0,0.0,38214.0
Host normalized,Normal: problematic hosts,11.0,11.25,0.0,38214.0
Host normalized,Normal: problematic hosts,11.25,11.5,0.0,38214.0
Host normalized,Normal: problematic hosts,11.5,11.75,0.0,38214.0
Host normalized,Normal: problematic hosts,11.75,12.0,0.0,38214.0
Raw,Attack,-12.0,-11.75,0.0,451099.0
Raw,Attack,-11.75,-11.5,0.0,451099.0
Raw,Attack,-11.5,-11.25,0.0,451099.0
Raw,Attack,-11.25,-11.0,0.0,451099.0
Raw,Attack,-11.0,-10.75,0.0,451099.0
Raw,Attack,-10.75,-10.5,0.0,451099.0
Raw,Attack,-10.5,-10.25,0.0,451099.0
Raw,Attack,-10.25,-10.0,0.0,451099.0
Raw,Attack,-10.0,-9.75,0.0,451099.0
Raw,Attack,-9.75,-9.5,0.0,451099.0
Raw,Attack,-9.5,-9.25,0.0,451099.0
Raw,Attack,-9.25,-9.0,0.0,451099.0
Raw,Attack,-9.0,-8.75,0.0,451099.0
Raw,Attack,-8.75,-8.5,0.0,451099.0
Raw,Attack,-8.5,-8.25,0.0,451099.0
Raw,Attack,-8.25,-8.0,0.0,451099.0
Raw,Attack,-8.0,-7.75,0.0,451099.0
Raw,Attack,-7.75,-7.5,0.0,451099.0
Raw,Attack,-7.5,-7.25,0.0,451099.0
Raw,Attack,-7.25,-7.0,0.0,451099.0
Raw,Attack,-7.0,-6.75,0.0,451099.0
Raw,Attack,-6.75,-6.5,0.0,451099.0
Raw,Attack,-6.5,-6.25,0.0,451099.0
Raw,Attack,-6.25,-6.0,0.0,451099.0
Raw,Attack,-6.0,-5.75,0.0,451099.0
Raw,Attack,-5.75,-5.5,0.0,451099.0
Raw,Attack,-5.5,-5.25,0.0,451099.0
Raw,Attack,-5.25,-5.0,0.0,451099.0
Raw,Attack,-5.0,-4.75,0.0,451099.0
Raw,Attack,-4.75,-4.5,0.0,451099.0
Raw,Attack,-4.5,-4.25,0.0,451099.0
Raw,Attack,-4.25,-4.0,0.0,451099.0
Raw,Attack,-4.0,-3.75,0.0,451099.0
Raw,Attack,-3.75,-3.5,0.0,451099.0
Raw,Attack,-3.5,-3.25,0.0,451099.0
Raw,Attack,-3.25,-3.0,0.0,451099.0
Raw,Attack,-3.0,-2.75,0.0,451099.0
Raw,Attack,-2.75,-2.5,0.0,451099.0
Raw,Attack,-2.5,-2.25,0.0,451099.0
Raw,Attack,-2.25,-2.0,0.0,451099.0
Raw,Attack,-2.0,-1.75,0.0,451099.0
Raw,Attack,-1.75,-1.5,0.0,451099.0
Raw,Attack,-1.5,-1.25,0.0,451099.0
Raw,Attack,-1.25,-1.0,0.0,451099.0
Raw,Attack,-1.0,-0.75,0.0,451099.0
Raw,Attack,-0.75,-0.5,0.0,451099.0
Raw,Attack,-0.5,-0.25,0.0,451099.0
Raw,Attack,-0.25,0.0,0.0,451099.0
Raw,Attack,0.0,0.25,0.0,451099.0
Raw,Attack,0.25,0.5,0.0,451099.0
Raw,Attack,0.5,0.75,0.0,451099.0
Raw,Attack,0.75,1.0,0.0,451099.0
Raw,Attack,1.0,1.25,0.0,451099.0
Raw,Attack,1.25,1.5,0.0,451099.0
Raw,Attack,1.5,1.75,0.0,451099.0
Raw,Attack,1.75,2.0,80208.0,451099.0
Raw,Attack,2.0,2.25,2888.0,451099.0
Raw,Attack,2.25,2.5,29267.0,451099.0
Raw,Attack,2.5,2.75,2.0,451099.0
Raw,Attack,2.75,3.0,121.0,451099.0
Raw,Attack,3.0,3.25,338613.0,451099.0
Raw,Attack,3.25,3.5,0.0,451099.0
Raw,Attack,3.5,3.75,0.0,451099.0
Raw,Attack,3.75,4.0,0.0,451099.0
Raw,Attack,4.0,4.25,0.0,451099.0
Raw,Attack,4.25,4.5,0.0,451099.0
Raw,Attack,4.5,4.75,0.0,451099.0
Raw,Attack,4.75,5.0,0.0,451099.0
Raw,Attack,5.0,5.25,0.0,451099.0
Raw,Attack,5.25,5.5,0.0,451099.0
Raw,Attack,5.5,5.75,0.0,451099.0
Raw,Attack,5.75,6.0,0.0,451099.0
Raw,Attack,6.0,6.25,0.0,451099.0
Raw,Attack,6.25,6.5,0.0,451099.0
Raw,Attack,6.5,6.75,0.0,451099.0
Raw,Attack,6.75,7.0,0.0,451099.0
Raw,Attack,7.0,7.25,0.0,451099.0
Raw,Attack,7.25,7.5,0.0,451099.0
Raw,Attack,7.5,7.75,0.0,451099.0
Raw,Attack,7.75,8.0,0.0,451099.0
Raw,Attack,8.0,8.25,0.0,451099.0
Raw,Attack,8.25,8.5,0.0,451099.0
Raw,Attack,8.5,8.75,0.0,451099.0
Raw,Attack,8.75,9.0,0.0,451099.0
Raw,Attack,9.0,9.25,0.0,451099.0
Raw,Attack,9.25,9.5,0.0,451099.0
Raw,Attack,9.5,9.75,0.0,451099.0
Raw,Attack,9.75,10.0,0.0,451099.0
Raw,Attack,10.0,10.25,0.0,451099.0
Raw,Attack,10.25,10.5,0.0,451099.0
Raw,Attack,10.5,10.75,0.0,451099.0
Raw,Attack,10.75,11.0,0.0,451099.0
Raw,Attack,11.0,11.25,0.0,451099.0
Raw,Attack,11.25,11.5,0.0,451099.0
Raw,Attack,11.5,11.75,0.0,451099.0
Raw,Attack,11.75,12.0,0.0,451099.0
Raw,Normal: other hosts,-12.0,-11.75,0.0,45528.0
Raw,Normal: other hosts,-11.75,-11.5,0.0,45528.0
Raw,Normal: other hosts,-11.5,-11.25,0.0,45528.0
Raw,Normal: other hosts,-11.25,-11.0,0.0,45528.0
Raw,Normal: other hosts,-11.0,-10.75,0.0,45528.0
Raw,Normal: other hosts,-10.75,-10.5,0.0,45528.0
Raw,Normal: other hosts,-10.5,-10.25,0.0,45528.0
Raw,Normal: other hosts,-10.25,-10.0,0.0,45528.0
Raw,Normal: other hosts,-10.0,-9.75,0.0,45528.0
Raw,Normal: other hosts,-9.75,-9.5,0.0,45528.0
Raw,Normal: other hosts,-9.5,-9.25,0.0,45528.0
Raw,Normal: other hosts,-9.25,-9.0,0.0,45528.0
Raw,Normal: other hosts,-9.0,-8.75,0.0,45528.0
Raw,Normal: other hosts,-8.75,-8.5,0.0,45528.0
Raw,Normal: other hosts,-8.5,-8.25,0.0,45528.0
Raw,Normal: other hosts,-8.25,-8.0,0.0,45528.0
Raw,Normal: other hosts,-8.0,-7.75,0.0,45528.0
Raw,Normal: other hosts,-7.75,-7.5,0.0,45528.0
Raw,Normal: other hosts,-7.5,-7.25,0.0,45528.0
Raw,Normal: other hosts,-7.25,-7.0,0.0,45528.0
Raw,Normal: other hosts,-7.0,-6.75,0.0,45528.0
Raw,Normal: other hosts,-6.75,-6.5,0.0,45528.0
Raw,Normal: other hosts,-6.5,-6.25,0.0,45528.0
Raw,Normal: other hosts,-6.25,-6.0,0.0,45528.0
Raw,Normal: other hosts,-6.0,-5.75,0.0,45528.0
Raw,Normal: other hosts,-5.75,-5.5,0.0,45528.0
Raw,Normal: other hosts,-5.5,-5.25,0.0,45528.0
Raw,Normal: other hosts,-5.25,-5.0,0.0,45528.0
Raw,Normal: other hosts,-5.0,-4.75,0.0,45528.0
Raw,Normal: other hosts,-4.75,-4.5,0.0,45528.0
Raw,Normal: other hosts,-4.5,-4.25,0.0,45528.0
Raw,Normal: other hosts,-4.25,-4.0,0.0,45528.0
Raw,Normal: other hosts,-4.0,-3.75,0.0,45528.0
Raw,Normal: other hosts,-3.75,-3.5,0.0,45528.0
Raw,Normal: other hosts,-3.5,-3.25,0.0,45528.0
Raw,Normal: other hosts,-3.25,-3.0,0.0,45528.0
Raw,Normal: other hosts,-3.0,-2.75,0.0,45528.0
Raw,Normal: other hosts,-2.75,-2.5,0.0,45528.0
Raw,Normal: other hosts,-2.5,-2.25,0.0,45528.0
Raw,Normal: other hosts,-2.25,-2.0,0.0,45528.0
Raw,Normal: other hosts,-2.0,-1.75,0.0,45528.0
Raw,Normal: other hosts,-1.75,-1.5,0.0,45528.0
Raw,Normal: other hosts,-1.5,-1.25,0.0,45528.0
Raw,Normal: other hosts,-1.25,-1.0,0.0,45528.0
Raw,Normal: other hosts,-1.0,-0.75,0.0,45528.0
Raw,Normal: other hosts,-0.75,-0.5,0.0,45528.0
Raw,Normal: other hosts,-0.5,-0.25,0.0,45528.0
Raw,Normal: other hosts,-0.25,0.0,0.0,45528.0
Raw,Normal: other hosts,0.0,0.25,0.0,45528.0
Raw,Normal: other hosts,0.25,0.5,0.0,45528.0
Raw,Normal: other hosts,0.5,0.75,0.0,45528.0
Raw,Normal: other hosts,0.75,1.0,0.0,45528.0
Raw,Normal: other hosts,1.0,1.25,0.0,45528.0
Raw,Normal: other hosts,1.25,1.5,0.0,45528.0
Raw,Normal: other hosts,1.5,1.75,6459.0,45528.0
Raw,Normal: other hosts,1.75,2.0,6942.0,45528.0
Raw,Normal: other hosts,2.0,2.25,601.0,45528.0
Raw,Normal: other hosts,2.25,2.5,447.0,45528.0
Raw,Normal: other hosts,2.5,2.75,396.0,45528.0
Raw,Normal: other hosts,2.75,3.0,693.0,45528.0
Raw,Normal: other hosts,3.0,3.25,25428.0,45528.0
Raw,Normal: other hosts,3.25,3.5,3189.0,45528.0
Raw,Normal: other hosts,3.5,3.75,959.0,45528.0
Raw,Normal: other hosts,3.75,4.0,317.0,45528.0
Raw,Normal: other hosts,4.0,4.25,15.0,45528.0
Raw,Normal: other hosts,4.25,4.5,17.0,45528.0
Raw,Normal: other hosts,4.5,4.75,19.0,45528.0
Raw,Normal: other hosts,4.75,5.0,46.0,45528.0
Raw,Normal: other hosts,5.0,5.25,0.0,45528.0
Raw,Normal: other hosts,5.25,5.5,0.0,45528.0
Raw,Normal: other hosts,5.5,5.75,0.0,45528.0
Raw,Normal: other hosts,5.75,6.0,0.0,45528.0
Raw,Normal: other hosts,6.0,6.25,0.0,45528.0
Raw,Normal: other hosts,6.25,6.5,0.0,45528.0
Raw,Normal: other hosts,6.5,6.75,0.0,45528.0
Raw,Normal: other hosts,6.75,7.0,0.0,45528.0
Raw,Normal: other hosts,7.0,7.25,0.0,45528.0
Raw,Normal: other hosts,7.25,7.5,0.0,45528.0
Raw,Normal: other hosts,7.5,7.75,0.0,45528.0
Raw,Normal: other hosts,7.75,8.0,0.0,45528.0
Raw,Normal: other hosts,8.0,8.25,0.0,45528.0
Raw,Normal: other hosts,8.25,8.5,0.0,45528.0
Raw,Normal: other hosts,8.5,8.75,0.0,45528.0
Raw,Normal: other hosts,8.75,9.0,0.0,45528.0
Raw,Normal: other hosts,9.0,9.25,0.0,45528.0
Raw,Normal: other hosts,9.25,9.5,0.0,45528.0
Raw,Normal: other hosts,9.5,9.75,0.0,45528.0
Raw,Normal: other hosts,9.75,10.0,0.0,45528.0
Raw,Normal: other hosts,10.0,10.25,0.0,45528.0
Raw,Normal: other hosts,10.25,10.5,0.0,45528.0
Raw,Normal: other hosts,10.5,10.75,0.0,45528.0
Raw,Normal: other hosts,10.75,11.0,0.0,45528.0
Raw,Normal: other hosts,11.0,11.25,0.0,45528.0
Raw,Normal: other hosts,11.25,11.5,0.0,45528.0
Raw,Normal: other hosts,11.5,11.75,0.0,45528.0
Raw,Normal: other hosts,11.75,12.0,0.0,45528.0
Raw,Normal: problematic hosts,-12.0,-11.75,0.0,38214.0
Raw,Normal: problematic hosts,-11.75,-11.5,0.0,38214.0
Raw,Normal: problematic hosts,-11.5,-11.25,0.0,38214.0
Raw,Normal: problematic hosts,-11.25,-11.0,0.0,38214.0
Raw,Normal: problematic hosts,-11.0,-10.75,0.0,38214.0
Raw,Normal: problematic hosts,-10.75,-10.5,0.0,38214.0
Raw,Normal: problematic hosts,-10.5,-10.25,0.0,38214.0
Raw,Normal: problematic hosts,-10.25,-10.0,0.0,38214.0
Raw,Normal: problematic hosts,-10.0,-9.75,0.0,38214.0
Raw,Normal: problematic hosts,-9.75,-9.5,0.0,38214.0
Raw,Normal: problematic hosts,-9.5,-9.25,0.0,38214.0
Raw,Normal: problematic hosts,-9.25,-9.0,0.0,38214.0
Raw,Normal: problematic hosts,-9.0,-8.75,0.0,38214.0
Raw,Normal: problematic hosts,-8.75,-8.5,0.0,38214.0
Raw,Normal: problematic hosts,-8.5,-8.25,0.0,38214.0
Raw,Normal: problematic hosts,-8.25,-8.0,0.0,38214.0
Raw,Normal: problematic hosts,-8.0,-7.75,0.0,38214.0
Raw,Normal: problematic hosts,-7.75,-7.5,0.0,38214.0
Raw,Normal: problematic hosts,-7.5,-7.25,0.0,38214.0
Raw,Normal: problematic hosts,-7.25,-7.0,0.0,38214.0
Raw,Normal: problematic hosts,-7.0,-6.75,0.0,38214.0
Raw,Normal: problematic hosts,-6.75,-6.5,0.0,38214.0
Raw,Normal: problematic hosts,-6.5,-6.25,0.0,38214.0
Raw,Normal: problematic hosts,-6.25,-6.0,0.0,38214.0
Raw,Normal: problematic hosts,-6.0,-5.75,0.0,38214.0
Raw,Normal: problematic hosts,-5.75,-5.5,0.0,38214.0
Raw,Normal: problematic hosts,-5.5,-5.25,0.0,38214.0
Raw,Normal: problematic hosts,-5.25,-5.0,0.0,38214.0
Raw,Normal: problematic hosts,-5.0,-4.75,0.0,38214.0
Raw,Normal: problematic hosts,-4.75,-4.5,0.0,38214.0
Raw,Normal: problematic hosts,-4.5,-4.25,0.0,38214.0
Raw,Normal: problematic hosts,-4.25,-4.0,0.0,38214.0
Raw,Normal: problematic hosts,-4.0,-3.75,0.0,38214.0
Raw,Normal: problematic hosts,-3.75,-3.5,0.0,38214.0
Raw,Normal: problematic hosts,-3.5,-3.25,0.0,38214.0
Raw,Normal: problematic hosts,-3.25,-3.0,0.0,38214.0
Raw,Normal: problematic hosts,-3.0,-2.75,0.0,38214.0
Raw,Normal: problematic hosts,-2.75,-2.5,0.0,38214.0
Raw,Normal: problematic hosts,-2.5,-2.25,0.0,38214.0
Raw,Normal: problematic hosts,-2.25,-2.0,0.0,38214.0
Raw,Normal: problematic hosts,-2.0,-1.75,0.0,38214.0
Raw,Normal: problematic hosts,-1.75,-1.5,0.0,38214.0
Raw,Normal: problematic hosts,-1.5,-1.25,0.0,38214.0
Raw,Normal: problematic hosts,-1.25,-1.0,0.0,38214.0
Raw,Normal: problematic hosts,-1.0,-0.75,0.0,38214.0
Raw,Normal: problematic hosts,-0.75,-0.5,0.0,38214.0
Raw,Normal: problematic hosts,-0.5,-0.25,0.0,38214.0
Raw,Normal: problematic hosts,-0.25,0.0,0.0,38214.0
Raw,Normal: problematic hosts,0.0,0.25,0.0,38214.0
Raw,Normal: problematic hosts,0.25,0.5,0.0,38214.0
Raw,Normal: problematic hosts,0.5,0.75,0.0,38214.0
Raw,Normal: problematic hosts,0.75,1.0,0.0,38214.0
Raw,Normal: problematic hosts,1.0,1.25,0.0,38214.0
Raw,Normal: problematic hosts,1.25,1.5,0.0,38214.0
Raw,Normal: problematic hosts,1.5,1.75,0.0,38214.0
Raw,Normal: problematic hosts,1.75,2.0,34980.0,38214.0
Raw,Normal: problematic hosts,2.0,2.25,1501.0,38214.0
Raw,Normal: problematic hosts,2.25,2.5,700.0,38214.0
Raw,Normal: problematic hosts,2.5,2.75,429.0,38214.0
Raw,Normal: problematic hosts,2.75,3.0,275.0,38214.0
Raw,Normal: problematic hosts,3.0,3.25,319.0,38214.0
Raw,Normal: problematic hosts,3.25,3.5,6.0,38214.0
Raw,Normal: problematic hosts,3.5,3.75,4.0,38214.0
Raw,Normal: problematic hosts,3.75,4.0,0.0,38214.0
Raw,Normal: problematic hosts,4.0,4.25,0.0,38214.0
Raw,Normal: problematic hosts,4.25,4.5,0.0,38214.0
Raw,Normal: problematic hosts,4.5,4.75,0.0,38214.0
Raw,Normal: problematic hosts,4.75,5.0,0.0,38214.0
Raw,Normal: problematic hosts,5.0,5.25,0.0,38214.0
Raw,Normal: problematic hosts,5.25,5.5,0.0,38214.0
Raw,Normal: problematic hosts,5.5,5.75,0.0,38214.0
Raw,Normal: problematic hosts,5.75,6.0,0.0,38214.0
Raw,Normal: problematic hosts,6.0,6.25,0.0,38214.0
Raw,Normal: problematic hosts,6.25,6.5,0.0,38214.0
Raw,Normal: problematic hosts,6.5,6.75,0.0,38214.0
Raw,Normal: problematic hosts,6.75,7.0,0.0,38214.0
Raw,Normal: problematic hosts,7.0,7.25,0.0,38214.0
Raw,Normal: problematic hosts,7.25,7.5,0.0,38214.0
Raw,Normal: problematic hosts,7.5,7.75,0.0,38214.0
Raw,Normal: problematic hosts,7.75,8.0,0.0,38214.0
Raw,Normal: problematic hosts,8.0,8.25,0.0,38214.0
Raw,Normal: problematic hosts,8.25,8.5,0.0,38214.0
Raw,Normal: problematic hosts,8.5,8.75,0.0,38214.0
Raw,Normal: problematic hosts,8.75,9.0,0.0,38214.0
Raw,Normal: problematic hosts,9.0,9.25,0.0,38214.0
Raw,Normal: problematic hosts,9.25,9.5,0.0,38214.0
Raw,Normal: problematic hosts,9.5,9.75,0.0,38214.0
Raw,Normal: problematic hosts,9.75,10.0,0.0,38214.0
Raw,Normal: problematic hosts,10.0,10.25,0.0,38214.0
Raw,Normal: problematic hosts,10.25,10.5,0.0,38214.0
Raw,Normal: problematic hosts,10.5,10.75,0.0,38214.0
Raw,Normal: problematic hosts,10.75,11.0,0.0,38214.0
Raw,Normal: problematic hosts,11.0,11.25,0.0,38214.0
Raw,Normal: problematic hosts,11.25,11.5,0.0,38214.0
Raw,Normal: problematic hosts,11.5,11.75,0.0,38214.0
Raw,Normal: problematic hosts,11.75,12.0,0.0,38214.0
