Attack type,Original recall,Host-normalized recall,Combined recall,Delta,n_seeds,seeds,delta_recall,delta_recall_std,delta_recall_median,delta_recall_ci_95_low,delta_recall_ci_95_high,delta_recall_n,H1_original_default_threshold,H2_original_calibrated_threshold,H3_host_normalized_default_threshold,H4_host_normalized_calibrated_threshold
apt_exfil,1.0,1.0,1.0,0.0,10,"[1, 7, 13, 21, 42, 99, 123, 314, 2024, 2025]",0.0,0.0,0.0,0.0,0.0,10,1.0,1.0,1.0,1.0
http_flood,1.0,1.0,1.0,0.0,10,"[1, 7, 13, 21, 42, 99, 123, 314, 2024, 2025]",0.0,0.0,0.0,0.0,0.0,10,1.0,1.0,1.0,1.0
icmp_flood,1.0,1.0,1.0,0.0,10,"[1, 7, 13, 21, 42, 99, 123, 314, 2024, 2025]",0.0,0.0,0.0,0.0,0.0,10,1.0,1.0,1.0,1.0
insider_threat,0.998675385581658,0.9990238176374072,0.998675385581658,0.0,10,"[1, 7, 13, 21, 42, 99, 123, 314, 2024, 2025]",0.0,0.0,0.0,0.0,0.0,10,,,,
modbus_abuse,1.0,1.0,1.0,0.0,10,"[1, 7, 13, 21, 42, 99, 123, 314, 2024, 2025]",0.0,0.0,0.0,0.0,0.0,10,1.0,1.0,1.0,1.0
modbus_fdi,1.0,1.0,1.0,0.0,10,"[1, 7, 13, 21, 42, 99, 123, 314, 2024, 2025]",0.0,0.0,0.0,0.0,0.0,10,1.0,1.0,1.0,1.0
os_scan,0.9966695640538674,0.9959377960022204,0.4958367038070169,-0.5008328602468506,10,"[1, 7, 13, 21, 42, 99, 123, 314, 2024, 2025]",-0.5008328602468504,0.025268109848496985,-0.4931159420289856,-0.518908577127798,-0.4827571433659027,10,,,,
port_scan,1.0,1.0,0.999,-0.0010000000000000009,10,"[1, 7, 13, 21, 42, 99, 123, 314, 2024, 2025]",-0.0010000000000000009,0.003162277660168382,0.0,-0.003262157162798208,0.0012621571627982062,10,1.0,,1.0,
sql_injection,1.0,1.0,1.0,0.0,10,"[1, 7, 13, 21, 42, 99, 123, 314, 2024, 2025]",0.0,0.0,0.0,0.0,0.0,10,1.0,1.0,1.0,1.0
tcp_ack_flood,1.0,1.0,1.0,0.0,10,"[1, 7, 13, 21, 42, 99, 123, 314, 2024, 2025]",0.0,0.0,0.0,0.0,0.0,10,1.0,1.0,1.0,1.0
udp_flood,1.0,0.9998849224892996,0.99986864957778,-0.00013135042222001125,10,"[1, 7, 13, 21, 42, 99, 123, 314, 2024, 2025]",-0.00013135042222007788,2.5620535604945106e-05,-0.00013255417756968813,-0.00014967824929974267,-0.0001130225951404131,10,1.0,,,
vuln_scan,0.9972069495758674,0.9972069495758674,0.9821212446006602,-0.015085704975207226,10,"[1, 7, 13, 21, 42, 99, 123, 314, 2024, 2025]",-0.015085704975207236,0.010801094717829085,-0.007647956954450363,-0.02281234267364954,-0.007359067276764933,10,,,,
