protocol,condition,attack_type,n_seeds,seeds,recall,recall_std,recall_median,recall_ci_95_low,recall_ci_95_high,recall_n
trackb,H1_original_default_threshold,apt_exfil,10,"[1, 7, 13, 21, 42, 99, 123, 314, 2024, 2025]",1.0,0.0,1.0,1.0,1.0,10
trackb,H1_original_default_threshold,http_flood,10,"[1, 7, 13, 21, 42, 99, 123, 314, 2024, 2025]",1.0,0.0,1.0,1.0,1.0,10
trackb,H1_original_default_threshold,icmp_flood,10,"[1, 7, 13, 21, 42, 99, 123, 314, 2024, 2025]",1.0,0.0,1.0,1.0,1.0,10
trackb,H1_original_default_threshold,insider_threat,10,"[1, 7, 13, 21, 42, 99, 123, 314, 2024, 2025]",0.998675385581658,0.0017147874353690045,1.0,0.9974487005474951,0.9999020706158209,10
trackb,H1_original_default_threshold,modbus_abuse,10,"[1, 7, 13, 21, 42, 99, 123, 314, 2024, 2025]",1.0,0.0,1.0,1.0,1.0,10
trackb,H1_original_default_threshold,modbus_fdi,10,"[1, 7, 13, 21, 42, 99, 123, 314, 2024, 2025]",1.0,0.0,1.0,1.0,1.0,10
trackb,H1_original_default_threshold,os_scan,10,"[1, 7, 13, 21, 42, 99, 123, 314, 2024, 2025]",0.9966695640538674,0.002242656912268163,0.9974351395730705,0.9950652639439536,0.9982738641637813,10
trackb,H1_original_default_threshold,port_scan,10,"[1, 7, 13, 21, 42, 99, 123, 314, 2024, 2025]",1.0,0.0,1.0,1.0,1.0,10
trackb,H1_original_default_threshold,sql_injection,10,"[1, 7, 13, 21, 42, 99, 123, 314, 2024, 2025]",1.0,0.0,1.0,1.0,1.0,10
trackb,H1_original_default_threshold,tcp_ack_flood,10,"[1, 7, 13, 21, 42, 99, 123, 314, 2024, 2025]",1.0,0.0,1.0,1.0,1.0,10
trackb,H1_original_default_threshold,udp_flood,10,"[1, 7, 13, 21, 42, 99, 123, 314, 2024, 2025]",1.0,0.0,1.0,1.0,1.0,10
trackb,H1_original_default_threshold,vuln_scan,10,"[1, 7, 13, 21, 42, 99, 123, 314, 2024, 2025]",0.9972069495758674,0.000543970528992749,0.9972425303049914,0.996817816501308,0.9975960826504269,10
trackb,H2_original_calibrated_threshold,apt_exfil,10,"[1, 7, 13, 21, 42, 99, 123, 314, 2024, 2025]",1.0,0.0,1.0,1.0,1.0,10
trackb,H2_original_calibrated_threshold,http_flood,10,"[1, 7, 13, 21, 42, 99, 123, 314, 2024, 2025]",1.0,0.0,1.0,1.0,1.0,10
trackb,H2_original_calibrated_threshold,icmp_flood,10,"[1, 7, 13, 21, 42, 99, 123, 314, 2024, 2025]",1.0,0.0,1.0,1.0,1.0,10
trackb,H2_original_calibrated_threshold,insider_threat,10,"[1, 7, 13, 21, 42, 99, 123, 314, 2024, 2025]",0.995733048124958,0.003525118268942904,0.9966388450259418,0.9932113304269063,0.9982547658230096,10
trackb,H2_original_calibrated_threshold,modbus_abuse,10,"[1, 7, 13, 21, 42, 99, 123, 314, 2024, 2025]",1.0,0.0,1.0,1.0,1.0,10
trackb,H2_original_calibrated_threshold,modbus_fdi,10,"[1, 7, 13, 21, 42, 99, 123, 314, 2024, 2025]",1.0,0.0,1.0,1.0,1.0,10
trackb,H2_original_calibrated_threshold,os_scan,10,"[1, 7, 13, 21, 42, 99, 123, 314, 2024, 2025]",0.4973770224649023,0.02501200191433367,0.5054951690821257,0.4794845141633322,0.5152695307664723,10
trackb,H2_original_calibrated_threshold,port_scan,10,"[1, 7, 13, 21, 42, 99, 123, 314, 2024, 2025]",0.9993333333333332,0.0021081851067789683,1.0,0.9978252285581344,1.000841438108532,10
trackb,H2_original_calibrated_threshold,sql_injection,10,"[1, 7, 13, 21, 42, 99, 123, 314, 2024, 2025]",1.0,0.0,1.0,1.0,1.0,10
trackb,H2_original_calibrated_threshold,tcp_ack_flood,10,"[1, 7, 13, 21, 42, 99, 123, 314, 2024, 2025]",1.0,0.0,1.0,1.0,1.0,10
trackb,H2_original_calibrated_threshold,udp_flood,10,"[1, 7, 13, 21, 42, 99, 123, 314, 2024, 2025]",0.9999764434788645,5.013135270123158e-05,1.0,0.9999405816695041,1.000012305288225,10
trackb,H2_original_calibrated_threshold,vuln_scan,10,"[1, 7, 13, 21, 42, 99, 123, 314, 2024, 2025]",0.9775815254696294,0.013523654026247557,0.9711676437546612,0.9679072861679953,0.9872557647712635,10
trackb,H3_host_normalized_default_threshold,apt_exfil,10,"[1, 7, 13, 21, 42, 99, 123, 314, 2024, 2025]",1.0,0.0,1.0,1.0,1.0,10
trackb,H3_host_normalized_default_threshold,http_flood,10,"[1, 7, 13, 21, 42, 99, 123, 314, 2024, 2025]",1.0,0.0,1.0,1.0,1.0,10
trackb,H3_host_normalized_default_threshold,icmp_flood,10,"[1, 7, 13, 21, 42, 99, 123, 314, 2024, 2025]",1.0,0.0,1.0,1.0,1.0,10
trackb,H3_host_normalized_default_threshold,insider_threat,10,"[1, 7, 13, 21, 42, 99, 123, 314, 2024, 2025]",0.9990238176374072,0.0015755312088858392,1.0,0.9978967505065585,1.000150884768256,10
trackb,H3_host_normalized_default_threshold,modbus_abuse,10,"[1, 7, 13, 21, 42, 99, 123, 314, 2024, 2025]",1.0,0.0,1.0,1.0,1.0,10
trackb,H3_host_normalized_default_threshold,modbus_fdi,10,"[1, 7, 13, 21, 42, 99, 123, 314, 2024, 2025]",1.0,0.0,1.0,1.0,1.0,10
trackb,H3_host_normalized_default_threshold,os_scan,10,"[1, 7, 13, 21, 42, 99, 123, 314, 2024, 2025]",0.9959377960022204,0.0022291376081865727,0.9951980169481756,0.9943431670198453,0.9975324249845956,10
trackb,H3_host_normalized_default_threshold,port_scan,10,"[1, 7, 13, 21, 42, 99, 123, 314, 2024, 2025]",1.0,0.0,1.0,1.0,1.0,10
trackb,H3_host_normalized_default_threshold,sql_injection,10,"[1, 7, 13, 21, 42, 99, 123, 314, 2024, 2025]",1.0,0.0,1.0,1.0,1.0,10
trackb,H3_host_normalized_default_threshold,tcp_ack_flood,10,"[1, 7, 13, 21, 42, 99, 123, 314, 2024, 2025]",1.0,0.0,1.0,1.0,1.0,10
trackb,H3_host_normalized_default_threshold,udp_flood,10,"[1, 7, 13, 21, 42, 99, 123, 314, 2024, 2025]",0.9998849224892996,4.658080333414637e-05,0.9998748879862761,0.9998516005899488,0.9999182443886504,10
trackb,H3_host_normalized_default_threshold,vuln_scan,10,"[1, 7, 13, 21, 42, 99, 123, 314, 2024, 2025]",0.9972069495758674,0.000543970528992749,0.9972425303049914,0.996817816501308,0.9975960826504269,10
trackb,H4_host_normalized_calibrated_threshold,apt_exfil,10,"[1, 7, 13, 21, 42, 99, 123, 314, 2024, 2025]",1.0,0.0,1.0,1.0,1.0,10
trackb,H4_host_normalized_calibrated_threshold,http_flood,10,"[1, 7, 13, 21, 42, 99, 123, 314, 2024, 2025]",1.0,0.0,1.0,1.0,1.0,10
trackb,H4_host_normalized_calibrated_threshold,icmp_flood,10,"[1, 7, 13, 21, 42, 99, 123, 314, 2024, 2025]",1.0,0.0,1.0,1.0,1.0,10
trackb,H4_host_normalized_calibrated_threshold,insider_threat,10,"[1, 7, 13, 21, 42, 99, 123, 314, 2024, 2025]",0.998675385581658,0.0017147874353690045,1.0,0.9974487005474951,0.9999020706158209,10
trackb,H4_host_normalized_calibrated_threshold,modbus_abuse,10,"[1, 7, 13, 21, 42, 99, 123, 314, 2024, 2025]",1.0,0.0,1.0,1.0,1.0,10
trackb,H4_host_normalized_calibrated_threshold,modbus_fdi,10,"[1, 7, 13, 21, 42, 99, 123, 314, 2024, 2025]",1.0,0.0,1.0,1.0,1.0,10
trackb,H4_host_normalized_calibrated_threshold,os_scan,10,"[1, 7, 13, 21, 42, 99, 123, 314, 2024, 2025]",0.49583670380701694,0.02559778561659388,0.5013586956521738,0.47752515108863,0.514148256525404,10
trackb,H4_host_normalized_calibrated_threshold,port_scan,10,"[1, 7, 13, 21, 42, 99, 123, 314, 2024, 2025]",0.999,0.003162277660168382,1.0,0.9967378428372018,1.0012621571627982,10
trackb,H4_host_normalized_calibrated_threshold,sql_injection,10,"[1, 7, 13, 21, 42, 99, 123, 314, 2024, 2025]",1.0,0.0,1.0,1.0,1.0,10
trackb,H4_host_normalized_calibrated_threshold,tcp_ack_flood,10,"[1, 7, 13, 21, 42, 99, 123, 314, 2024, 2025]",1.0,0.0,1.0,1.0,1.0,10
trackb,H4_host_normalized_calibrated_threshold,udp_flood,10,"[1, 7, 13, 21, 42, 99, 123, 314, 2024, 2025]",0.9998686495777799,2.5620535604945106e-05,0.9998674458224304,0.9998503217507002,0.9998869774048595,10
trackb,H4_host_normalized_calibrated_threshold,vuln_scan,10,"[1, 7, 13, 21, 42, 99, 123, 314, 2024, 2025]",0.9821212446006602,0.010787403465589686,0.9899871143407396,0.9744044010340587,0.9898380881672617,10
