protocol,seed,condition,attack_type,recall
trackb,2025,H1_original_default_threshold,apt_exfil,1.0
trackb,2025,H1_original_default_threshold,http_flood,1.0
trackb,2025,H1_original_default_threshold,icmp_flood,1.0
trackb,2025,H1_original_default_threshold,insider_threat,0.9969604863221885
trackb,2025,H1_original_default_threshold,modbus_abuse,1.0
trackb,2025,H1_original_default_threshold,modbus_fdi,1.0
trackb,2025,H1_original_default_threshold,os_scan,0.9975903614457832
trackb,2025,H1_original_default_threshold,port_scan,1.0
trackb,2025,H1_original_default_threshold,sql_injection,1.0
trackb,2025,H1_original_default_threshold,tcp_ack_flood,1.0
trackb,2025,H1_original_default_threshold,udp_flood,1.0
trackb,2025,H1_original_default_threshold,vuln_scan,0.9979932271416029
trackb,2025,H2_original_calibrated_threshold,apt_exfil,1.0
trackb,2025,H2_original_calibrated_threshold,http_flood,1.0
trackb,2025,H2_original_calibrated_threshold,icmp_flood,1.0
trackb,2025,H2_original_calibrated_threshold,insider_threat,0.9969604863221885
trackb,2025,H2_original_calibrated_threshold,modbus_abuse,1.0
trackb,2025,H2_original_calibrated_threshold,modbus_fdi,1.0
trackb,2025,H2_original_calibrated_threshold,os_scan,0.5204819277108433
trackb,2025,H2_original_calibrated_threshold,port_scan,1.0
trackb,2025,H2_original_calibrated_threshold,sql_injection,1.0
trackb,2025,H2_original_calibrated_threshold,tcp_ack_flood,1.0
trackb,2025,H2_original_calibrated_threshold,udp_flood,0.9998967429785225
trackb,2025,H2_original_calibrated_threshold,vuln_scan,0.9719051799824407
trackb,2025,H3_host_normalized_default_threshold,apt_exfil,1.0
trackb,2025,H3_host_normalized_default_threshold,http_flood,1.0
trackb,2025,H3_host_normalized_default_threshold,icmp_flood,1.0
trackb,2025,H3_host_normalized_default_threshold,insider_threat,0.9969604863221885
trackb,2025,H3_host_normalized_default_threshold,modbus_abuse,1.0
trackb,2025,H3_host_normalized_default_threshold,modbus_fdi,1.0
trackb,2025,H3_host_normalized_default_threshold,os_scan,0.9951807228915662
trackb,2025,H3_host_normalized_default_threshold,port_scan,1.0
trackb,2025,H3_host_normalized_default_threshold,sql_injection,1.0
trackb,2025,H3_host_normalized_default_threshold,tcp_ack_flood,1.0
trackb,2025,H3_host_normalized_default_threshold,udp_flood,0.9998967429785225
trackb,2025,H3_host_normalized_default_threshold,vuln_scan,0.9979932271416029
trackb,2025,H4_host_normalized_calibrated_threshold,apt_exfil,1.0
trackb,2025,H4_host_normalized_calibrated_threshold,http_flood,1.0
trackb,2025,H4_host_normalized_calibrated_threshold,icmp_flood,1.0
trackb,2025,H4_host_normalized_calibrated_threshold,insider_threat,0.9969604863221885
trackb,2025,H4_host_normalized_calibrated_threshold,modbus_abuse,1.0
trackb,2025,H4_host_normalized_calibrated_threshold,modbus_fdi,1.0
trackb,2025,H4_host_normalized_calibrated_threshold,os_scan,0.5180722891566265
trackb,2025,H4_host_normalized_calibrated_threshold,port_scan,1.0
trackb,2025,H4_host_normalized_calibrated_threshold,sql_injection,1.0
trackb,2025,H4_host_normalized_calibrated_threshold,tcp_ack_flood,1.0
trackb,2025,H4_host_normalized_calibrated_threshold,udp_flood,0.9998967429785225
trackb,2025,H4_host_normalized_calibrated_threshold,vuln_scan,0.9897152891007149
