protocol,feature,applicable,train_mean,test_mean,train_std,standardized_mean_shift,ks_statistic,ks_p_value
scadanet_track_a,ip_ttl,True,66.22282703120675,98.57289377289378,16.28978804945365,1.985910844479774,0.48139264827020795,0.0
scadanet_track_a,frame_len,True,812.0587114741144,1048.264533820841,771.5262059154019,0.3061539848364227,0.43824294371146855,0.0
scadanet_track_a,ip_len,True,796.9672964020124,1034.0504578754578,772.7744104116495,0.306794788076838,0.43910472774801246,0.0
scadanet_track_a,Tcp_window_size,True,40798.45467231789,57850.69044502618,2736928.234807756,0.006230428535115046,0.4098705971004203,0.0
scadanet_track_a,Udp_length,True,1019.8443350146534,497.3794642857143,135.4380235802455,-3.857593731197536,0.66842352034815,3.5659805932616676e-99
scadanet_track_a,Tcp_len,True,291.85704271518233,1004.801234106208,1253.8074201796528,0.5686233626603285,0.3758960400714258,0.0
scadanet_track_a,Tcp_hdr_len,True,24.714831858866596,20.06955871353777,4.990155065734358,-0.9308875343827058,0.6008421107274629,0.0
scadanet_track_a,Http_content_length,True,4740.663903061224,25864.11224489796,91981.10720784137,0.22964985944457042,0.9132653061224489,3.470551294523141e-98
scadanet_track_a,Http_time,True,0.04113264668561873,0.16340085829411763,0.09012624268142636,1.3566327405957257,0.7993311036789298,3.044405730730528e-29
scadanet_track_a,Frame_time_delta,True,0.007460493148129132,0.007487582960420476,0.07817441799390508,0.00034653039941348347,0.33943464806123774,0.0
scadanet_track_b,ip_ttl,True,66.90667795864393,66.96240537471613,17.446513911163944,0.00319418632031365,0.0009437233434962389,0.9999992526621868
scadanet_track_b,frame_len,True,825.7435224338054,826.4846326304737,840.8136935382091,0.0008814202270536586,0.0014024084532356929,0.9962356826183257
scadanet_track_b,ip_len,True,810.7295815896612,811.4416067373202,841.9557693043001,0.0008456799912985275,0.001428203055394206,0.9951942292151715
scadanet_track_b,Tcp_window_size,True,44981.51945401099,36256.03137267317,3015781.5410971264,-0.002893275909555282,0.003294434089099907,0.9456950209532466
scadanet_track_b,Udp_length,True,1019.6021693255376,1019.1478642930269,136.22951956922734,-0.0033348501407567377,0.0009075306199541992,0.9999999999624836
scadanet_track_b,Tcp_len,True,351.0184807193689,353.69472584525766,1400.8962000692547,0.0019103807446665074,0.004222438452364585,0.756296295201081
scadanet_track_b,Tcp_hdr_len,True,24.59091016557779,24.577307838419653,4.9828948370338475,-0.0027298041807024814,0.0025216679122411767,0.9969761884146301
scadanet_track_b,Http_content_length,True,5731.798837209302,3995.9694189602446,108607.8823959656,-0.01598253625754826,0.03578692838347208,0.5026006978866724
scadanet_track_b,Http_time,True,0.06197883514606742,0.04920188130120481,0.1636396326108063,-0.0780798248016774,0.11213392897432428,0.37027935432602055
scadanet_track_b,Frame_time_delta,True,0.006971020512309504,0.007169690097426001,0.07704968255047556,0.0025784607871206615,0.002421696890579028,0.703197404262852
scadanet_temporal,ip_ttl,True,63.7171345072981,74.27599927654187,2.5634692521843188,4.118974612333116,0.25087346081725104,0.0
scadanet_temporal,frame_len,True,982.4805189255026,430.51184154762797,259.86154599335066,-2.124087560812089,0.7159562508439028,0.0
scadanet_temporal,ip_len,True,968.3070945440558,413.0911993813186,260.6301770208323,-2.1302824619512823,0.7159344613582207,0.0
scadanet_temporal,Tcp_window_size,True,72735.70982617949,33940.22155267881,5840495.300164601,-0.006642499699025067,0.3333769244975082,0.0
scadanet_temporal,Udp_length,True,1031.8175307038262,689.132361100103,13.292814391637373,-25.779730274373605,0.5412234334994784,0.0
scadanet_temporal,Tcp_len,True,135.13553860707106,390.58714629396263,121.86398183404648,2.096202699455232,0.3163839143774956,0.0
scadanet_temporal,Tcp_hdr_len,True,28.198415513775572,23.435353419635696,4.993114080308654,-0.9539261506008777,0.4412394635721824,0.0
scadanet_temporal,Http_content_length,True,161.66666666666666,5459.398932831136,148.92536348415905,35.57306923563749,0.3728813559322034,2.080000734329474e-06
scadanet_temporal,Http_time,True,0.0121945483,0.06178246716969697,0.02651727879583854,1.8700229104005575,0.3772727272727273,0.006530421712188892
scadanet_temporal,Frame_time_delta,True,0.0010766352525047476,0.022358048405971876,0.02355491715757854,0.9034807047334515,0.3732288050478568,0.0
scadanet_strict_causal,ip_ttl,True,63.7171345072981,74.27599927654187,2.5634692521843188,4.118974612333116,0.25087346081725104,0.0
scadanet_strict_causal,frame_len,True,982.4805189255026,430.51184154762797,259.86154599335066,-2.124087560812089,0.7159562508439028,0.0
scadanet_strict_causal,ip_len,True,968.3070945440558,413.0911993813186,260.6301770208323,-2.1302824619512823,0.7159344613582207,0.0
scadanet_strict_causal,Tcp_window_size,True,72735.70982617949,33940.22155267881,5840495.300164601,-0.006642499699025067,0.3333769244975082,0.0
scadanet_strict_causal,Udp_length,True,1031.8175307038262,689.132361100103,13.292814391637373,-25.779730274373605,0.5412234334994784,0.0
scadanet_strict_causal,Tcp_len,True,135.13553860707106,390.58714629396263,121.86398183404648,2.096202699455232,0.3163839143774956,0.0
scadanet_strict_causal,Tcp_hdr_len,True,28.198415513775572,23.435353419635696,4.993114080308654,-0.9539261506008777,0.4412394635721824,0.0
scadanet_strict_causal,Http_content_length,True,161.66666666666666,5459.398932831136,148.92536348415905,35.57306923563749,0.3728813559322034,2.080000734329474e-06
scadanet_strict_causal,Http_time,True,0.0121945483,0.06178246716969697,0.02651727879583854,1.8700229104005575,0.3772727272727273,0.006530421712188892
scadanet_strict_causal,Frame_time_delta,True,0.0010766352525047476,0.022358048405971876,0.02355491715757854,0.9034807047334515,0.3732288050478568,0.0
scadanet_fixed_training,ip_ttl,True,63.7171345072981,74.27599927654187,2.5634692521843188,4.118974612333116,0.25087346081725104,0.0
scadanet_fixed_training,frame_len,True,982.4805189255026,430.51184154762797,259.86154599335066,-2.124087560812089,0.7159562508439028,0.0
scadanet_fixed_training,ip_len,True,968.3070945440558,413.0911993813186,260.6301770208323,-2.1302824619512823,0.7159344613582207,0.0
scadanet_fixed_training,Tcp_window_size,True,72735.70982617949,33940.22155267881,5840495.300164601,-0.006642499699025067,0.3333769244975082,0.0
scadanet_fixed_training,Udp_length,True,1031.8175307038262,689.132361100103,13.292814391637373,-25.779730274373605,0.5412234334994784,0.0
scadanet_fixed_training,Tcp_len,True,135.13553860707106,390.58714629396263,121.86398183404648,2.096202699455232,0.3163839143774956,0.0
scadanet_fixed_training,Tcp_hdr_len,True,28.198415513775572,23.435353419635696,4.993114080308654,-0.9539261506008777,0.4412394635721824,0.0
scadanet_fixed_training,Http_content_length,True,161.66666666666666,5459.398932831136,148.92536348415905,35.57306923563749,0.3728813559322034,2.080000734329474e-06
scadanet_fixed_training,Http_time,True,0.0121945483,0.06178246716969697,0.02651727879583854,1.8700229104005575,0.3772727272727273,0.006530421712188892
scadanet_fixed_training,Frame_time_delta,True,0.0010766352525047476,0.022358048405971876,0.02355491715757854,0.9034807047334515,0.3732288050478568,0.0
