attack_type,n_seeds,seeds,train_count,train_count_std,train_count_median,train_count_ci_95_low,train_count_ci_95_high,train_count_n,test_count,test_count_std,test_count_median,test_count_ci_95_low,test_count_ci_95_high,test_count_n,static_trackb_recall,static_trackb_recall_std,static_trackb_recall_median,static_trackb_recall_ci_95_low,static_trackb_recall_ci_95_high,static_trackb_recall_n,strict_temporal_recall,strict_temporal_recall_std,strict_temporal_recall_median,strict_temporal_recall_ci_95_low,strict_temporal_recall_ci_95_high,strict_temporal_recall_n,delta_recall,delta_recall_std,delta_recall_median,delta_recall_ci_95_low,delta_recall_ci_95_high,delta_recall_n,config_id,comparison_source
apt_exfil,10,"[1, 7, 13, 21, 42, 99, 123, 314, 2024, 2025]",4.0,0.0,4.0,4.0,4.0,10,2421.0,0.0,2421.0,2421.0,2421.0,10,1.0,0.0,1.0,1.0,1.0,10.0,0.23106154481619162,0.3770427763955807,0.0033044196612969498,-0.03865860912474012,0.5007816987571234,10,-0.7689384551838083,0.3770427763955807,-0.9966955803387031,-1.03865860912474,-0.4992183012428766,10.0,418f8dc9a7bbb3a2d7e2e200dc7acf651ce430667ae2b4ec253bbefa73b8ea22,matched_track_b_reference
http_flood,10,"[1, 7, 13, 21, 42, 99, 123, 314, 2024, 2025]",19743.0,0.0,19743.0,19743.0,19743.0,10,9348.0,0.0,9348.0,9348.0,9348.0,10,1.0,0.0,1.0,1.0,1.0,10.0,1.0,0.0,1.0,1.0,1.0,10,0.0,0.0,0.0,0.0,0.0,10.0,418f8dc9a7bbb3a2d7e2e200dc7acf651ce430667ae2b4ec253bbefa73b8ea22,matched_track_b_reference
icmp_flood,10,"[1, 7, 13, 21, 42, 99, 123, 314, 2024, 2025]",1830.0,0.0,1830.0,1830.0,1830.0,10,16755.0,0.0,16755.0,16755.0,16755.0,10,1.0,0.0,1.0,1.0,1.0,10.0,1.0,0.0,1.0,1.0,1.0,10,0.0,0.0,0.0,0.0,0.0,10.0,418f8dc9a7bbb3a2d7e2e200dc7acf651ce430667ae2b4ec253bbefa73b8ea22,matched_track_b_reference
insider_threat,10,"[1, 7, 13, 21, 42, 99, 123, 314, 2024, 2025]",56.0,0.0,56.0,56.0,56.0,10,1446.0,0.0,1446.0,1446.0,1446.0,10,0.9562728764410153,0.010386251959489414,0.955612785941524,0.9488429993746432,0.9637027535073874,10.0,0.28409405255878284,0.2446781840938099,0.46369294605809125,0.10906182382691429,0.45912628129065136,10,-0.6721788238822324,0.24360327757810538,-0.4969000789841579,-0.8464421108148188,-0.49791553694964596,10.0,418f8dc9a7bbb3a2d7e2e200dc7acf651ce430667ae2b4ec253bbefa73b8ea22,matched_track_b_reference
modbus_abuse,10,"[1, 7, 13, 21, 42, 99, 123, 314, 2024, 2025]",98.0,0.0,98.0,98.0,98.0,10,498.0,0.0,498.0,498.0,498.0,10,0.0,0.0,0.0,0.0,0.0,10.0,0.0,0.0,0.0,0.0,0.0,10,0.0,0.0,0.0,0.0,0.0,10.0,418f8dc9a7bbb3a2d7e2e200dc7acf651ce430667ae2b4ec253bbefa73b8ea22,matched_track_b_reference
modbus_fdi,10,"[1, 7, 13, 21, 42, 99, 123, 314, 2024, 2025]",298.0,0.0,298.0,298.0,298.0,10,2636.0,0.0,2636.0,2636.0,2636.0,10,0.9624785932033527,0.0077333854351214456,0.9625804235284092,0.9569464625258056,0.9680107238808998,10.0,0.5646054628224582,0.4859756423911189,0.9355083459787557,0.21695943090444114,0.9122514947404752,10,-0.3978731303808945,0.4900146332110028,-0.0301740409656594,-0.7484084822750676,-0.04733777848672144,10.0,418f8dc9a7bbb3a2d7e2e200dc7acf651ce430667ae2b4ec253bbefa73b8ea22,matched_track_b_reference
port_scan,10,"[1, 7, 13, 21, 42, 99, 123, 314, 2024, 2025]",174.0,0.0,174.0,174.0,174.0,10,1387.0,0.0,1387.0,1387.0,1387.0,10,0.9719714685024614,0.015826818738781775,0.9677559082403494,0.960649644418128,0.9832932925867949,10.0,0.8875270367700072,0.24274843420972486,0.9668348954578226,0.7138752679445151,1.0611788055954994,10,-0.08444443173245422,0.23844766473428725,-0.01560000548810335,-0.25501961541270435,0.08613075194779587,10.0,418f8dc9a7bbb3a2d7e2e200dc7acf651ce430667ae2b4ec253bbefa73b8ea22,matched_track_b_reference
sql_injection,10,"[1, 7, 13, 21, 42, 99, 123, 314, 2024, 2025]",23.0,0.0,23.0,23.0,23.0,10,360.0,0.0,360.0,360.0,360.0,10,1.0,0.0,1.0,1.0,1.0,10.0,0.4961111111111111,0.44656170070632223,0.4805555555555555,0.17666011456883846,0.8155621076533838,10,-0.5038888888888888,0.4465617007063222,-0.5194444444444444,-0.8233398854311614,-0.18443789234661623,10.0,418f8dc9a7bbb3a2d7e2e200dc7acf651ce430667ae2b4ec253bbefa73b8ea22,matched_track_b_reference
tcp_ack_flood,10,"[1, 7, 13, 21, 42, 99, 123, 314, 2024, 2025]",956.0,0.0,956.0,956.0,956.0,10,5210.0,0.0,5210.0,5210.0,5210.0,10,1.0,0.0,1.0,1.0,1.0,10.0,0.9924760076775433,0.003074747148480045,0.9941458733205375,0.9902764660707645,0.9946755492843221,10,-0.007523992322456749,0.0030747471484800304,-0.0058541266794625,-0.009723533929235547,-0.005324450715677951,10.0,418f8dc9a7bbb3a2d7e2e200dc7acf651ce430667ae2b4ec253bbefa73b8ea22,matched_track_b_reference
tcp_syn_flood,10,"[1, 7, 13, 21, 42, 99, 123, 314, 2024, 2025]",784.0,0.0,784.0,784.0,784.0,10,5502.0,0.0,5502.0,5502.0,5502.0,10,,,,,,,0.6612504543802253,0.39971410865561413,0.9404761904761905,0.3753122063395231,0.9471887024209276,10,,,,,,,418f8dc9a7bbb3a2d7e2e200dc7acf651ce430667ae2b4ec253bbefa73b8ea22,matched_track_b_reference
vuln_scan,10,"[1, 7, 13, 21, 42, 99, 123, 314, 2024, 2025]",3093.0,0.0,3093.0,3093.0,3093.0,10,37777.0,0.0,37777.0,37777.0,37777.0,10,0.010996335379901339,0.0014002308503870465,0.010742692979818,0.009994670571123788,0.01199800018867889,10.0,0.00592159250337501,0.0004114253404121559,0.00587659157688535,0.0056272765448198425,0.006215908461930177,10,-0.00507474287652627,0.0016073951856387324,-0.004702422372893049,-0.006224604123196936,-0.003924881629855604,10.0,418f8dc9a7bbb3a2d7e2e200dc7acf651ce430667ae2b4ec253bbefa73b8ea22,matched_track_b_reference
