attack_type,seed,config_id,train_count,test_count,comparison_source,static_trackb_recall,strict_temporal_recall,delta_recall
apt_exfil,2025,418f8dc9a7bbb3a2d7e2e200dc7acf651ce430667ae2b4ec253bbefa73b8ea22,4,2421,matched_track_b_reference,1.0,0.0004130524576621231,-0.9995869475423379
http_flood,2025,418f8dc9a7bbb3a2d7e2e200dc7acf651ce430667ae2b4ec253bbefa73b8ea22,19743,9348,matched_track_b_reference,1.0,1.0,0.0
icmp_flood,2025,418f8dc9a7bbb3a2d7e2e200dc7acf651ce430667ae2b4ec253bbefa73b8ea22,1830,16755,matched_track_b_reference,1.0,1.0,0.0
insider_threat,2025,418f8dc9a7bbb3a2d7e2e200dc7acf651ce430667ae2b4ec253bbefa73b8ea22,56,1446,matched_track_b_reference,0.9483282674772037,0.46473029045643155,-0.4835979770207721
modbus_abuse,2025,418f8dc9a7bbb3a2d7e2e200dc7acf651ce430667ae2b4ec253bbefa73b8ea22,98,498,matched_track_b_reference,0.0,0.0,0.0
modbus_fdi,2025,418f8dc9a7bbb3a2d7e2e200dc7acf651ce430667ae2b4ec253bbefa73b8ea22,298,2636,matched_track_b_reference,0.9491803278688524,0.9374051593323217,-0.011775168536530711
port_scan,2025,418f8dc9a7bbb3a2d7e2e200dc7acf651ce430667ae2b4ec253bbefa73b8ea22,174,1387,matched_track_b_reference,0.9665653495440729,0.9668348954578226,0.0002695459137497247
sql_injection,2025,418f8dc9a7bbb3a2d7e2e200dc7acf651ce430667ae2b4ec253bbefa73b8ea22,23,360,matched_track_b_reference,1.0,0.002777777777777778,-0.9972222222222222
tcp_ack_flood,2025,418f8dc9a7bbb3a2d7e2e200dc7acf651ce430667ae2b4ec253bbefa73b8ea22,956,5210,matched_track_b_reference,1.0,0.9946257197696737,-0.005374280230326267
tcp_syn_flood,2025,418f8dc9a7bbb3a2d7e2e200dc7acf651ce430667ae2b4ec253bbefa73b8ea22,784,5502,matched_track_b_reference,,0.24772809887313704,
vuln_scan,2025,418f8dc9a7bbb3a2d7e2e200dc7acf651ce430667ae2b4ec253bbefa73b8ea22,3093,37777,matched_track_b_reference,0.010284710899285086,0.005320697779071922,-0.004964013120213165
