window,mode,n_flows,attack_rate,attack_type_counts,f1,auprc,recall,precision,fpr,per_attack_recall,tracked_attack_recall,new_nodes,cumulative_nodes,new_ip_pairs,cumulative_edges
14,causal,26742,0.8184129595756531,"{""http_flood"": 9348, ""vuln_scan"": 4749, ""icmp_flood"": 3176, ""tcp_syn_flood"": 1655, ""tcp_ack_flood"": 1654, ""modbus_fdi"": 753, ""port_scan"": 274, ""modbus_abuse"": 152, ""insider_threat"": 73, ""sql_injection"": 44, ""apt_exfil"": 8}",0.868868972286076,0.9878258543248657,0.7685278260074934,0.999346444061553,0.0022652388797364084,"{""apt_exfil"": 1.0, ""http_flood"": 1.0, ""icmp_flood"": 1.0, ""insider_threat"": 0.4520547945205479, ""modbus_abuse"": 0.0, ""modbus_fdi"": 0.9389110225763613, ""port_scan"": 0.9708029197080292, ""sql_injection"": 0.0, ""tcp_ack_flood"": 0.9963724304715841, ""tcp_syn_flood"": 0.9583081570996979, ""vuln_scan"": 0.01010739102969046}","{""vuln_scan"": 0.01010739102969046, ""modbus_fdi"": 0.9389110225763613, ""modbus_abuse"": 0.0, ""insider_threat"": 0.4520547945205479, ""apt_exfil"": 1.0}",1660,2468,1659,2479
15,causal,26742,0.7348365783691406,"{""vuln_scan"": 8329, ""icmp_flood"": 4605, ""tcp_syn_flood"": 2289, ""tcp_ack_flood"": 2269, ""modbus_fdi"": 1099, ""port_scan"": 403, ""modbus_abuse"": 223, ""apt_exfil"": 211, ""insider_threat"": 177, ""sql_injection"": 46}",0.707817578881702,0.9560752225968923,0.5485217037300901,0.9975013881177124,0.003807643491750106,"{""apt_exfil"": 0.8151658767772512, ""icmp_flood"": 1.0, ""insider_threat"": 0.4576271186440678, ""modbus_abuse"": 0.0, ""modbus_fdi"": 0.9262966333030027, ""port_scan"": 0.9702233250620348, ""sql_injection"": 0.021739130434782608, ""tcp_ack_flood"": 0.9938298810048479, ""tcp_syn_flood"": 0.9589340323285277, ""vuln_scan"": 0.007323808380357786}","{""vuln_scan"": 0.007323808380357786, ""modbus_fdi"": 0.9262966333030027, ""modbus_abuse"": 0.0, ""insider_threat"": 0.4576271186440678, ""apt_exfil"": 0.8151658767772512}",2292,4760,2293,4772
16,causal,26742,0.8123924732208252,"{""vuln_scan"": 11814, ""icmp_flood"": 4869, ""tcp_syn_flood"": 1558, ""tcp_ack_flood"": 1287, ""modbus_fdi"": 784, ""apt_exfil"": 558, ""port_scan"": 412, ""insider_threat"": 262, ""modbus_abuse"": 123, ""sql_injection"": 58}",0.6051535158002693,0.959189503615888,0.43456846950517836,0.9962013295346629,0.007175602949970101,"{""apt_exfil"": 0.8351254480286738, ""icmp_flood"": 1.0, ""insider_threat"": 0.45038167938931295, ""modbus_abuse"": 0.0, ""modbus_fdi"": 0.9400510204081632, ""port_scan"": 0.9635922330097088, ""sql_injection"": 0.017241379310344827, ""tcp_ack_flood"": 0.993006993006993, ""tcp_syn_flood"": 0.9672657252888318, ""vuln_scan"": 0.005755882850854918}","{""vuln_scan"": 0.005755882850854918, ""modbus_fdi"": 0.9400510204081632, ""modbus_abuse"": 0.0, ""insider_threat"": 0.45038167938931295, ""apt_exfil"": 0.8351254480286738}",1561,6321,1574,6346
17,causal,26742,0.7057811617851257,"{""vuln_scan"": 12885, ""icmp_flood"": 4105, ""apt_exfil"": 1021, ""insider_threat"": 480, ""port_scan"": 298, ""sql_injection"": 85}",0.4505543597449539,0.9045725920185684,0.29389636537035074,0.9648634545138285,0.02567361464158617,"{""apt_exfil"": 0.8550440744368266, ""icmp_flood"": 1.0, ""insider_threat"": 0.46875, ""port_scan"": 0.9630872483221476, ""sql_injection"": 0.0, ""vuln_scan"": 0.0044237485448195574}","{""vuln_scan"": 0.0044237485448195574, ""modbus_fdi"": null, ""modbus_abuse"": null, ""insider_threat"": 0.46875, ""apt_exfil"": 0.8550440744368266}",29,6350,58,6404
18,causal,26742,0.039413657039403915,"{""apt_exfil"": 604, ""insider_threat"": 386, ""sql_injection"": 64}",0.5691056910569107,0.4087187148542698,0.6309297912713473,0.5183164458300857,0.02405792587978823,"{""apt_exfil"": 0.8013245033112583, ""insider_threat"": 0.4689119170984456, ""sql_injection"": 0.0}","{""vuln_scan"": null, ""modbus_fdi"": null, ""modbus_abuse"": null, ""insider_threat"": 0.4689119170984456, ""apt_exfil"": 0.8013245033112583}",39,6389,78,6482
19,causal,26742,0.005609154235571623,"{""insider_threat"": 68, ""sql_injection"": 63, ""apt_exfil"": 19}",0.20964360587002095,0.19374989503588905,0.3333333333333333,0.1529051987767584,0.010416666666666666,"{""apt_exfil"": 1.0, ""insider_threat"": 0.45588235294117646, ""sql_injection"": 0.0}","{""vuln_scan"": null, ""modbus_fdi"": null, ""modbus_abuse"": null, ""insider_threat"": 0.45588235294117646, ""apt_exfil"": 1.0}",25,6414,53,6535
14,fixed,26742,0.8184129595756531,"{""http_flood"": 9348, ""vuln_scan"": 4749, ""icmp_flood"": 3176, ""tcp_syn_flood"": 1655, ""tcp_ack_flood"": 1654, ""modbus_fdi"": 753, ""port_scan"": 274, ""modbus_abuse"": 152, ""insider_threat"": 73, ""sql_injection"": 44, ""apt_exfil"": 8}",0.868868972286076,0.9878258543248657,0.7685278260074934,0.999346444061553,0.0022652388797364084,"{""apt_exfil"": 1.0, ""http_flood"": 1.0, ""icmp_flood"": 1.0, ""insider_threat"": 0.4520547945205479, ""modbus_abuse"": 0.0, ""modbus_fdi"": 0.9389110225763613, ""port_scan"": 0.9708029197080292, ""sql_injection"": 0.0, ""tcp_ack_flood"": 0.9963724304715841, ""tcp_syn_flood"": 0.9583081570996979, ""vuln_scan"": 0.01010739102969046}","{""vuln_scan"": 0.01010739102969046, ""modbus_fdi"": 0.9389110225763613, ""modbus_abuse"": 0.0, ""insider_threat"": 0.4520547945205479, ""apt_exfil"": 1.0}",1660,2468,1659,2479
15,fixed,26742,0.7348365783691406,"{""vuln_scan"": 8329, ""icmp_flood"": 4605, ""tcp_syn_flood"": 2289, ""tcp_ack_flood"": 2269, ""modbus_fdi"": 1099, ""port_scan"": 403, ""modbus_abuse"": 223, ""apt_exfil"": 211, ""insider_threat"": 177, ""sql_injection"": 46}",0.7074820994547724,0.9583133305346822,0.5480637117703934,0.9976841130152848,0.0035255958256945425,"{""apt_exfil"": 0.8009478672985783, ""icmp_flood"": 1.0, ""insider_threat"": 0.4576271186440678, ""modbus_abuse"": 0.0, ""modbus_fdi"": 0.9262966333030027, ""port_scan"": 0.9702233250620348, ""sql_injection"": 0.0, ""tcp_ack_flood"": 0.9929484354341119, ""tcp_syn_flood"": 0.9589340323285277, ""vuln_scan"": 0.006963621082963141}","{""vuln_scan"": 0.006963621082963141, ""modbus_fdi"": 0.9262966333030027, ""modbus_abuse"": 0.0, ""insider_threat"": 0.4576271186440678, ""apt_exfil"": 0.8009478672985783}",2292,4760,2293,4772
16,fixed,26742,0.8123924732208252,"{""vuln_scan"": 11814, ""icmp_flood"": 4869, ""tcp_syn_flood"": 1558, ""tcp_ack_flood"": 1287, ""modbus_fdi"": 784, ""apt_exfil"": 558, ""port_scan"": 412, ""insider_threat"": 262, ""modbus_abuse"": 123, ""sql_injection"": 58}",0.6048852416976536,0.9640059581237619,0.4342922899884925,0.9961989230281914,0.007175602949970101,"{""apt_exfil"": 0.8315412186379928, ""icmp_flood"": 1.0, ""insider_threat"": 0.45038167938931295, ""modbus_abuse"": 0.0, ""modbus_fdi"": 0.9400510204081632, ""port_scan"": 0.9635922330097088, ""sql_injection"": 0.0, ""tcp_ack_flood"": 0.993006993006993, ""tcp_syn_flood"": 0.9666238767650834, ""vuln_scan"": 0.00558659217877095}","{""vuln_scan"": 0.00558659217877095, ""modbus_fdi"": 0.9400510204081632, ""modbus_abuse"": 0.0, ""insider_threat"": 0.45038167938931295, ""apt_exfil"": 0.8315412186379928}",1561,6321,1574,6346
17,fixed,26742,0.7057811617851257,"{""vuln_scan"": 12885, ""icmp_flood"": 4105, ""apt_exfil"": 1021, ""insider_threat"": 480, ""port_scan"": 298, ""sql_injection"": 85}",0.45030261180389136,0.9056242120064915,0.29368443361237684,0.9648389904264578,0.02567361464158617,"{""apt_exfil"": 0.8511263467189031, ""icmp_flood"": 1.0, ""insider_threat"": 0.46875, ""port_scan"": 0.9630872483221476, ""sql_injection"": 0.0, ""vuln_scan"": 0.0044237485448195574}","{""vuln_scan"": 0.0044237485448195574, ""modbus_fdi"": null, ""modbus_abuse"": null, ""insider_threat"": 0.46875, ""apt_exfil"": 0.8511263467189031}",29,6350,58,6404
18,fixed,26742,0.039413657039403915,"{""apt_exfil"": 604, ""insider_threat"": 386, ""sql_injection"": 64}",0.5796847635726795,0.4287257324905879,0.6280834914611005,0.5382113821138211,0.022111491747119277,"{""apt_exfil"": 0.7963576158940397, ""insider_threat"": 0.4689119170984456, ""sql_injection"": 0.0}","{""vuln_scan"": null, ""modbus_fdi"": null, ""modbus_abuse"": null, ""insider_threat"": 0.4689119170984456, ""apt_exfil"": 0.7963576158940397}",39,6389,78,6482
19,fixed,26742,0.005609154235571623,"{""insider_threat"": 68, ""sql_injection"": 63, ""apt_exfil"": 19}",0.21786492374727667,0.20299500340588433,0.3333333333333333,0.16181229773462782,0.009739771359807461,"{""apt_exfil"": 1.0, ""insider_threat"": 0.45588235294117646, ""sql_injection"": 0.0}","{""vuln_scan"": null, ""modbus_fdi"": null, ""modbus_abuse"": null, ""insider_threat"": 0.45588235294117646, ""apt_exfil"": 1.0}",25,6414,53,6535
