window,mode,n_seeds,seeds,n_flows,n_flows_std,n_flows_median,n_flows_ci_95_low,n_flows_ci_95_high,n_flows_n,attack_rate,attack_rate_std,attack_rate_median,attack_rate_ci_95_low,attack_rate_ci_95_high,attack_rate_n,f1,f1_std,f1_median,f1_ci_95_low,f1_ci_95_high,f1_n,auprc,auprc_std,auprc_median,auprc_ci_95_low,auprc_ci_95_high,auprc_n,recall,recall_std,recall_median,recall_ci_95_low,recall_ci_95_high,recall_n,precision,precision_std,precision_median,precision_ci_95_low,precision_ci_95_high,precision_n,fpr,fpr_std,fpr_median,fpr_ci_95_low,fpr_ci_95_high,fpr_n,new_nodes,new_nodes_std,new_nodes_median,new_nodes_ci_95_low,new_nodes_ci_95_high,new_nodes_n,cumulative_nodes,cumulative_nodes_std,cumulative_nodes_median,cumulative_nodes_ci_95_low,cumulative_nodes_ci_95_high,cumulative_nodes_n,new_ip_pairs,new_ip_pairs_std,new_ip_pairs_median,new_ip_pairs_ci_95_low,new_ip_pairs_ci_95_high,new_ip_pairs_n,cumulative_edges,cumulative_edges_std,cumulative_edges_median,cumulative_edges_ci_95_low,cumulative_edges_ci_95_high,cumulative_edges_n,attack_type_counts
14,causal,10,"[1, 7, 13, 21, 42, 99, 123, 314, 2024, 2025]",26742.0,0.0,26742.0,26742.0,26742.0,10,0.8184129595756531,0.0,0.8184129595756531,0.8184129595756531,0.8184129595756531,10,0.8436206275789896,0.027078892575995037,0.8467978173045636,0.8242495547687138,0.8629917003892654,10,0.9875485103341923,0.0003462406062556848,0.9876815416032332,0.9873008247253798,0.9877961959430048,10,0.730731974778397,0.03997677592847811,0.7346705656584118,0.7021343120395184,0.7593296375172757,10,0.9993362442655844,0.00017353228408250373,0.9993231064926489,0.9992121067477572,0.9994603817834117,10,0.0021828665568368695,0.0005840759853427468,0.002162273476112,0.0017650437671103147,0.002600689346563424,10,1660.0,0.0,1660.0,1660.0,1660.0,10,2468.0,0.0,2468.0,2468.0,2468.0,10,1659.0,0.0,1659.0,1659.0,1659.0,10,2479.0,0.0,2479.0,2479.0,2479.0,10,"{""http_flood"": 9348, ""vuln_scan"": 4749, ""icmp_flood"": 3176, ""tcp_syn_flood"": 1655, ""tcp_ack_flood"": 1654, ""modbus_fdi"": 753, ""port_scan"": 274, ""modbus_abuse"": 152, ""insider_threat"": 73, ""sql_injection"": 44, ""apt_exfil"": 8}"
15,causal,10,"[1, 7, 13, 21, 42, 99, 123, 314, 2024, 2025]",26742.0,0.0,26742.0,26742.0,26742.0,10,0.7348365783691406,0.0,0.7348365783691406,0.7348365783691406,0.7348365783691406,10,0.6508600540972298,0.059476267123854384,0.6533849117329557,0.6083132956688245,0.6934068125256351,10,0.9566992641032295,0.0014723669986219804,0.9573021115847543,0.9556459962026419,0.957752532003817,10,0.4855223652740318,0.06354966917680911,0.48570047325835836,0.44006167055625034,0.5309830599918133,10,0.9975037154356776,0.0006291485200158051,0.9975273455793037,0.997053649697003,0.9979537811743522,10,0.0033140600761528403,0.0006916720241415098,0.0036666196587223,0.002819267717016503,0.0038088524352891777,10,2292.0,0.0,2292.0,2292.0,2292.0,10,4760.0,0.0,4760.0,4760.0,4760.0,10,2293.0,0.0,2293.0,2293.0,2293.0,10,4772.0,0.0,4772.0,4772.0,4772.0,10,"{""vuln_scan"": 8329, ""icmp_flood"": 4605, ""tcp_syn_flood"": 2289, ""tcp_ack_flood"": 2269, ""modbus_fdi"": 1099, ""port_scan"": 403, ""modbus_abuse"": 223, ""apt_exfil"": 211, ""insider_threat"": 177, ""sql_injection"": 46}"
16,causal,10,"[1, 7, 13, 21, 42, 99, 123, 314, 2024, 2025]",26742.0,0.0,26742.0,26742.0,26742.0,10,0.8123924732208252,0.0,0.8123924732208252,0.8123924732208252,0.8123924732208252,10,0.5499983847130447,0.05039029505960208,0.5465705139300551,0.513951339148259,0.5860454302778305,10,0.9601937543435974,0.0023016739978752826,0.9607785818883228,0.9585472359539242,0.9618402727332707,10,0.38145914844649026,0.04734587781881454,0.3767548906789413,0.347589947779558,0.41532834911342253,10,0.9953793341570473,0.0007448153904175856,0.9953965741961999,0.9948465253238388,0.9959121429902558,10,0.0076141120191348995,0.0012944871573139383,0.0071756029499701,0.00668809169146004,0.00854013234680976,10,1561.0,0.0,1561.0,1561.0,1561.0,10,6321.0,0.0,6321.0,6321.0,6321.0,10,1574.0,0.0,1574.0,1574.0,1574.0,10,6346.0,0.0,6346.0,6346.0,6346.0,10,"{""vuln_scan"": 11814, ""icmp_flood"": 4869, ""tcp_syn_flood"": 1558, ""tcp_ack_flood"": 1287, ""modbus_fdi"": 784, ""apt_exfil"": 558, ""port_scan"": 412, ""insider_threat"": 262, ""modbus_abuse"": 123, ""sql_injection"": 58}"
17,causal,10,"[1, 7, 13, 21, 42, 99, 123, 314, 2024, 2025]",26742.0,0.0,26742.0,26742.0,26742.0,10,0.7057811617851257,0.0,0.7057811617851257,0.7057811617851257,0.7057811617851257,10,0.40403912548430787,0.03169961431863021,0.3935614619638569,0.3813625874648692,0.42671566350374657,10,0.8859284838461899,0.035377316305612756,0.875320135846755,0.8606210763122613,0.9112358913801186,10,0.2565433930274451,0.025652462253443344,0.248357528875702,0.23819272699929261,0.2748940590555976,10,0.9567243996432377,0.007517110480551373,0.9558658845589384,0.9513469827480309,0.9621018165384446,10,0.02766903914590742,0.004434476806963796,0.02738942552109805,0.024496805537679127,0.030841272754135715,10,29.0,0.0,29.0,29.0,29.0,10,6350.0,0.0,6350.0,6350.0,6350.0,10,58.0,0.0,58.0,58.0,58.0,10,6404.0,0.0,6404.0,6404.0,6404.0,10,"{""vuln_scan"": 12885, ""icmp_flood"": 4105, ""apt_exfil"": 1021, ""insider_threat"": 480, ""port_scan"": 298, ""sql_injection"": 85}"
18,causal,10,"[1, 7, 13, 21, 42, 99, 123, 314, 2024, 2025]",26742.0,0.0,26742.0,26742.0,26742.0,10,0.0394136570394039,0.0,0.0394136570394039,0.0394136570394039,0.0394136570394039,10,0.2575976815873363,0.22424607463607232,0.19513129186876582,0.09718170345960889,0.41801365971506377,10,0.3753762901529435,0.04178821255142412,0.3924087747030037,0.34548280371611223,0.40526977658977476,10,0.27077798861480074,0.2684505443019173,0.17979127134724854,0.07874003783684033,0.4628159393927611,10,0.2524526646519468,0.19285980953386034,0.21705898598047335,0.1144890680177128,0.39041626128618084,10,0.02771722204920582,0.0072713666327540935,0.0259070383058237,0.022515599712620522,0.03291884438579112,10,39.0,0.0,39.0,39.0,39.0,10,6389.0,0.0,6389.0,6389.0,6389.0,10,78.0,0.0,78.0,78.0,78.0,10,6482.0,0.0,6482.0,6482.0,6482.0,10,"{""apt_exfil"": 604, ""insider_threat"": 386, ""sql_injection"": 64}"
19,causal,10,"[1, 7, 13, 21, 42, 99, 123, 314, 2024, 2025]",26742.0,0.0,26742.0,26742.0,26742.0,10,0.0056091542355716,0.0,0.0056091542355716,0.0056091542355716,0.0056091542355716,10,0.20472562835760474,0.12679642236494815,0.18145731695370199,0.11402093196646584,0.29543032474874364,10,0.16350692742185285,0.02785258832058172,0.16706306391706133,0.14358238601756684,0.18343146882613887,10,0.36933333333333335,0.23530804606559863,0.30333333333333334,0.20100409754984408,0.5376625691168226,10,0.14206506948603959,0.08704333878707503,0.1296993526351324,0.07979801596596126,0.20433212300611792,10,0.01310544524669067,0.003539706231697672,0.01256016847172075,0.010573291948738343,0.015637598544642996,10,25.0,0.0,25.0,25.0,25.0,10,6414.0,0.0,6414.0,6414.0,6414.0,10,53.0,0.0,53.0,53.0,53.0,10,6535.0,0.0,6535.0,6535.0,6535.0,10,"{""insider_threat"": 68, ""sql_injection"": 63, ""apt_exfil"": 19}"
14,fixed,10,"[1, 7, 13, 21, 42, 99, 123, 314, 2024, 2025]",26742.0,0.0,26742.0,26742.0,26742.0,10,0.8184129595756531,0.0,0.8184129595756531,0.8184129595756531,0.8184129595756531,10,0.8436206275789896,0.027078892575995037,0.8467978173045636,0.8242495547687138,0.8629917003892654,10,0.9875485103341923,0.0003462406062556848,0.9876815416032332,0.9873008247253798,0.9877961959430048,10,0.730731974778397,0.03997677592847811,0.7346705656584118,0.7021343120395184,0.7593296375172757,10,0.9993362442655844,0.00017353228408250373,0.9993231064926489,0.9992121067477572,0.9994603817834117,10,0.0021828665568368695,0.0005840759853427468,0.002162273476112,0.0017650437671103147,0.002600689346563424,10,1660.0,0.0,1660.0,1660.0,1660.0,10,2468.0,0.0,2468.0,2468.0,2468.0,10,1659.0,0.0,1659.0,1659.0,1659.0,10,2479.0,0.0,2479.0,2479.0,2479.0,10,"{""http_flood"": 9348, ""vuln_scan"": 4749, ""icmp_flood"": 3176, ""tcp_syn_flood"": 1655, ""tcp_ack_flood"": 1654, ""modbus_fdi"": 753, ""port_scan"": 274, ""modbus_abuse"": 152, ""insider_threat"": 73, ""sql_injection"": 44, ""apt_exfil"": 8}"
15,fixed,10,"[1, 7, 13, 21, 42, 99, 123, 314, 2024, 2025]",26742.0,0.0,26742.0,26742.0,26742.0,10,0.7348365783691406,0.0,0.7348365783691406,0.7348365783691406,0.7348365783691406,10,0.6506949546890304,0.05945371340154154,0.6533158119928774,0.608164330221637,0.6932255791564238,10,0.957082840440832,0.0012975651024092574,0.9573342982523028,0.956154618283877,0.958011062597787,10,0.4853137244923923,0.06349620409247504,0.48562414126507547,0.4398912763919175,0.5307361725928671,10,0.9975879439944872,0.0006637056808721697,0.9976377832469945,0.9971131575521434,0.9980627304368311,10,0.00318713862642783,0.0006818582941557429,0.0032435481596389502,0.0026993665868101425,0.0036749106660455178,10,2292.0,0.0,2292.0,2292.0,2292.0,10,4760.0,0.0,4760.0,4760.0,4760.0,10,2293.0,0.0,2293.0,2293.0,2293.0,10,4772.0,0.0,4772.0,4772.0,4772.0,10,"{""vuln_scan"": 8329, ""icmp_flood"": 4605, ""tcp_syn_flood"": 2289, ""tcp_ack_flood"": 2269, ""modbus_fdi"": 1099, ""port_scan"": 403, ""modbus_abuse"": 223, ""apt_exfil"": 211, ""insider_threat"": 177, ""sql_injection"": 46}"
16,fixed,10,"[1, 7, 13, 21, 42, 99, 123, 314, 2024, 2025]",26742.0,0.0,26742.0,26742.0,26742.0,10,0.8123924732208252,0.0,0.8123924732208252,0.8123924732208252,0.8123924732208252,10,0.5497909150265482,0.05029419344564582,0.5467712225087529,0.5138126164149809,0.5857692136381155,10,0.9619453535843883,0.0018208487687063303,0.9623525755659592,0.960642796842966,0.9632479103258105,10,0.3811875719217491,0.0472129923165021,0.3767548906789413,0.34741343181659945,0.4149617120268988,10,0.9958027484943072,0.0008555661526780916,0.995438309483344,0.9951907133384741,0.9964147836501402,10,0.006876619493721309,0.001207870504464698,0.007075941797887149,0.006012560986834217,0.007740678000608401,10,1561.0,0.0,1561.0,1561.0,1561.0,10,6321.0,0.0,6321.0,6321.0,6321.0,10,1574.0,0.0,1574.0,1574.0,1574.0,10,6346.0,0.0,6346.0,6346.0,6346.0,10,"{""vuln_scan"": 11814, ""icmp_flood"": 4869, ""tcp_syn_flood"": 1558, ""tcp_ack_flood"": 1287, ""modbus_fdi"": 784, ""apt_exfil"": 558, ""port_scan"": 412, ""insider_threat"": 262, ""modbus_abuse"": 123, ""sql_injection"": 58}"
17,fixed,10,"[1, 7, 13, 21, 42, 99, 123, 314, 2024, 2025]",26742.0,0.0,26742.0,26742.0,26742.0,10,0.7057811617851257,0.0,0.7057811617851257,0.7057811617851257,0.7057811617851257,10,0.4037002337601625,0.03159442775581867,0.39358616158066645,0.38109894167484637,0.42630152584547865,10,0.8862710905208415,0.03549291682350262,0.8750376148561794,0.8608809873581066,0.9116611936835765,10,0.256251986860231,0.025547719888335024,0.248357528875702,0.23797624900630643,0.27452772471415554,10,0.9569050003574826,0.007476599019054387,0.955830927460241,0.9515565636160286,0.9622534370989366,10,0.027503812913065518,0.004318476170674036,0.027325876970005,0.024414561161104097,0.03059306466502694,10,29.0,0.0,29.0,29.0,29.0,10,6350.0,0.0,6350.0,6350.0,6350.0,10,58.0,0.0,58.0,58.0,58.0,10,6404.0,0.0,6404.0,6404.0,6404.0,10,"{""vuln_scan"": 12885, ""icmp_flood"": 4105, ""apt_exfil"": 1021, ""insider_threat"": 480, ""port_scan"": 298, ""sql_injection"": 85}"
18,fixed,10,"[1, 7, 13, 21, 42, 99, 123, 314, 2024, 2025]",26742.0,0.0,26742.0,26742.0,26742.0,10,0.0394136570394039,0.0,0.0394136570394039,0.0394136570394039,0.0394136570394039,10,0.2585394277728506,0.22924335515622482,0.1939714707531161,0.09454861051395941,0.4225302450317418,10,0.39173863434573303,0.03486998578483575,0.38673026429926527,0.3667941492034519,0.4166831194880142,10,0.26831119544592025,0.2669668054944873,0.17979127134724854,0.07733464747051158,0.45928774342132894,10,0.25515855058551656,0.20013383351664124,0.21465626736524565,0.111991430661004,0.3983256705100291,10,0.025066178760510687,0.0032773363073561766,0.02471971348489565,0.02272171359985505,0.027410643921166326,10,39.0,0.0,39.0,39.0,39.0,10,6389.0,0.0,6389.0,6389.0,6389.0,10,78.0,0.0,78.0,78.0,78.0,10,6482.0,0.0,6482.0,6482.0,6482.0,10,"{""apt_exfil"": 604, ""insider_threat"": 386, ""sql_injection"": 64}"
19,fixed,10,"[1, 7, 13, 21, 42, 99, 123, 314, 2024, 2025]",26742.0,0.0,26742.0,26742.0,26742.0,10,0.0056091542355716,0.0,0.0056091542355716,0.0056091542355716,0.0056091542355716,10,0.2050842083102975,0.1268424464512018,0.186290952439676,0.11434658827121608,0.2958218283493789,10,0.17354566649060152,0.023479856712970187,0.16830228143842701,0.15674918883977662,0.19034214414142642,10,0.36466666666666664,0.23572425824663432,0.30333333333333334,0.19603969062512436,0.5332936427082089,10,0.14316138545347945,0.08687603244848564,0.13276510241120035,0.08101401567812369,0.2053087552288352,10,0.01182310469314075,0.0018767683764660567,0.012146510228640151,0.010480545474128404,0.013165663912153097,10,25.0,0.0,25.0,25.0,25.0,10,6414.0,0.0,6414.0,6414.0,6414.0,10,53.0,0.0,53.0,53.0,53.0,10,6535.0,0.0,6535.0,6535.0,6535.0,10,"{""insider_threat"": 68, ""sql_injection"": 63, ""apt_exfil"": 19}"
