Attack type,n_seeds,seeds,Train count,train_count_std,train_count_median,train_count_ci_95_low,train_count_ci_95_high,train_count_n,Test count,test_count_std,test_count_median,test_count_ci_95_low,test_count_ci_95_high,test_count_n,Static/Track-B recall,static_trackb_recall_std,static_trackb_recall_median,static_trackb_recall_ci_95_low,static_trackb_recall_ci_95_high,static_trackb_recall_n,Strict temporal recall,strict_temporal_recall_std,strict_temporal_recall_median,strict_temporal_recall_ci_95_low,strict_temporal_recall_ci_95_high,strict_temporal_recall_n,Delta recall,delta_recall_std,delta_recall_median,delta_recall_ci_95_low,delta_recall_ci_95_high,delta_recall_n,config_id,comparison_source
apt_exfil,10,"[1, 7, 13, 21, 42, 99, 123, 314, 2024, 2025]",4.0,0.0,4.0,4.0,4.0,10,2421.0,0.0,2421.0,2421.0,2421.0,10,1.0,0.0,1.0,1.0,1.0,10.0,0.2310615448161916,0.3770427763955807,0.0033044196612969,-0.0386586091247401,0.5007816987571234,10,-0.7689384551838083,0.3770427763955807,-0.9966955803387032,-1.03865860912474,-0.4992183012428766,10.0,418f8dc9a7bbb3a2d7e2e200dc7acf651ce430667ae2b4ec253bbefa73b8ea22,matched_track_b_reference
http_flood,10,"[1, 7, 13, 21, 42, 99, 123, 314, 2024, 2025]",19743.0,0.0,19743.0,19743.0,19743.0,10,9348.0,0.0,9348.0,9348.0,9348.0,10,1.0,0.0,1.0,1.0,1.0,10.0,1.0,0.0,1.0,1.0,1.0,10,0.0,0.0,0.0,0.0,0.0,10.0,418f8dc9a7bbb3a2d7e2e200dc7acf651ce430667ae2b4ec253bbefa73b8ea22,matched_track_b_reference
icmp_flood,10,"[1, 7, 13, 21, 42, 99, 123, 314, 2024, 2025]",1830.0,0.0,1830.0,1830.0,1830.0,10,16755.0,0.0,16755.0,16755.0,16755.0,10,1.0,0.0,1.0,1.0,1.0,10.0,1.0,0.0,1.0,1.0,1.0,10,0.0,0.0,0.0,0.0,0.0,10.0,418f8dc9a7bbb3a2d7e2e200dc7acf651ce430667ae2b4ec253bbefa73b8ea22,matched_track_b_reference
insider_threat,10,"[1, 7, 13, 21, 42, 99, 123, 314, 2024, 2025]",56.0,0.0,56.0,56.0,56.0,10,1446.0,0.0,1446.0,1446.0,1446.0,10,0.9562728764410152,0.0103862519594894,0.955612785941524,0.9488429993746432,0.9637027535073874,10.0,0.2840940525587828,0.2446781840938099,0.4636929460580912,0.1090618238269142,0.4591262812906513,10,-0.6721788238822324,0.2436032775781053,-0.4969000789841579,-0.8464421108148188,-0.4979155369496459,10.0,418f8dc9a7bbb3a2d7e2e200dc7acf651ce430667ae2b4ec253bbefa73b8ea22,matched_track_b_reference
modbus_abuse,10,"[1, 7, 13, 21, 42, 99, 123, 314, 2024, 2025]",98.0,0.0,98.0,98.0,98.0,10,498.0,0.0,498.0,498.0,498.0,10,0.0,0.0,0.0,0.0,0.0,10.0,0.0,0.0,0.0,0.0,0.0,10,0.0,0.0,0.0,0.0,0.0,10.0,418f8dc9a7bbb3a2d7e2e200dc7acf651ce430667ae2b4ec253bbefa73b8ea22,matched_track_b_reference
modbus_fdi,10,"[1, 7, 13, 21, 42, 99, 123, 314, 2024, 2025]",298.0,0.0,298.0,298.0,298.0,10,2636.0,0.0,2636.0,2636.0,2636.0,10,0.9624785932033528,0.0077333854351214,0.9625804235284092,0.9569464625258056,0.9680107238808998,10.0,0.5646054628224582,0.4859756423911189,0.9355083459787557,0.2169594309044411,0.9122514947404752,10,-0.3978731303808945,0.4900146332110028,-0.0301740409656594,-0.7484084822750676,-0.0473377784867214,10.0,418f8dc9a7bbb3a2d7e2e200dc7acf651ce430667ae2b4ec253bbefa73b8ea22,matched_track_b_reference
port_scan,10,"[1, 7, 13, 21, 42, 99, 123, 314, 2024, 2025]",174.0,0.0,174.0,174.0,174.0,10,1387.0,0.0,1387.0,1387.0,1387.0,10,0.9719714685024614,0.0158268187387817,0.9677559082403494,0.960649644418128,0.9832932925867948,10.0,0.8875270367700072,0.2427484342097248,0.9668348954578226,0.7138752679445151,1.0611788055954994,10,-0.0844444317324542,0.2384476647342872,-0.0156000054881033,-0.2550196154127043,0.0861307519477958,10.0,418f8dc9a7bbb3a2d7e2e200dc7acf651ce430667ae2b4ec253bbefa73b8ea22,matched_track_b_reference
sql_injection,10,"[1, 7, 13, 21, 42, 99, 123, 314, 2024, 2025]",23.0,0.0,23.0,23.0,23.0,10,360.0,0.0,360.0,360.0,360.0,10,1.0,0.0,1.0,1.0,1.0,10.0,0.4961111111111111,0.4465617007063222,0.4805555555555555,0.1766601145688384,0.8155621076533838,10,-0.5038888888888888,0.4465617007063222,-0.5194444444444444,-0.8233398854311614,-0.1844378923466162,10.0,418f8dc9a7bbb3a2d7e2e200dc7acf651ce430667ae2b4ec253bbefa73b8ea22,matched_track_b_reference
tcp_ack_flood,10,"[1, 7, 13, 21, 42, 99, 123, 314, 2024, 2025]",956.0,0.0,956.0,956.0,956.0,10,5210.0,0.0,5210.0,5210.0,5210.0,10,1.0,0.0,1.0,1.0,1.0,10.0,0.9924760076775432,0.00307474714848,0.9941458733205376,0.9902764660707644,0.994675549284322,10,-0.0075239923224567,0.00307474714848,-0.0058541266794625,-0.0097235339292355,-0.0053244507156779,10.0,418f8dc9a7bbb3a2d7e2e200dc7acf651ce430667ae2b4ec253bbefa73b8ea22,matched_track_b_reference
tcp_syn_flood,10,"[1, 7, 13, 21, 42, 99, 123, 314, 2024, 2025]",784.0,0.0,784.0,784.0,784.0,10,5502.0,0.0,5502.0,5502.0,5502.0,10,,,,,,,0.6612504543802253,0.3997141086556141,0.9404761904761904,0.3753122063395231,0.9471887024209276,10,,,,,,,418f8dc9a7bbb3a2d7e2e200dc7acf651ce430667ae2b4ec253bbefa73b8ea22,matched_track_b_reference
vuln_scan,10,"[1, 7, 13, 21, 42, 99, 123, 314, 2024, 2025]",3093.0,0.0,3093.0,3093.0,3093.0,10,37777.0,0.0,37777.0,37777.0,37777.0,10,0.0109963353799013,0.001400230850387,0.010742692979818,0.0099946705711237,0.0119980001886788,10.0,0.005921592503375,0.0004114253404121,0.0058765915768853,0.0056272765448198,0.0062159084619301,10,-0.0050747428765262,0.0016073951856387,-0.004702422372893,-0.0062246041231969,-0.0039248816298556,10.0,418f8dc9a7bbb3a2d7e2e200dc7acf651ce430667ae2b4ec253bbefa73b8ea22,matched_track_b_reference
